rebrickable_fig_num,bricklink_minifig_id,match_score,trusted
fig-000306,scaFemA05,85.5,yes
fig-000775,x30,85.5,yes
fig-000657,aqu001,100.0,yes
fig-000034,aqu002,100.0,yes
fig-002312,aqu003,100.0,yes
fig-000848,aqu004,100.0,yes
fig-000260,aqu005,100.0,yes
fig-005774,aqu006,100.0,yes
fig-005773,aqu007,100.0,yes
fig-000356,aqu008,100.0,yes
fig-006324,aqu009,90.0,yes
fig-002331,aqu010,72.0,no
fig-016456,aqu011,90.0,yes
fig-002750,aqu012,90.0,yes
fig-002750,aqu013,90.0,yes
fig-002750,aqu014,90.0,yes
fig-000010,cas004,85.5,yes
fig-000010,cas006,85.5,yes
fig-000010,cas008,85.5,yes
fig-000005,cas009,85.5,yes
fig-000010,cas010,85.5,yes
fig-006546,cas011,90.0,yes
fig-004420,cas012,90.0,yes
fig-000004,cas013,85.5,yes
fig-000004,cas014,85.5,yes
fig-000004,cas015,85.5,yes
fig-000004,cas016,85.5,yes
fig-000004,cas017,85.5,yes
fig-000004,cas018,85.5,yes
fig-008777,cas019,90.0,yes
fig-002072,cas022,90.0,yes
fig-002072,cas023,90.0,yes
fig-002072,cas026,90.0,yes
fig-002072,cas027,90.0,yes
fig-002072,cas029,90.0,yes
fig-002072,cas030,90.0,yes
fig-002072,cas032,90.0,yes
fig-000004,cas033,85.5,yes
fig-000061,cas034,85.5,yes
fig-006546,cas035,90.0,yes
fig-000007,cas036,85.5,yes
fig-006546,cas037,90.0,yes
fig-006546,cas039,90.0,yes
fig-007670,cas041,86.0,yes
fig-007739,cas042,85.7,yes
fig-000760,cas043,86.6,yes
fig-006546,cas044,90.0,yes
fig-000010,cas045,85.5,yes
fig-000004,cas046,85.5,yes
fig-012094,cas048,90.0,yes
fig-012094,cas049,90.0,yes
fig-012094,cas050,90.0,yes
fig-012094,cas051,90.0,yes
fig-012094,cas052,90.0,yes
fig-012094,cas053,90.0,yes
fig-001344,cas054,90.0,yes
fig-001344,cas055,90.0,yes
fig-012094,cas056,90.0,yes
fig-012094,cas057,90.0,yes
fig-012094,cas058,90.0,yes
fig-006546,cas059,90.0,yes
fig-006546,cas060,90.0,yes
fig-000007,cas061,85.5,yes
fig-006546,cas063,90.0,yes
fig-006546,cas064,90.0,yes
fig-000010,cas065,85.5,yes
fig-000010,cas066,85.5,yes
fig-000003,cas067,85.5,yes
fig-004420,cas072,90.0,yes
fig-004420,cas073,90.0,yes
fig-000004,lom001,85.5,yes
fig-000005,lom002,85.5,yes
fig-000007,lom003,85.5,yes
fig-006974,lom004,90.0,yes
fig-006974,lom005,90.0,yes
fig-006974,lom006,90.0,yes
fig-006974,lom007,90.0,yes
fig-006974,lom008,90.0,yes
fig-006974,lom009,90.0,yes
fig-006974,lom010,90.0,yes
fig-006974,lom011,90.0,yes
fig-006974,lom012,90.0,yes
fig-000061,lom013,85.5,yes
fig-000061,lom014,85.5,yes
fig-000053,lom015,85.5,yes
fig-000053,lom016,85.5,yes
fig-000053,lom017,85.5,yes
fig-004556,pi001,90.0,yes
fig-005293,pi004,86.9,yes
fig-000382,pi005,86.2,yes
fig-000003,pi006,85.5,yes
fig-000004,pi008,85.5,yes
fig-000003,pi009,85.5,yes
fig-004724,pi010,85.7,yes
fig-005206,pi012,89.5,yes
fig-000010,pi013,85.5,yes
fig-004725,pi014,86.1,yes
fig-000011,pi015,85.5,yes
fig-000011,pi016,85.5,yes
fig-000003,pi017,85.5,yes
fig-000003,pi018,85.5,yes
fig-000003,pi019,85.5,yes
fig-000003,pi020,85.5,yes
fig-000003,pi021,85.5,yes
fig-000004,pi022,85.5,yes
fig-000004,pi023,85.5,yes
fig-005219,pi024,86.2,yes
fig-000004,pi025,85.5,yes
fig-000004,pi026,85.5,yes
fig-001119,adv001,100.0,yes
fig-002227,adv002,90.0,yes
fig-000464,adv003,90.0,yes
fig-000464,adv004,90.0,yes
fig-000464,adv005,90.0,yes
fig-000631,adv006,90.0,yes
fig-002252,adv008,93.3,yes
fig-000195,adv009,100.0,yes
fig-000359,adv010,100.0,yes
fig-011034,adv012,90.0,yes
fig-000628,adv014,100.0,yes
fig-000821,adv015,90.0,yes
fig-000821,adv016,90.0,yes
fig-000821,adv018,90.0,yes
fig-002230,adv019,100.0,yes
fig-000369,adv020,90.0,yes
fig-000526,adv021,100.0,yes
fig-000166,adv023,85.5,yes
fig-005126,pi027,90.9,yes
fig-000297,pi028,90.7,yes
fig-005140,pi029,90.9,yes
fig-005142,pi030,90.6,yes
fig-005126,pi031,86.2,yes
fig-005139,pi032,90.6,yes
fig-000010,pi033,85.5,yes
fig-000010,pi034,85.5,yes
fig-005523,pi035,86.2,yes
fig-000004,pi036,85.5,yes
fig-000004,pi037,85.5,yes
fig-000003,pi038,85.5,yes
fig-000003,pi039,85.5,yes
fig-000003,pi040,85.5,yes
fig-000003,pi041,85.5,yes
fig-000003,pi042,85.5,yes
fig-000003,pi043,85.5,yes
fig-005153,pi044,85.7,yes
fig-000003,pi045,85.5,yes
fig-000003,pi046,85.5,yes
fig-005537,pi047,97.8,yes
fig-000010,pi048,85.5,yes
fig-000010,pi049,85.5,yes
fig-000004,pi050,85.5,yes
fig-005539,pi051,97.7,yes
fig-005540,pi052,97.6,yes
fig-000004,pi053,85.5,yes
fig-000004,pi054,85.5,yes
fig-005307,pi055,90.0,yes
fig-005534,pi056,91.1,yes
fig-005528,pi057,97.4,yes
fig-005534,pi058,97.4,yes
fig-000915,pi060,90.0,yes
fig-000137,pi061,90.0,yes
fig-000004,pi062,85.5,yes
fig-000053,pi063,85.5,yes
fig-000053,pi064,85.5,yes
fig-004556,pi065,90.0,yes
fig-005499,pi066,90.9,yes
fig-000184,pi068,85.5,yes
fig-000010,pi069,85.5,yes
fig-005502,pi070,89.7,yes
fig-000138,rck001,94.7,yes
fig-001149,rck002,100.0,yes
fig-000357,rck003,100.0,yes
fig-000690,rck004,94.5,yes
fig-000693,rck005,100.0,yes
fig-000061,sp001,90.0,yes
fig-000061,sp002,85.7,yes
fig-000010,sp003,85.5,yes
fig-000019,sp004,85.5,yes
fig-000027,sp005,85.5,yes
fig-000003,sp006,85.5,yes
fig-000030,sp007,85.5,yes
fig-000010,sp008,85.5,yes
fig-000482,sp009,90.0,yes
fig-006954,sp010,96.8,yes
fig-006954,sp011,90.0,yes
fig-000005,sp012,85.5,yes
fig-000004,sp013,85.5,yes
fig-010418,sp014,95.0,yes
fig-000007,sp015,85.5,yes
fig-000007,sp016,85.5,yes
fig-000061,sp017,85.5,yes
fig-000007,sp018,85.5,yes
fig-000007,sp019,85.5,yes
fig-000004,sp020,85.5,yes
fig-000286,sp021,90.0,yes
fig-000005,sp022,85.5,yes
fig-000004,sp023,85.5,yes
fig-000005,sp024,85.5,yes
fig-000764,sp025,90.0,yes
fig-000005,sp026,85.5,yes
fig-000764,sp027,90.0,yes
fig-000004,sp028,85.5,yes
fig-000004,sp029,85.5,yes
fig-000764,sp030,90.0,yes
fig-009479,sp032,90.0,yes
fig-000065,sp033,90.0,yes
fig-005033,sp035,90.0,yes
fig-000070,sp036,92.9,yes
fig-000749,sp037,95.0,yes
fig-000749,sp038,90.0,yes
fig-000114,sp039,100.0,yes
fig-000756,sp040,100.0,yes
fig-000114,sp041,90.0,yes
fig-000007,sp042,85.5,yes
fig-009479,sp043,90.0,yes
fig-009479,sp044,90.0,yes
fig-000007,sp045,85.5,yes
fig-000005,sp046,85.5,yes
fig-000004,sp047,85.5,yes
fig-006952,sp048,100.0,yes
fig-006953,sp049,100.0,yes
fig-000020,sw0002,85.5,yes
fig-000010,sw0003,85.5,yes
fig-000010,sw0004,85.5,yes
fig-000007,sw0005,85.5,yes
fig-003644,sw0006,100.0,yes
fig-003703,sw0007,85.5,yes
fig-000010,sw0008,85.5,yes
fig-000032,sw0009,85.5,yes
fig-003509,sw0010,93.6,yes
fig-000997,sw0011,90.9,yes
fig-000010,sw0012,85.5,yes
fig-000137,sw0013,85.5,yes
fig-009690,sw0014,90.0,yes
fig-000003,sw0015,85.5,yes
fig-000010,sw0016,85.5,yes
fig-003613,sw0017,90.0,yes
fig-015024,sw0018,90.0,yes
fig-000005,sw0019,85.5,yes
fig-015024,sw0020,90.0,yes
fig-000144,sw0021,85.5,yes
fig-001096,sw0022,90.0,yes
fig-000005,sw0023,85.5,yes
fig-000005,sw0024,85.5,yes
fig-002557,sw0025,64.3,no
fig-002522,sw0026,90.0,yes
fig-016016,sw0027,90.0,yes
fig-003541,sw0028,95.5,yes
fig-003858,sw0029,85.9,yes
fig-000190,sw0030,85.5,yes
fig-015317,sw0031,90.0,yes
fig-015317,sw0032,90.0,yes
fig-000007,sw0033,85.5,yes
fig-000053,sw0034,85.5,yes
fig-000510,ww001,85.5,yes
fig-002037,ww002,90.0,yes
fig-002037,ww003,90.0,yes
fig-002037,ww004,90.0,yes
fig-004374,ww005,100.0,yes
fig-004374,ww006,90.0,yes
fig-001149,ww007,90.0,yes
fig-000007,ww008,85.5,yes
fig-001149,ww010,90.0,yes
fig-001149,ww011,95.0,yes
fig-002168,ww012,69.2,no
fig-000040,ww013,85.5,yes
fig-000004,ww014,85.5,yes
fig-000004,ww016,85.5,yes
fig-000734,ww017,90.0,yes
fig-000010,ww018,85.5,yes
fig-001211,ww019,100.0,yes
fig-012640,ww020,90.9,yes
fig-001316,ww021,90.0,yes
fig-000007,chef007,85.5,yes
fig-000010,par002,85.5,yes
fig-000003,par003,85.5,yes
fig-000010,par004,85.5,yes
fig-000003,par005,85.5,yes
fig-000010,par006,85.5,yes
fig-000003,par007,85.5,yes
fig-000010,par008,85.5,yes
fig-000004,par009,85.5,yes
fig-000004,par010,85.5,yes
fig-000004,par017a,85.5,yes
fig-000003,par012,85.5,yes
fig-000004,par013,85.5,yes
fig-000010,par014,85.5,yes
fig-000010,par015,85.5,yes
fig-000003,par016,85.5,yes
fig-000004,par017,85.5,yes
fig-000003,par018,85.5,yes
fig-000010,par019,85.5,yes
fig-000010,par020,85.5,yes
fig-000010,par021,85.5,yes
fig-000005,par022,85.5,yes
fig-000005,par023,85.5,yes
fig-000003,par024,85.5,yes
fig-000004,par025,85.5,yes
fig-000003,par026,85.5,yes
fig-000004,par027,85.5,yes
fig-000004,par028,85.5,yes
fig-000004,par029,85.5,yes
fig-000010,par030,85.5,yes
fig-000003,par031,85.5,yes
fig-000004,par032,85.5,yes
fig-000010,par033,85.5,yes
fig-000003,par034,85.5,yes
fig-008707,par035,88.4,yes
fig-000004,par036,85.5,yes
fig-000066,wtr001,90.0,yes
fig-005817,wtr003,90.0,yes
fig-000004,tim001,85.5,yes
fig-000005,tim002,85.5,yes
fig-005138,tim003,90.0,yes
fig-000010,tim004,85.5,yes
fig-000004,arc001,85.5,yes
fig-000010,arc002,85.5,yes
fig-001051,arc003,90.9,yes
fig-000116,arc004,91.0,yes
fig-000010,arc005,85.5,yes
fig-000010,arc006,85.5,yes
fig-000053,arc007,85.5,yes
fig-000053,arc008,85.5,yes
fig-000007,arc009,85.5,yes
fig-005921,div001,90.0,yes
fig-005921,div002,90.0,yes
fig-012400,div003,90.0,yes
fig-000007,div004,85.5,yes
fig-000007,div005,85.5,yes
fig-000010,div007,85.5,yes
fig-000003,div008,85.5,yes
fig-000004,div009,85.5,yes
fig-001327,div010,90.0,yes
fig-000005,div011,85.5,yes
fig-000003,div012,85.5,yes
fig-001327,div013,90.0,yes
fig-000010,div014,85.5,yes
fig-000004,div015,85.5,yes
fig-000004,div016,85.5,yes
fig-000003,div018,85.5,yes
fig-001327,div020,90.0,yes
fig-000003,ext001,85.5,yes
fig-000019,ext002,85.5,yes
fig-000010,ext003,85.5,yes
fig-000007,ext004,85.5,yes
fig-000004,ext005,85.5,yes
fig-000004,ext006,85.5,yes
fig-000004,ext007,85.5,yes
fig-000003,oct013,85.5,yes
fig-000003,oct015,85.5,yes
fig-000007,ext010,85.5,yes
fig-000003,ext011,85.5,yes
fig-000003,ext012,85.5,yes
fig-000029,rsq002,85.5,yes
fig-000010,rsq003,85.5,yes
fig-000007,rsq004,85.5,yes
fig-000004,rsq005,85.5,yes
fig-000004,rsq006,85.5,yes
fig-001327,rsq007,90.0,yes
fig-000007,rsq008,85.5,yes
fig-000007,rsq009,85.5,yes
fig-000004,rsq010,85.5,yes
fig-001014,spp001,90.0,yes
fig-000003,spp002,85.5,yes
fig-001014,spp003,90.0,yes
fig-001014,splc002,90.0,yes
fig-000003,spp005,85.5,yes
fig-001014,spp006,90.0,yes
fig-000027,spp007,85.5,yes
fig-000003,spp008,85.5,yes
fig-000003,spp009,85.5,yes
fig-000003,spp010,85.5,yes
fig-000962,spp011,90.0,yes
fig-005508,spp012,90.0,yes
fig-000019,twn002,85.5,yes
fig-000010,twn004,85.5,yes
fig-005921,twn005,90.0,yes
fig-000003,twn006,85.5,yes
fig-000005,twn008,85.5,yes
fig-005327,twn009,90.0,yes
fig-005327,twn010,90.0,yes
fig-000001,trn045,85.5,yes
fig-000001,trn046,85.5,yes
fig-000003,trn047,85.5,yes
fig-000003,trn048,85.5,yes
fig-000003,trn049,85.5,yes
fig-000003,trn050,85.5,yes
fig-000003,trn051,85.5,yes
fig-000007,trn052,85.5,yes
fig-000003,trn053,85.5,yes
fig-000003,trn054,85.5,yes
fig-000003,trn055,85.5,yes
fig-000003,trn056,85.5,yes
fig-000003,trn057,85.5,yes
fig-000003,trn058,85.5,yes
fig-000001,trn059,85.5,yes
fig-000001,trn060,85.5,yes
fig-000001,trn061,85.5,yes
fig-000486,trn062,85.5,yes
fig-001949,trn063,85.5,yes
fig-000010,trn064,85.5,yes
fig-000038,trn065,85.5,yes
fig-004942,chef005,95.0,yes
fig-000010,chef004,85.5,yes
fig-000004,chef006,85.5,yes
fig-000005,trn005,85.5,yes
fig-000003,trn006,85.5,yes
fig-000010,trn007,85.5,yes
fig-000010,trn008,85.5,yes
fig-000004,trn009,85.5,yes
fig-000004,trn010,85.5,yes
fig-000003,trn011,85.5,yes
fig-000003,trn012,85.5,yes
fig-000003,trn013,85.5,yes
fig-000005,trn014,85.5,yes
fig-000004,trn015,85.5,yes
fig-000003,trn016,85.5,yes
fig-000003,trn017,85.5,yes
fig-000010,trn018,85.5,yes
fig-000010,trn019,85.5,yes
fig-004932,trn020,88.8,yes
fig-004792,trn021,88.5,yes
fig-004906,trn022,88.7,yes
fig-000004,trn023,85.5,yes
fig-000010,bnk001,85.5,yes
fig-000005,trn025,85.5,yes
fig-000010,trn026,85.5,yes
fig-000005,trn027,85.5,yes
fig-000005,trn028,85.5,yes
fig-000004,trn029,85.5,yes
fig-000003,trn030,85.5,yes
fig-000003,trn031,85.5,yes
fig-000003,trn032,85.5,yes
fig-000003,trn033,85.5,yes
fig-001482,trn034,89.9,yes
fig-000010,trn035,85.5,yes
fig-000010,trn036,85.5,yes
fig-000004,trn037,85.5,yes
fig-000004,trn038,85.5,yes
fig-000004,trn039,85.5,yes
fig-000007,trn040,85.5,yes
fig-000005,oct014,85.5,yes
fig-000715,oct012,92.5,yes
fig-001316,trn043,90.0,yes
fig-000004,cop011,85.5,yes
fig-000061,gen001,85.5,yes
fig-000898,sw0035,90.0,yes
fig-000005,sw0065,85.5,yes
fig-000005,cas075,85.5,yes
fig-000010,gen002,85.5,yes
fig-005025,sw0036,90.0,yes
fig-000004,cas074,85.5,yes
fig-000005,cas076,85.5,yes
fig-000007,cas109,85.5,yes
fig-000004,cas166,85.5,yes
fig-000004,cas168,85.5,yes
fig-000004,cas170,85.5,yes
fig-000004,cas172,85.5,yes
fig-006546,cas077,90.0,yes
fig-000007,fab1a,85.5,yes
fig-000003,fab1b,85.5,yes
fig-000004,fab1c,85.5,yes
fig-000004,fab2a,85.5,yes
fig-000003,fab2b,85.5,yes
fig-000003,fab2c,85.5,yes
fig-000003,fab2d,85.5,yes
fig-000004,fab2f,85.5,yes
fig-000004,fab2g,85.5,yes
fig-000003,fab2h,85.5,yes
fig-000004,fab3a,85.5,yes
fig-000003,fab3b,85.5,yes
fig-000003,fab3d,85.5,yes
fig-000004,fab3e,85.5,yes
fig-000003,fab3g,85.5,yes
fig-000003,fab3h,85.5,yes
fig-000053,fab4a,85.5,yes
fig-000072,fab4b,85.5,yes
fig-000027,fab4c,85.5,yes
fig-000004,fab4d,85.5,yes
fig-013294,fab4e,90.0,yes
fig-000003,fab4f,85.5,yes
fig-000007,fab4g,85.5,yes
fig-000004,fab5a,85.5,yes
fig-000004,fab5b,85.5,yes
fig-000004,fab5d,85.5,yes
fig-000010,fab5e,85.5,yes
fig-000005,fab5f,85.5,yes
fig-000003,fab5g,85.5,yes
fig-000010,fab5h,85.5,yes
fig-000005,fab6f,85.5,yes
fig-000005,fab6b,85.5,yes
fig-000007,fab6c,85.5,yes
fig-000004,fab6d,85.5,yes
fig-000019,fab7a,85.5,yes
fig-000059,fab7b,85.5,yes
fig-002191,fab7c,85.5,yes
fig-000003,fab7d,85.5,yes
fig-000061,fab7e,85.5,yes
fig-000005,fab7f,85.5,yes
fig-000003,fab7g,85.5,yes
fig-000004,fab8a,85.5,yes
fig-000004,fab8b,85.5,yes
fig-000004,fab8d,85.5,yes
fig-000003,fab8e,85.5,yes
fig-000005,fab8g,85.5,yes
fig-000003,fab8h,85.5,yes
fig-000003,fab8i,85.5,yes
fig-000004,fab9a,85.5,yes
fig-000004,fab9b,85.5,yes
fig-000007,fab9c,85.5,yes
fig-000003,fab9g,85.5,yes
fig-013679,fab10a,90.0,yes
fig-000003,fab10b,85.5,yes
fig-000007,fab10c,85.5,yes
fig-000005,fab11a,85.5,yes
fig-000003,fab11f,85.5,yes
fig-000004,fab12a,85.5,yes
fig-000003,fab12c,85.5,yes
fig-000004,fab12d,85.5,yes
fig-000004,fab12e,85.5,yes
fig-000004,fab12f,85.5,yes
fig-004420,cas078,90.0,yes
fig-006546,cas079,90.0,yes
fig-000005,cas081s,85.5,yes
fig-000005,cas082s,85.5,yes
fig-000003,cas083s,85.5,yes
fig-000003,cas084s,85.5,yes
fig-000004,cas085s,85.5,yes
fig-000005,cas086s,85.5,yes
fig-000005,cas087s,85.5,yes
fig-000005,cas088s,85.5,yes
fig-000004,cas089,85.5,yes
fig-004420,cas090,90.0,yes
fig-006789,cas091,100.0,yes
fig-000644,cas092,100.0,yes
fig-006791,cas093,100.0,yes
fig-000004,cas095,85.5,yes
fig-006747,cas096,95.0,yes
fig-000020,cas097,85.5,yes
fig-000005,cas098,85.5,yes
fig-000004,cas099,85.5,yes
fig-004420,cas100,90.0,yes
fig-000004,cas101,85.5,yes
fig-000004,cas102,85.5,yes
fig-000004,cas103,85.5,yes
fig-004420,cas104,90.0,yes
fig-000004,cas105,85.5,yes
fig-004420,cas106,90.0,yes
fig-000004,cas107,85.5,yes
fig-000004,cas108,85.5,yes
fig-000004,cas115,85.5,yes
fig-004420,cas117,90.0,yes
fig-004420,cas125,90.0,yes
fig-000004,cas110,85.5,yes
fig-000004,cas111,85.5,yes
fig-000004,cas112,85.5,yes
fig-000004,cas113,85.5,yes
fig-004566,cas114,86.3,yes
fig-000004,cas116,85.5,yes
fig-004420,cas118,90.0,yes
fig-000004,cas119,85.5,yes
fig-000004,cas120,85.5,yes
fig-006554,cas121,91.7,yes
fig-004420,cas122,90.0,yes
fig-004420,cas123,90.0,yes
fig-000003,cas124,85.5,yes
fig-006857,cas126,85.6,yes
fig-004420,cas127,90.0,yes
fig-000027,cas128,85.5,yes
fig-004420,cas129,90.0,yes
fig-004420,cas130,90.0,yes
fig-004420,cas131,90.0,yes
fig-004420,cas132,90.0,yes
fig-000027,cas133,85.5,yes
fig-004420,cas134,90.0,yes
fig-006871,cas135,87.5,yes
fig-000032,cas136,85.5,yes
fig-000027,cas137,85.5,yes
fig-006871,cas138,87.3,yes
fig-000027,cas139,85.5,yes
fig-004420,cas140,90.0,yes
fig-000004,cas141,85.5,yes
fig-000004,cas142,85.5,yes
fig-004420,cas143,90.0,yes
fig-000004,cas144,85.5,yes
fig-000003,cas145,85.5,yes
fig-000004,cas147,85.5,yes
fig-000004,cas148,85.5,yes
fig-000004,cas149,85.5,yes
fig-000004,cas150,85.5,yes
fig-004420,cas151,90.0,yes
fig-000251,cas152,86.8,yes
fig-000004,cas153,85.5,yes
fig-000004,cas154,85.5,yes
fig-000004,cas155,85.5,yes
fig-000004,cas157,85.5,yes
fig-000004,cas158,85.5,yes
fig-000004,cas159,85.5,yes
fig-000004,cas160,85.5,yes
fig-000004,cas161,85.5,yes
fig-000004,cas162,85.5,yes
fig-000004,cas164,85.5,yes
fig-000003,cas167,85.5,yes
fig-000007,cas169,85.5,yes
fig-000007,cas171,85.5,yes
fig-000004,cas173,85.5,yes
fig-000003,con001,85.5,yes
fig-000003,con002,85.5,yes
fig-000003,con003,85.5,yes
fig-000376,stu001,95.1,yes
fig-000129,stu002,100.0,yes
fig-006394,stu003,100.0,yes
fig-000301,stu005,90.0,yes
fig-000821,stu006,90.0,yes
fig-006691,stu008,88.3,yes
fig-000003,fire001,85.5,yes
fig-000004,fire002,85.5,yes
fig-000003,fire003,85.5,yes
fig-000003,fire004,85.5,yes
fig-001311,sw0038,91.4,yes
fig-003769,sw0980,100.0,yes
fig-002306,alp001,100.0,yes
fig-002428,alp002,100.0,yes
fig-002433,alp003,100.0,yes
fig-000096,alp004,100.0,yes
fig-002307,alp005,100.0,yes
fig-003449,alp007,100.0,yes
fig-000004,cas176,85.5,yes
fig-004420,cas178,90.0,yes
fig-000004,cas174,85.5,yes
fig-000004,cas175,85.5,yes
fig-000004,cas177,85.5,yes
fig-000004,cas179,85.5,yes
fig-000004,cas180,85.5,yes
fig-000004,cas181,85.5,yes
fig-000004,cas182,85.5,yes
fig-000004,cas183,85.5,yes
fig-000004,cas184,85.5,yes
fig-000004,cas185,85.5,yes
fig-000004,cas186,85.5,yes
fig-000004,cas187,85.5,yes
fig-000004,cas188,85.5,yes
fig-000004,cas189,85.5,yes
fig-000003,cas190,85.5,yes
fig-000004,cas191,85.5,yes
fig-000004,cas192,85.5,yes
fig-000004,cas193,85.5,yes
fig-000004,cas194,85.5,yes
fig-000004,cas195,85.5,yes
fig-000004,cas197,85.5,yes
fig-000004,cas198,85.5,yes
fig-000004,cas199,85.5,yes
fig-000004,cas200,85.5,yes
fig-000004,cas201,85.5,yes
fig-000003,firec001,85.5,yes
fig-000010,firec002,85.5,yes
fig-006691,firec003,88.3,yes
fig-000010,firec004,85.5,yes
fig-000003,firec005,85.5,yes
fig-000010,post001,85.5,yes
fig-000010,jail001,85.5,yes
fig-000003,firec006,85.5,yes
fig-000003,firec007,85.5,yes
fig-000003,cop001,85.5,yes
fig-001316,cop002,90.0,yes
fig-000003,cop003,85.5,yes
fig-006691,cop004,88.3,yes
fig-006691,cop005,86.7,yes
fig-001316,cop006,90.0,yes
fig-000003,cop007,85.5,yes
fig-000003,cop008,85.5,yes
fig-000003,cop009,85.5,yes
fig-000003,cop010,85.5,yes
fig-000010,air001,85.5,yes
fig-000004,doc001,85.5,yes
fig-000003,doc002,85.5,yes
fig-000003,doc003,85.5,yes
fig-010487,tech001,88.6,yes
fig-000005,mck004,85.5,yes
fig-000005,mck001,85.5,yes
fig-000007,hp011,85.5,yes
fig-006049,hp012,87.1,yes
fig-000032,hp008,85.5,yes
fig-000032,hp009,85.5,yes
fig-006050,hp010,100.0,yes
fig-016076,hp005,90.0,yes
fig-000005,hp001,85.5,yes
fig-014765,hp006,89.3,yes
fig-000004,hp007,85.5,yes
fig-000004,hp002,85.5,yes
fig-016076,hp004,90.0,yes
fig-004556,sw0040,90.0,yes
fig-000010,sw0041,85.5,yes
fig-006691,rac001,88.3,yes
fig-000020,rac002,85.5,yes
fig-006691,rac003,88.3,yes
fig-006691,rac004,88.3,yes
fig-000007,air017,85.5,yes
fig-000429,bikerb,100.0,yes
fig-000003,cop012,85.5,yes
fig-000003,doc004,85.5,yes
fig-000003,doc005,85.5,yes
fig-000007,doc006,85.5,yes
fig-000003,doc008,85.5,yes
fig-009468,doc007,86.0,yes
fig-000003,cop013,85.5,yes
fig-000010,post002,85.5,yes
fig-000005,oct001,85.5,yes
fig-000003,oct002,85.5,yes
fig-000010,exx001,85.5,yes
fig-000004,exx002,85.5,yes
fig-000010,hgh001,85.5,yes
fig-000010,shell001,85.5,yes
fig-000010,shell002,85.5,yes
fig-000010,doc009,85.5,yes
fig-000898,air002,90.0,yes
fig-000003,doc010,85.5,yes
fig-000003,air003,85.5,yes
fig-000010,air004,85.5,yes
fig-000003,cop014s,85.5,yes
fig-000010,air005,85.5,yes
fig-000010,air006,85.5,yes
fig-000005,cop015,85.5,yes
fig-000010,air007,85.5,yes
fig-000010,air008,85.5,yes
fig-000010,air009,85.5,yes
fig-000004,air010,85.5,yes
fig-000003,shell003,85.5,yes
fig-000010,air011,85.5,yes
fig-000003,air012,85.5,yes
fig-000038,boat001,85.5,yes
fig-000003,boat002,85.5,yes
fig-000003,boat003,85.5,yes
fig-000010,firec008,85.5,yes
fig-000003,hgh002,85.5,yes
fig-000003,doc011,85.5,yes
fig-000010,shell004,85.5,yes
fig-007983,soc001,87.7,yes
fig-000176,soc002,90.0,yes
fig-000176,soc003,90.0,yes
fig-000004,soc004,85.5,yes
fig-000004,soc005,85.5,yes
fig-000004,soc006,85.5,yes
fig-000005,soc007,85.5,yes
fig-000176,soc008,90.0,yes
fig-000315,soc009,105.5,yes
fig-000315,soc010,105.5,yes
fig-000176,soc011,90.0,yes
fig-000176,soc012,90.0,yes
fig-000176,soc013,90.0,yes
fig-000176,soc015,90.0,yes
fig-000315,soc016,105.5,yes
fig-000315,soc017,105.5,yes
fig-000176,soc018,90.0,yes
fig-000176,soc019,90.0,yes
fig-000176,soc020,90.0,yes
fig-000176,soc021,90.0,yes
fig-000315,soc022,105.5,yes
fig-000315,soc023,105.5,yes
fig-000176,soc024,90.0,yes
fig-000176,soc025,90.0,yes
fig-000176,soc026,90.0,yes
fig-000176,soc027,90.0,yes
fig-000315,soc028,105.5,yes
fig-000315,soc029,105.5,yes
fig-000176,soc030,90.0,yes
fig-000176,soc031,90.0,yes
fig-000176,soc032,90.0,yes
fig-000176,soc033,90.0,yes
fig-000315,soc034,105.5,yes
fig-000315,soc035,105.5,yes
fig-000176,soc036,90.0,yes
fig-000176,soc038,90.0,yes
fig-000176,soc039,90.0,yes
fig-000176,soc040,90.0,yes
fig-000176,soc041,90.0,yes
fig-000176,soc042,90.0,yes
fig-000176,soc043,90.0,yes
fig-000176,soc044,90.0,yes
fig-000003,soc046,85.5,yes
fig-000176,soc047,90.0,yes
fig-000010,soc048,85.5,yes
fig-000003,soc045,85.5,yes
fig-000004,ovr001,85.5,yes
fig-000004,ovr002,85.5,yes
fig-000010,ovr003,85.5,yes
fig-000005,ovr004,85.5,yes
fig-000010,trn068,85.5,yes
fig-000003,hgh003,85.5,yes
fig-000005,ovr005,85.5,yes
fig-000003,ovr006,85.5,yes
fig-000004,ovr007,85.5,yes
fig-000010,ovr008,85.5,yes
fig-000005,ovr009,85.5,yes
fig-000005,ovr010,85.5,yes
fig-006691,oct003,88.3,yes
fig-000003,ovr011,85.5,yes
fig-006691,s001,88.3,yes
fig-000003,s002,85.5,yes
fig-000004,s003,85.5,yes
fig-000005,ovr012,85.5,yes
fig-000004,s004,85.5,yes
fig-006691,s005,88.3,yes
fig-000010,doc012,85.5,yes
fig-000010,shell005,85.5,yes
fig-000005,ovr013,85.5,yes
fig-006691,s006,88.3,yes
fig-000003,s007,85.5,yes
fig-000010,ncklc001,85.5,yes
fig-008611,oct004,87.4,yes
fig-000003,s008,85.5,yes
fig-000004,cop016,85.5,yes
fig-000003,cop017,85.5,yes
fig-000003,s009,85.5,yes
fig-000003,tv001,85.5,yes
fig-000003,cop020,85.5,yes
fig-000005,pck001,85.5,yes
fig-000005,pck002,85.5,yes
fig-006691,jbr001,88.3,yes
fig-006691,jbr002,88.3,yes
fig-006691,jbr003,88.3,yes
fig-000005,zip001,85.5,yes
fig-006691,zip002,88.3,yes
fig-006691,zip003,88.3,yes
fig-006691,zip004,88.3,yes
fig-000005,zip005,85.5,yes
fig-000004,but001,85.5,yes
fig-000004,but002,85.5,yes
fig-006691,zip006,88.3,yes
fig-006691,zip007,88.3,yes
fig-006691,zip008,88.3,yes
fig-006691,zip009,88.3,yes
fig-000010,hgh004,85.5,yes
fig-000004,pck003,85.5,yes
fig-000005,ovr014,85.5,yes
fig-001545,zip010,86.4,yes
fig-000061,bk001,85.5,yes
fig-000003,firec009,85.5,yes
fig-006691,firec010,88.3,yes
fig-000003,cop018,85.5,yes
fig-006691,zip011,88.3,yes
fig-000003,zip012,85.5,yes
fig-006691,zip013,88.3,yes
fig-008207,zip014,88.0,yes
fig-000003,ncklc002,85.5,yes
fig-000003,hor001,85.5,yes
fig-000004,hor002,85.5,yes
fig-000003,hor003,85.5,yes
fig-000003,hor004,85.5,yes
fig-000004,hor005,85.5,yes
fig-000003,hor006,85.5,yes
fig-000004,jred001,85.5,yes
fig-000003,jred002,85.5,yes
fig-008294,jred003,87.8,yes
fig-000003,zip045,85.5,yes
fig-000005,jred005,85.5,yes
fig-000003,jred006,85.5,yes
fig-000004,ver001,85.5,yes
fig-000003,hor007,85.5,yes
fig-006691,jred007,88.3,yes
fig-000520,jred008,85.6,yes
fig-000010,hgh005,85.5,yes
fig-000010,exx003,85.5,yes
fig-000003,s010,85.5,yes
fig-002025,ovr015,86.4,yes
fig-000003,s011,85.5,yes
fig-000010,trc001,85.5,yes
fig-000010,trc002,85.5,yes
fig-000010,trc003,85.5,yes
fig-000005,zip015,85.5,yes
fig-000004,jred009,85.5,yes
fig-000010,jbr004,85.5,yes
fig-000004,but003,85.5,yes
fig-000004,but004,85.5,yes
fig-000010,cas202,85.5,yes
fig-000004,jred010,85.5,yes
fig-000010,trc004,85.5,yes
fig-006691,zip016,88.3,yes
fig-008604,zip017,88.3,yes
fig-000010,ncklc003,85.5,yes
fig-000010,ncklc004,85.5,yes
fig-000003,ncklc005,85.5,yes
fig-000003,ncklc006,85.5,yes
fig-000010,ncklc007,85.5,yes
fig-000003,chef001,85.5,yes
fig-000010,chef002,85.5,yes
fig-000003,jail002,85.5,yes
fig-000003,cop019,85.5,yes
fig-000003,cop021,85.5,yes
fig-000003,cop022,85.5,yes
fig-008848,fbr001,89.8,yes
fig-000010,fbr002,85.5,yes
fig-008848,fbr003,86.4,yes
fig-000007,hor008,85.5,yes
fig-000003,hor009,85.5,yes
fig-000003,hor010,85.5,yes
fig-000010,hor011,85.5,yes
fig-000003,hor012,85.5,yes
fig-000003,hor013,85.5,yes
fig-000962,splc006,90.0,yes
fig-006691,splc005,88.3,yes
fig-001014,splc001,90.0,yes
fig-000020,splc004,85.5,yes
fig-004556,res001,90.0,yes
fig-000010,res002,85.5,yes
fig-000010,res003,85.5,yes
fig-006691,res004,88.3,yes
fig-000166,sw0042,85.5,yes
fig-003638,sw0043,100.0,yes
fig-000741,alp008,90.0,yes
fig-006691,ver002,88.3,yes
fig-000004,ver003,85.5,yes
fig-000004,ver004,85.5,yes
fig-000003,ver005,85.5,yes
fig-000004,ver006,85.5,yes
fig-000004,ver007,85.5,yes
fig-000003,ver008,85.5,yes
fig-000004,ver009,85.5,yes
fig-000004,ver010,85.5,yes
fig-000004,ver011,85.5,yes
fig-000007,chef012,85.5,yes
fig-000003,cop023s,85.5,yes
fig-000005,fire005s,85.5,yes
fig-000003,doc013s,85.5,yes
fig-000005,trn102a,85.5,yes
fig-000027,trn067,85.5,yes
fig-012094,cas203,90.0,yes
fig-000010,sw0044,85.5,yes
fig-000004,tech002,85.5,yes
fig-011235,tech003,86.6,yes
fig-000029,sw0045,85.5,yes
fig-000005,cre001,85.5,yes
fig-000005,cre002,85.5,yes
fig-000010,cre003,85.5,yes
fig-010503,tech004,86.4,yes
fig-010489,tech005,90.1,yes
fig-000003,tech006,85.5,yes
fig-000010,cas205,85.5,yes
fig-000004,tech007,85.5,yes
fig-000005,trn069,85.5,yes
fig-011127,sw0046,90.0,yes
fig-000005,sw0047,85.5,yes
fig-000005,sw0048,85.5,yes
fig-004580,sw0049,90.0,yes
fig-012953,sw0050,90.0,yes
fig-000154,sw0067,85.5,yes
fig-000004,tech008,85.5,yes
fig-000004,tech009,85.5,yes
fig-000007,cas001,85.5,yes
fig-000005,vel002,85.5,yes
fig-003644,sw0979,90.0,yes
fig-000003,oct026,85.5,yes
fig-000010,41983,85.5,yes
fig-001319,hp079,90.0,yes
fig-001319,hp078,90.0,yes
fig-012400,div021,90.0,yes
fig-000003,oct005,85.5,yes
fig-000003,oct006,85.5,yes
fig-010140,vel001,90.0,yes
fig-000007,jbr006,85.5,yes
fig-000004,pck004,85.5,yes
fig-000005,ovr016,85.5,yes
fig-000003,tech038a,85.5,yes
fig-010430,sw0066,87.4,yes
fig-000005,sw0069,85.5,yes
fig-000010,oct016,85.5,yes
fig-010700,oct017,86.7,yes
fig-000176,soc049,90.0,yes
fig-000007,sw0051,85.5,yes
fig-003501,sw0052,90.0,yes
fig-001953,spd001,90.0,yes
fig-008201,zip018,88.0,yes
fig-008202,zip019,88.0,yes
fig-000725,jbl001,92.5,yes
fig-010494,tech040a,96.3,yes
fig-000898,stu009,100.0,yes
fig-000004,pck005,85.5,yes
fig-000005,stu010,85.5,yes
fig-000010,jbl002,85.5,yes
fig-000005,lom018,85.5,yes
fig-006527,pi002,90.0,yes
fig-005921,rac006,90.0,yes
fig-006524,cas204,95.0,yes
fig-001192,cas207,90.0,yes
fig-000004,4555pb024,85.5,yes
fig-000004,lea001,85.5,yes
fig-000053,sw0053,85.5,yes
fig-000019,sw0054,85.5,yes
fig-000004,sw0055,85.5,yes
fig-006546,hp015,90.0,yes
fig-003640,sw0056,95.8,yes
fig-000004,sw0057,85.5,yes
fig-000010,sw0058,85.5,yes
fig-003632,sw0059,100.0,yes
fig-002047,sw0060,90.0,yes
fig-000004,jstr001,85.5,yes
fig-000003,jstr002,85.5,yes
fig-000004,4555pb061,85.5,yes
fig-000004,4555pb062,85.5,yes
fig-000004,4555pb058,85.5,yes
fig-000003,4555pb057,85.5,yes
fig-000003,4555pb046,85.5,yes
fig-000004,4555pb010,85.5,yes
fig-000003,4555pb045,85.5,yes
fig-000003,4555pb069,85.5,yes
fig-010488,tech012,88.9,yes
fig-000003,jbr007,85.5,yes
fig-000019,alp017,85.5,yes
fig-000741,alp020,90.0,yes
fig-000415,alp019,90.0,yes
fig-000003,lea002,85.5,yes
fig-002072,cas022a,90.0,yes
fig-000005,mck002,85.5,yes
fig-000007,sw0099,85.5,yes
fig-000004,cre004,85.5,yes
fig-000003,cre005,85.5,yes
fig-000004,firec011,85.5,yes
fig-000004,twn042,85.5,yes
fig-003055,rac007,90.0,yes
fig-000898,air013,90.0,yes
fig-000003,cre006,85.5,yes
fig-000005,trn070,85.5,yes
fig-000007,spd002,85.5,yes
fig-004914,spd004,85.7,yes
fig-000860,hol007,95.0,yes
fig-006691,ver012,88.3,yes
fig-000003,chef003,85.5,yes
fig-006691,oct018,88.3,yes
fig-000003,jstr008,85.5,yes
fig-000176,soc050,90.0,yes
fig-000176,soc052,90.0,yes
fig-000176,soc051,90.0,yes
fig-000176,soc053,90.0,yes
fig-000176,soc054,90.0,yes
fig-000176,soc055,90.0,yes
fig-000010,belvfemale03,85.5,yes
fig-001152,pln165,89.1,yes
fig-006691,tel002,86.7,yes
fig-006691,tel003,86.7,yes
fig-008207,tel004,90.7,yes
fig-000856,stu011,90.0,yes
fig-000003,4555pb043,85.5,yes
fig-000004,4555pb044,85.5,yes
fig-000004,4555pb065,85.5,yes
fig-000003,pck006,85.5,yes
fig-000003,6453pb004,85.5,yes
fig-001132,but006,86.5,yes
fig-000005,but007,85.5,yes
fig-000003,but008,85.5,yes
fig-005921,oct019,90.0,yes
fig-000900,hrf007,100.0,yes
fig-000204,hrf006,90.0,yes
fig-000027,pi004b,85.5,yes
fig-001052,hp016,90.0,yes
fig-000962,hrf004,95.0,yes
fig-005983,hrf002,100.0,yes
fig-005985,hrf003,100.0,yes
fig-003313,hrf001,90.0,yes
fig-001223,hrf005,100.0,yes
fig-006396,hrf008,90.0,yes
fig-002564,alp006,100.0,yes
fig-011226,pooh,90.0,yes
fig-011226,tigger,90.0,yes
fig-012889,fmf001,89.0,yes
fig-008219,fmf002,88.0,yes
fig-000005,pln001,85.5,yes
fig-000004,pln003,85.5,yes
fig-000005,pln002,85.5,yes
fig-000003,pln102,85.5,yes
fig-001482,mmf005,89.9,yes
fig-000043,4555pb021,85.5,yes
fig-000040,js007,85.5,yes
fig-000040,js001,85.5,yes
fig-000010,js002,85.5,yes
fig-000123,ixs001,90.0,yes
fig-000010,ixs002,85.5,yes
fig-006430,ixs004,90.0,yes
fig-000277,ixs003,90.0,yes
fig-006433,ixs005,90.0,yes
fig-000004,mck003,85.5,yes
fig-000005,sw0068,85.5,yes
fig-000003,soc057,85.5,yes
fig-007983,soc058,87.7,yes
fig-012094,cas209,90.0,yes
fig-000004,hrf009,85.5,yes
fig-000482,rck006,100.0,yes
fig-000746,alp009,100.0,yes
fig-002307,alp010,90.0,yes
fig-000003,belvfemale11,85.5,yes
fig-000004,tech013,85.5,yes
fig-000821,stu012,90.0,yes
fig-000007,js003,85.5,yes
fig-002290,ixs007,90.0,yes
fig-001344,cas211,90.0,yes
fig-001344,cas210,90.0,yes
fig-012094,cas212,90.0,yes
fig-000024,rac008,85.5,yes
fig-000003,oct007,85.5,yes
fig-004641,4224c02,85.5,yes
fig-000306,4224c01,85.5,yes
fig-000010,shell006,85.5,yes
fig-000003,4555pb068,85.5,yes
fig-000004,6453pb011,85.5,yes
fig-000003,4555pb038,85.5,yes
fig-000020,hrf010,85.5,yes
fig-000320,cc4443,97.1,yes
fig-000010,shell007,85.5,yes
fig-000320,cc4444,97.1,yes
fig-000269,cc4445,100.0,yes
fig-000558,cc4448,100.0,yes
fig-000320,cc4449,100.0,yes
fig-000559,cc4450,100.0,yes
fig-000273,cc4453,100.0,yes
fig-000562,cc4454,95.0,yes
fig-000080,cc4455,85.5,yes
fig-000168,cc4456,85.5,yes
fig-000004,wc4457,85.5,yes
fig-000567,cc4471,95.0,yes
fig-000176,cc4446,90.0,yes
fig-000176,cc4447,90.0,yes
fig-000176,cc4451,90.0,yes
fig-000176,cc4452,90.0,yes
fig-000004,oct008,85.5,yes
fig-000003,oct009,85.5,yes
fig-000003,oct010,85.5,yes
fig-010652,trn071,86.4,yes
fig-000010,trn072,85.5,yes
fig-000010,trn073,85.5,yes
fig-000003,air014,85.5,yes
fig-000003,air015,85.5,yes
fig-000010,air016,85.5,yes
fig-000004,trn074,85.5,yes
fig-000003,doc014,85.5,yes
fig-000003,doc015,85.5,yes
fig-000004,oct027,85.5,yes
fig-009120,rac010,88.7,yes
fig-006691,rac011,88.3,yes
fig-000010,jbl003,85.5,yes
fig-000004,firec012,85.5,yes
fig-000005,ovr017,85.5,yes
fig-000005,ovr018,85.5,yes
fig-005921,splc003,90.0,yes
fig-002941,twn012,90.0,yes
fig-008929,hp023,95.0,yes
fig-000004,hp026,85.5,yes
fig-000004,hp027,85.5,yes
fig-000005,hp028,85.5,yes
fig-000005,hp029,85.5,yes
fig-010579,hp030,90.0,yes
fig-000010,hp031,85.5,yes
fig-000003,hp032,85.5,yes
fig-000059,hp020,85.5,yes
fig-016076,hp019,90.0,yes
fig-000003,hp021,85.5,yes
fig-006125,hp022,88.3,yes
fig-000907,hp017,90.0,yes
fig-016076,hp025,90.0,yes
fig-016076,hp033,90.0,yes
fig-000010,hp018,85.5,yes
fig-002798,trn075,90.0,yes
fig-000010,trn076,85.5,yes
fig-000032,sw0070,85.5,yes
fig-000053,sw0071,85.5,yes
fig-003520,sw0072,100.0,yes
fig-000010,sw0073,85.5,yes
fig-010436,sw0074,90.0,yes
fig-000010,sw0075,85.5,yes
fig-000010,sw0076,85.5,yes
fig-000010,trn077,85.5,yes
fig-000004,trn078,85.5,yes
fig-000010,trn079,85.5,yes
fig-000004,belvfemale02,85.5,yes
fig-001316,cop024,90.0,yes
fig-003506,sw0061,97.8,yes
fig-003505,sw0062,92.7,yes
fig-002072,cas215,90.0,yes
fig-000005,31231pb04,85.5,yes
fig-000005,31232pb04,85.5,yes
fig-005921,arc010,90.0,yes
fig-001316,cop025,90.0,yes
fig-006746,cas216,95.0,yes
fig-002428,alp015,90.0,yes
fig-000004,cas217,85.5,yes
fig-000004,cas218,85.5,yes
fig-000003,pi072,85.5,yes
fig-000003,pi073,85.5,yes
fig-000003,4943pb001,85.5,yes
fig-007314,nba004,95.0,yes
fig-007313,nba005,95.0,yes
fig-000494,nba006,95.0,yes
fig-000493,nba001,90.0,yes
fig-007306,nba002,95.0,yes
fig-007307,nba003,95.0,yes
fig-001157,4555pb036,90.0,yes
fig-000004,4555pb001,85.5,yes
fig-000003,4555pb064,85.5,yes
fig-000003,4555pb048,85.5,yes
fig-000004,4555pb049,85.5,yes
fig-000004,4555pb012,85.5,yes
fig-000004,4555pb011,85.5,yes
fig-000003,4555pb013,85.5,yes
fig-000003,4555pb066,85.5,yes
fig-000003,4555pb016,85.5,yes
fig-000004,4555pb002,85.5,yes
fig-000004,4555pb073,85.5,yes
fig-000004,4555pb023,85.5,yes
fig-000004,4555pb078,85.5,yes
fig-000004,4555pb079,85.5,yes
fig-000007,sw0063,85.5,yes
fig-000061,belvmale02,85.5,yes
fig-000003,belvmale01,85.5,yes
fig-014919,belvfemale07,90.0,yes
fig-014876,belvfemale08,90.0,yes
fig-014907,belvfemale09,90.0,yes
fig-015881,belvbaby01,90.0,yes
fig-002522,belvbaby02,85.5,yes
fig-000010,shell008,85.5,yes
fig-000010,shell009,85.5,yes
fig-000004,shell011,85.5,yes
fig-000748,adv024,85.5,yes
fig-000464,adv025,90.0,yes
fig-000631,adv026,90.0,yes
fig-002246,adv027,100.0,yes
fig-007310,nba007,90.0,yes
fig-007308,nba008,95.0,yes
fig-007309,nba009,95.0,yes
fig-007303,nba010,90.0,yes
fig-007305,nba011,95.0,yes
fig-007304,nba012,95.0,yes
fig-007295,nba013,95.0,yes
fig-007294,nba014,95.0,yes
fig-007296,nba015,90.0,yes
fig-006691,oct011,88.3,yes
fig-000010,fab13a,85.5,yes
fig-000010,fab13b,85.5,yes
fig-000003,fab13c,85.5,yes
fig-000003,fab13d,85.5,yes
fig-000005,oct020,85.5,yes
fig-006691,oct021,88.3,yes
fig-000003,oct022,85.5,yes
fig-006691,oct023,88.3,yes
fig-000003,oct024,85.5,yes
fig-000003,oct025,85.5,yes
fig-006691,oct028,88.3,yes
fig-000003,oct029,85.5,yes
fig-006691,oct030,88.3,yes
fig-000003,oct031,85.5,yes
fig-006691,oct032,88.3,yes
fig-006691,oct033,88.3,yes
fig-000010,oct034,85.5,yes
fig-000010,oct035,85.5,yes
fig-000003,oct038,85.5,yes
fig-000898,sw0077,90.0,yes
fig-000005,sw0078,85.5,yes
fig-000004,oct039,85.5,yes
fig-007301,nba016,95.0,yes
fig-007300,nba017,95.0,yes
fig-007302,nba018,95.0,yes
fig-006691,oct040,88.3,yes
fig-006691,oct041,88.3,yes
fig-000003,oct042,85.5,yes
fig-000004,con015s,85.5,yes
fig-000004,but010,85.5,yes
fig-006691,oct043,88.3,yes
fig-000821,adv028,90.0,yes
fig-002259,adv029,100.0,yes
fig-002242,adv030,100.0,yes
fig-002241,adv031,100.0,yes
fig-006691,oct044,88.3,yes
fig-000044,nba025,85.5,yes
fig-000044,nba026,85.5,yes
fig-007298,nba019,95.0,yes
fig-007299,nba020,95.2,yes
fig-007297,nba021,95.0,yes
fig-007312,nba022,95.0,yes
fig-000495,nba023,95.0,yes
fig-007311,nba024,90.0,yes
fig-002258,adv032,90.0,yes
fig-000631,adv033,90.0,yes
fig-000821,adv034,90.0,yes
fig-000631,adv035,90.0,yes
fig-000464,adv036,90.0,yes
fig-000004,but011,85.5,yes
fig-000005,but012,85.5,yes
fig-000176,soc059,90.0,yes
fig-000010,trn080,85.5,yes
fig-000004,trn081,85.5,yes
fig-000839,adv037,86.6,yes
fig-000318,gen003,90.0,yes
fig-000044,nba027,85.5,yes
fig-000034,nba028,85.5,yes
fig-000044,nba029,85.5,yes
fig-000010,nba030,85.5,yes
fig-000019,nba031,85.5,yes
fig-007323,nba032,85.7,yes
fig-000005,nba033,85.5,yes
fig-007312,nba034,95.0,yes
fig-000493,nba035,90.0,yes
fig-007298,nba036,90.0,yes
fig-007303,nba037,90.0,yes
fig-007296,nba038,90.0,yes
fig-007310,nba039,90.0,yes
fig-007311,nba040,90.0,yes
fig-000044,nba041,85.5,yes
fig-000044,nba042,85.5,yes
fig-000004,tech032a,85.5,yes
fig-000072,gen004,85.5,yes
fig-000004,6453pb001,85.5,yes
fig-000044,nba043,85.5,yes
fig-000027,nba044,85.5,yes
fig-000027,nba045,85.5,yes
fig-000010,js009,85.5,yes
fig-000010,js008,85.5,yes
fig-000021,4555pb082,85.5,yes
fig-000004,ovr019,85.5,yes
fig-000085,rac012,85.5,yes
fig-000005,fab8c,85.5,yes
fig-000003,fab9f,85.5,yes
fig-000003,fab11d,85.5,yes
fig-000007,fab11b,85.5,yes
fig-000072,fab6e,85.5,yes
fig-000004,fab9d,85.5,yes
fig-000003,fab3c,85.5,yes
fig-000010,fab11c,85.5,yes
fig-000003,fab9e,85.5,yes
fig-000004,fab12b,85.5,yes
fig-000004,fab11e,85.5,yes
fig-000004,fab5c,85.5,yes
fig-000048,fab6a,85.5,yes
fig-000176,soc061,90.0,yes
fig-000176,soc062,90.0,yes
fig-000176,soc063,90.0,yes
fig-000176,soc064,90.0,yes
fig-000176,soc065,90.0,yes
fig-000176,soc066,90.0,yes
fig-000176,soc067,90.0,yes
fig-000176,soc068,90.0,yes
fig-000176,soc069,90.0,yes
fig-000176,soc070,90.0,yes
fig-000003,fab11g,85.5,yes
fig-000176,soc071,90.0,yes
fig-000176,soc072,90.0,yes
fig-000176,soc073,90.0,yes
fig-000176,soc074,90.0,yes
fig-000176,soc075,90.0,yes
fig-000176,soc076,90.0,yes
fig-000176,soc077,90.0,yes
fig-000176,soc078,90.0,yes
fig-000176,soc079,90.0,yes
fig-000176,soc080,90.0,yes
fig-000176,soc081,90.0,yes
fig-000176,soc082,90.0,yes
fig-000176,soc083,90.0,yes
fig-000176,soc084,90.0,yes
fig-000176,soc085,90.0,yes
fig-000176,soc086,90.0,yes
fig-000176,soc087,90.0,yes
fig-000176,soc088,90.0,yes
fig-000176,soc089,90.0,yes
fig-000176,soc090,90.0,yes
fig-000021,4555pb030,85.5,yes
fig-000003,4555pb056,85.5,yes
fig-000144,sw0079,85.5,yes
fig-000003,fab8f,85.5,yes
fig-000176,soc091,90.0,yes
fig-000085,rac013,85.5,yes
fig-000003,4555pb014,85.5,yes
fig-000004,baby001,85.5,yes
fig-001316,cop026,90.0,yes
fig-000010,js004,85.5,yes
fig-000003,sp050,85.5,yes
fig-000004,4555pb022,85.5,yes
fig-000004,4555pb028,85.5,yes
fig-000004,4555pb054,85.5,yes
fig-000004,4555pb072,85.5,yes
fig-000004,4555pb034,85.5,yes
fig-000005,4555pb031,85.5,yes
fig-000004,4555pb017,85.5,yes
fig-000004,4555pb060,85.5,yes
fig-000004,4555pb029,85.5,yes
fig-000004,4555pb020,85.5,yes
fig-000027,31181pb02,85.5,yes
fig-000004,4555pb040,85.5,yes
fig-000003,4555pb007,85.5,yes
fig-000004,6453pb008,85.5,yes
fig-000003,6453pb019,85.5,yes
fig-000004,6453pb020,85.5,yes
fig-000004,6453pb009,85.5,yes
fig-000004,6453pb003,85.5,yes
fig-000003,31231pb01,85.5,yes
fig-000005,31234pb02,85.5,yes
fig-000005,31232pb01,85.5,yes
fig-000003,31233pb02,85.5,yes
fig-000521,cc4058,94.7,yes
fig-000524,cc4064,100.0,yes
fig-000309,cc4066,100.0,yes
fig-000020,cc4063,85.5,yes
fig-000315,soc092,105.5,yes
fig-000176,soc093,90.0,yes
fig-000176,soc094,90.0,yes
fig-000003,soc095,85.5,yes
fig-000004,tech015,85.5,yes
fig-000004,belvfemale10,85.5,yes
fig-000007,belvfemale06,85.5,yes
fig-000007,belvfemale05,85.5,yes
fig-000061,belvmale03,85.5,yes
fig-000004,baby002,85.5,yes
fig-000578,trn082,90.0,yes
fig-000822,shell012,86.7,yes
fig-005985,hrf011,90.0,yes
fig-000746,alp012,90.0,yes
fig-000005,con005,85.5,yes
fig-000004,con006,85.5,yes
fig-000003,jstr009,85.5,yes
fig-000004,rsq011,85.5,yes
fig-000010,rsq013,85.5,yes
fig-000029,rsq014,85.5,yes
fig-001327,ext014,90.0,yes
fig-000007,ext016,85.5,yes
fig-005921,ext017,90.0,yes
fig-000007,cas046cm,85.5,yes
fig-000007,div022,85.5,yes
fig-000962,spp014,90.0,yes
fig-001208,hol006,90.0,yes
fig-003055,rac014,90.0,yes
fig-000176,cc4472,90.0,yes
fig-000306,cc4061,95.0,yes
fig-000421,inf001,100.0,yes
fig-000010,post003,85.5,yes
fig-000003,jail003,85.5,yes
fig-000010,fre001,85.5,yes
fig-000005,tim005,85.5,yes
fig-000005,tim006,85.5,yes
fig-000007,res005,85.5,yes
fig-000004,res006,85.5,yes
fig-000003,res007,85.5,yes
fig-000003,res008,85.5,yes
fig-000003,car001,85.5,yes
fig-000007,car002,85.5,yes
fig-000010,car003,85.5,yes
fig-000004,rep001,85.5,yes
fig-000004,rep002,85.5,yes
fig-000004,rep003,85.5,yes
fig-000003,bnk002,85.5,yes
fig-000003,bnk003,85.5,yes
fig-006691,doc017,88.3,yes
fig-005921,rac015,90.0,yes
fig-010805,old001,95.0,yes
fig-000503,old002,97.5,yes
fig-000503,old003,95.0,yes
fig-006381,old004,97.6,yes
fig-006383,old005,97.7,yes
fig-000503,old006,92.0,yes
fig-001243,old007,95.0,yes
fig-001243,old008,95.0,yes
fig-000534,old009,95.0,yes
fig-000003,4555pb042,85.5,yes
fig-012094,cas206,90.0,yes
fig-000007,cas219,85.5,yes
fig-000003,4555pb033,85.5,yes
fig-002433,alp016,90.0,yes
fig-000004,4555pb051,85.5,yes
fig-000004,4555pb052,85.5,yes
fig-000004,4555pb081,85.5,yes
fig-000003,s012,85.5,yes
fig-000005,cas220,85.5,yes
fig-000033,js010,85.5,yes
fig-000005,js011,85.5,yes
fig-000004,js012,85.5,yes
fig-000004,js013,85.5,yes
fig-000003,firec014,85.5,yes
fig-000005,pck007,85.5,yes
fig-007351,js005,95.0,yes
fig-000004,tech028,85.5,yes
fig-000005,ovr020,85.5,yes
fig-000005,trn083,85.5,yes
fig-001132,trn084,86.4,yes
fig-000066,wtr002,90.0,yes
fig-000007,js014,85.5,yes
fig-000005,sw0055a,85.5,yes
fig-002941,redsox,90.0,yes
fig-000053,belvbaby03,85.5,yes
fig-000053,belvbaby04,85.5,yes
fig-000007,belvbaby05,85.5,yes
fig-000003,belvmale05,85.5,yes
fig-000003,belvmale06,85.5,yes
fig-000003,belvmale07,85.5,yes
fig-000003,belvmale08,85.5,yes
fig-000003,belvmale09,85.5,yes
fig-000003,belvfemale12,85.5,yes
fig-000003,belvfemale13,85.5,yes
fig-000004,belvfemale14,85.5,yes
fig-000003,belvfemale15,85.5,yes
fig-000003,belvfemale16,85.5,yes
fig-000003,belvfemale17,85.5,yes
fig-000004,belvfemale18,85.5,yes
fig-000003,belvfemale19,85.5,yes
fig-000003,belvfemale20,85.5,yes
fig-000003,belvfemale21,85.5,yes
fig-000004,belvfemale22,85.5,yes
fig-000032,belvfemale23,85.5,yes
fig-000004,belvfemale24,85.5,yes
fig-000005,js015,85.5,yes
fig-000004,js016,85.5,yes
fig-000005,js017,85.5,yes
fig-000004,par040,85.5,yes
fig-000003,par041,85.5,yes
fig-000003,firec015,85.5,yes
fig-000007,adv038,85.5,yes
fig-000315,soc096,105.5,yes
fig-000344,twn001,85.6,yes
fig-008671,twn003,89.3,yes
fig-000005,pln004,85.5,yes
fig-000003,ovr021,85.5,yes
fig-000005,zip044,85.5,yes
fig-000335,jbr008,86.0,yes
fig-000003,firec016,85.5,yes
fig-000003,pck008,85.5,yes
fig-006691,pck009,86.7,yes
fig-000004,hor015,85.5,yes
fig-000005,but013,85.5,yes
fig-000010,ncklc008,85.5,yes
fig-006691,zip020,88.3,yes
fig-000003,pln006,85.5,yes
fig-006691,jred012,88.3,yes
fig-000004,pln005,85.5,yes
fig-000003,pln008,85.5,yes
fig-000005,pln009,85.5,yes
fig-008579,pln010,87.9,yes
fig-000010,air018,85.5,yes
fig-008581,jbl004,87.4,yes
fig-006691,cop027,88.3,yes
fig-006691,pln011,88.3,yes
fig-000442,jbl005,92.6,yes
fig-000004,twn007,85.5,yes
fig-000004,pck010,85.5,yes
fig-009051,pln012,90.3,yes
fig-008605,pln013,88.8,yes
fig-000005,pck011,85.5,yes
fig-000004,trn085,85.5,yes
fig-000004,pln014,85.5,yes
fig-000010,twn013,85.5,yes
fig-000010,tv002,85.5,yes
fig-000010,tv003,85.5,yes
fig-008835,jbl006,87.2,yes
fig-000005,trn086,85.5,yes
fig-000004,trn087,85.5,yes
fig-000003,cop028,85.5,yes
fig-006691,cop029,86.7,yes
fig-000005,pln015,85.5,yes
fig-000003,cop030,85.5,yes
fig-000005,pln016,85.5,yes
fig-000003,4555pb006,85.5,yes
fig-011226,Eeyore,90.0,yes
fig-011226,piglet,90.0,yes
fig-000005,pln017,85.5,yes
fig-000003,pln018,85.5,yes
fig-000003,pln019,85.5,yes
fig-000005,pln020,85.5,yes
fig-000003,pln021,85.5,yes
fig-000003,pln022,85.5,yes
fig-000005,pln023,85.5,yes
fig-000004,pln024,85.5,yes
fig-000004,pln025,85.5,yes
fig-000005,trn088,85.5,yes
fig-000004,pln026,85.5,yes
fig-000005,pln027,85.5,yes
fig-000005,pln028,85.5,yes
fig-000005,pln029,85.5,yes
fig-000003,pln030,85.5,yes
fig-000005,trn089,85.5,yes
fig-000005,trn090,85.5,yes
fig-000003,but014,85.5,yes
fig-000003,zip021,85.5,yes
fig-006691,pln031,86.7,yes
fig-006691,pln032,88.3,yes
fig-000003,firec017,85.5,yes
fig-000004,pln033,85.5,yes
fig-006691,pln034,88.3,yes
fig-000003,pln035,85.5,yes
fig-000003,pln036,85.5,yes
fig-000004,pln037,85.5,yes
fig-008579,pln038,87.9,yes
fig-000003,pln039,85.5,yes
fig-000004,but015,85.5,yes
fig-000003,but016,85.5,yes
fig-000005,lea003,85.5,yes
fig-000004,pck012,85.5,yes
fig-000003,par042,85.5,yes
fig-000003,wtr004,85.5,yes
fig-010652,par043,86.4,yes
fig-008581,jbl007,87.4,yes
fig-000004,pln040,85.5,yes
fig-000004,lea004,85.5,yes
fig-000003,par044,85.5,yes
fig-006691,zip022,86.7,yes
fig-000003,but017,85.5,yes
fig-000003,but018,85.5,yes
fig-000005,but019,85.5,yes
fig-000005,but020,85.5,yes
fig-000003,par045,85.5,yes
fig-008603,pln041,96.4,yes
fig-008601,jbr009,89.8,yes
fig-008836,par046,89.1,yes
fig-000004,pln042,85.5,yes
fig-000005,pln043,85.5,yes
fig-000003,jstr003,85.5,yes
fig-000004,par047,85.5,yes
fig-000010,par048,85.5,yes
fig-000005,but021,85.5,yes
fig-000005,but022,85.5,yes
fig-000005,rac017,85.5,yes
fig-000024,rac016,85.5,yes
fig-000005,sp051,85.5,yes
fig-000004,4555pb003,85.5,yes
fig-000004,4555pb050,85.5,yes
fig-000260,ww022,85.5,yes
fig-000004,gen005,85.5,yes
fig-000005,gen006,85.5,yes
fig-000464,adv039,90.0,yes
fig-000003,gen007,85.5,yes
fig-000005,gen008,85.5,yes
fig-000631,adv040,90.0,yes
fig-002072,cas250,90.0,yes
fig-000802,adv041,95.0,yes
fig-000010,par049,85.5,yes
fig-000003,trn091,85.5,yes
fig-000004,pln044,85.5,yes
fig-000007,par050,85.5,yes
fig-006691,oct045,88.3,yes
fig-000007,par051,85.5,yes
fig-000007,par052,85.5,yes
fig-008777,cas249,90.0,yes
fig-000003,pck013,85.5,yes
fig-000308,jbr010,86.2,yes
fig-000003,pln045,85.5,yes
fig-000003,trn092,85.5,yes
fig-001014,spp015,90.0,yes
fig-000005,gen009,85.5,yes
fig-011034,adv042,90.0,yes
fig-000048,adv043,85.5,yes
fig-000005,cop031,85.5,yes
fig-000004,cop032,85.5,yes
fig-000003,cop033,85.5,yes
fig-000004,cop034,85.5,yes
fig-000004,cop035,85.5,yes
fig-000003,cop036,85.5,yes
fig-000003,cop037,85.5,yes
fig-000003,cop038,85.5,yes
fig-000010,jstr004,85.5,yes
fig-000005,hp034,85.5,yes
fig-016076,hp035,90.0,yes
fig-016076,hp036,90.0,yes
fig-000005,gen010,85.5,yes
fig-000003,pi074,85.5,yes
fig-000025,gen011,90.0,yes
fig-000004,pi075,85.5,yes
fig-000003,pi076,85.5,yes
fig-000004,cas248,85.5,yes
fig-006546,cas247,90.0,yes
fig-006546,cas246,90.0,yes
fig-000004,cas245,85.5,yes
fig-002072,cas244,90.0,yes
fig-000821,adv044,90.0,yes
fig-000357,rck007,90.0,yes
fig-000003,pck014,85.5,yes
fig-000239,old010,97.6,yes
fig-000239,old011,92.0,yes
fig-000005,pln046,85.5,yes
fig-006691,zip023,88.3,yes
fig-006691,pln047,86.7,yes
fig-000003,par053,85.5,yes
fig-000005,pck015,85.5,yes
fig-008603,pln048,86.2,yes
fig-000004,pln049,85.5,yes
fig-000007,hor016,85.5,yes
fig-000004,pck016,85.5,yes
fig-000005,pln050,85.5,yes
fig-000003,firec018,85.5,yes
fig-000004,pck017,85.5,yes
fig-000003,pln051,85.5,yes
fig-000003,pln052,85.5,yes
fig-000003,pln053,85.5,yes
fig-002072,cas243,90.0,yes
fig-000020,pi077,85.5,yes
fig-006691,zip024,88.3,yes
fig-000004,zip025,85.5,yes
fig-000005,trn093,85.5,yes
fig-000003,pln054,85.5,yes
fig-000003,trn094,85.5,yes
fig-000010,div023,85.5,yes
fig-000003,hor017,85.5,yes
fig-008850,trn095,86.0,yes
fig-000003,trn096,85.5,yes
fig-008219,pln055,88.0,yes
fig-000176,soc097,90.0,yes
fig-000010,cc4065,85.5,yes
fig-000005,trn097,85.5,yes
fig-000004,but023,85.5,yes
fig-000010,ncklc009,85.5,yes
fig-000005,but024,85.5,yes
fig-000004,con014s,85.5,yes
fig-000005,pln057,85.5,yes
fig-000004,pln058,85.5,yes
fig-000005,pln059,85.5,yes
fig-000003,pln060,85.5,yes
fig-001482,pln061,86.7,yes
fig-000010,trn098,85.5,yes
fig-000005,but025,85.5,yes
fig-000004,but026,85.5,yes
fig-000007,hor018,85.5,yes
fig-000003,pln062,85.5,yes
fig-000003,hor019,85.5,yes
fig-000010,ncklc010,85.5,yes
fig-000003,but027,85.5,yes
fig-000005,but028,85.5,yes
fig-000005,but029,85.5,yes
fig-000004,pln063,85.5,yes
fig-000010,trn099,85.5,yes
fig-000004,pln064,85.5,yes
fig-000010,trn100,85.5,yes
fig-000004,but030,85.5,yes
fig-000004,jred013,85.5,yes
fig-006691,jbr011,86.7,yes
fig-000004,pln065,85.5,yes
fig-000005,boat004,85.5,yes
fig-000004,boat005,85.5,yes
fig-000003,hor020,85.5,yes
fig-000004,pln066,85.5,yes
fig-000004,pln067,85.5,yes
fig-000003,cop040,85.5,yes
fig-000005,twn014,85.5,yes
fig-000004,chef008,85.5,yes
fig-005921,twn015,90.0,yes
fig-000003,hor021,85.5,yes
fig-001482,pln068,89.9,yes
fig-000005,jred014,85.5,yes
fig-000005,pln069,85.5,yes
fig-000004,but031,85.5,yes
fig-000003,pck018,85.5,yes
fig-000004,pck019,85.5,yes
fig-006691,pln070,88.3,yes
fig-008604,jbl008,91.6,yes
fig-000005,pln071,85.5,yes
fig-000003,pln072,85.5,yes
fig-000005,pln073,85.5,yes
fig-000004,pln074,85.5,yes
fig-008219,pln075,88.1,yes
fig-000004,pln076,85.5,yes
fig-000003,pln077,85.5,yes
fig-000003,pln078,85.5,yes
fig-000004,pln079,85.5,yes
fig-006691,pln080,88.3,yes
fig-000003,pln081,85.5,yes
fig-000004,jbr012,85.5,yes
fig-000005,trn101,85.5,yes
fig-000003,jred015,85.5,yes
fig-000005,twn016,85.5,yes
fig-000004,jred016,85.5,yes
fig-000010,shell010,85.5,yes
fig-000003,boat006,85.5,yes
fig-000005,pln082,85.5,yes
fig-000003,hor022,85.5,yes
fig-000003,hor023,85.5,yes
fig-008303,boat007,90.0,yes
fig-000003,hor024,85.5,yes
fig-000010,firec019,85.5,yes
fig-000010,shell013,85.5,yes
fig-000005,pln084,85.5,yes
fig-000004,pln085,85.5,yes
fig-000004,jred017,85.5,yes
fig-000005,pln086,85.5,yes
fig-001482,pln087,91.2,yes
fig-000004,firec020,85.5,yes
fig-000004,twn448s,85.5,yes
fig-000049,trn102,85.5,yes
fig-000010,trn103,85.5,yes
fig-000004,pi078,85.5,yes
fig-000005,pln089,85.5,yes
fig-008579,pln090,87.9,yes
fig-000005,pck020,85.5,yes
fig-000004,pln091,85.5,yes
fig-000003,trn104,85.5,yes
fig-000010,jbl009,85.5,yes
fig-008605,pln092,85.7,yes
fig-008579,pln093,87.9,yes
fig-008675,trn105,87.5,yes
fig-000005,ovr022,85.5,yes
fig-000005,pln094,85.5,yes
fig-000005,pln095,85.5,yes
fig-000004,twn017,85.5,yes
fig-000004,twn018,85.5,yes
fig-000004,twn019s,85.5,yes
fig-000004,cas279,85.5,yes
fig-006381,old012,95.0,yes
fig-000379,old013,97.6,yes
fig-000240,old014,97.6,yes
fig-006457,old015,97.4,yes
fig-000588,old016,97.5,yes
fig-004968,old019,97.4,yes
fig-001361,old020,90.2,yes
fig-001361,old021,90.2,yes
fig-004968,old022,89.1,yes
fig-006385,old023,97.6,yes
fig-006458,old024,97.7,yes
fig-000239,old025,91.8,yes
fig-001361,old026,95.0,yes
fig-006460,old027,98.0,yes
fig-000206,old028,95.0,yes
fig-000206,old029,95.0,yes
fig-000206,old030,95.0,yes
fig-001243,old031,95.0,yes
fig-013637,old032,90.0,yes
fig-006388,old033,97.5,yes
fig-010805,old034,95.0,yes
fig-000005,pck021,85.5,yes
fig-006691,zip026,88.3,yes
fig-000004,pln096,85.5,yes
fig-000004,jbr013,85.5,yes
fig-000004,pln097,85.5,yes
fig-000004,ver013,85.5,yes
fig-000004,tech033as,85.5,yes
fig-000003,tech034as,85.5,yes
fig-000003,doc016,85.5,yes
fig-000010,post004,85.5,yes
fig-000004,rep004,85.5,yes
fig-000053,rep005,85.5,yes
fig-000007,trn107,85.5,yes
fig-000003,trn108,85.5,yes
fig-000004,cop041,85.5,yes
fig-000003,sp052,85.5,yes
fig-000003,trn109,85.5,yes
fig-000004,trn110,85.5,yes
fig-005145,gen012,89.4,yes
fig-000005,cas239,85.5,yes
fig-000004,cas238,85.5,yes
fig-004420,cas237,90.0,yes
fig-000003,game001,85.5,yes
fig-016182,game004,90.0,yes
fig-016181,game005,90.0,yes
fig-016184,game002,90.0,yes
fig-016183,game003,90.0,yes
fig-001243,old035,95.0,yes
fig-001361,old036,95.0,yes
fig-000503,old038,89.2,yes
fig-000004,4555pb026,85.5,yes
fig-000003,4555pb004,85.5,yes
fig-000004,ver014,85.5,yes
fig-001014,spp016,90.0,yes
fig-000005,hp040,85.5,yes
fig-000004,lea005,85.5,yes
fig-000005,belvfairy01a,85.5,yes
fig-000005,belvfairy02,85.5,yes
fig-000005,belvfairy03,85.5,yes
fig-000005,belvfairy04,85.5,yes
fig-000004,4555pb075,85.5,yes
fig-000010,hp037,85.5,yes
fig-016076,hp038,90.0,yes
fig-015882,hp039,94.1,yes
fig-000004,4555pb008,85.5,yes
fig-000004,4555pb032,85.5,yes
fig-000003,4555pb009,85.5,yes
fig-000003,6453pb013,85.5,yes
fig-000004,6453pb006,85.5,yes
fig-000003,6453pb018,85.5,yes
fig-000003,4943pb003,85.5,yes
fig-011033,tech029,87.9,yes
fig-000004,4555pb015,85.5,yes
fig-000004,6453pb016,85.5,yes
fig-000032,sw0100,85.5,yes
fig-001208,hol008,90.0,yes
fig-000065,sp054,100.0,yes
fig-000007,cas236,85.5,yes
fig-000020,sp055,85.5,yes
fig-000004,cas235,85.5,yes
fig-000004,cas234,85.5,yes
fig-000005,pln098,85.5,yes
fig-000003,oct046,85.5,yes
fig-000003,rac019,85.5,yes
fig-000482,res009,90.0,yes
fig-000004,res010,85.5,yes
fig-000690,stu015,88.3,yes
fig-000004,trn111,85.5,yes
fig-000003,doc018,85.5,yes
fig-000003,31233pb04,85.5,yes
fig-000004,4555pb076,85.5,yes
fig-000004,4555pb035,85.5,yes
fig-000004,6453pb002,85.5,yes
fig-000010,4555pb039,85.5,yes
fig-000004,6453pb010,85.5,yes
fig-010500,tech037a,92.5,yes
fig-010489,tech019,88.3,yes
fig-000003,trn112,85.5,yes
fig-010499,tech036a,98.2,yes
fig-000005,cas233,85.5,yes
fig-000004,cas232,85.5,yes
fig-000004,cas231,85.5,yes
fig-000005,belvbaby06,85.5,yes
fig-000004,belvfemale26,85.5,yes
fig-000005,belvfemale27,85.5,yes
fig-000003,belvfemale28,85.5,yes
fig-000005,belvfemale30,85.5,yes
fig-000005,belvfemale29,85.5,yes
fig-000010,ncklc011,85.5,yes
fig-000003,trn113,85.5,yes
fig-000005,trn114,85.5,yes
fig-000010,wc4060,85.5,yes
fig-000415,alp018,90.0,yes
fig-000005,cas060a,85.5,yes
fig-000004,4943pb002,85.5,yes
fig-000003,belvfemale35,85.5,yes
fig-000004,belvfemale36,85.5,yes
fig-004060,sw0101,86.0,yes
fig-000012,sw0102,85.5,yes
fig-000010,sp056,85.5,yes
fig-000032,sp057,85.5,yes
fig-000176,soc098,90.0,yes
fig-006689,rck008,91.4,yes
fig-006691,rck009,94.5,yes
fig-000004,cas230,85.5,yes
fig-000004,cas229,85.5,yes
fig-010490,tech021,87.8,yes
fig-000029,js018,85.5,yes
fig-001104,sp058,98.3,yes
fig-000005,belvfairy05,85.5,yes
fig-000004,fre002,85.5,yes
fig-000003,4555pb077,85.5,yes
fig-000004,stu010a,85.5,yes
fig-000004,cas301,85.5,yes
fig-000003,fab2i,85.5,yes
fig-000004,31181pb03,85.5,yes
fig-000004,6453pb015,85.5,yes
fig-000004,4555pb037,85.5,yes
fig-006391,stu013a,89.9,yes
fig-000020,sp059,90.0,yes
fig-000004,fab3f,85.5,yes
fig-002236,adv045,90.0,yes
fig-002236,adv046,90.0,yes
fig-004420,cas281,90.0,yes
fig-000004,cas282,85.5,yes
fig-000004,4555pb005,85.5,yes
fig-000004,4555pb025,85.5,yes
fig-000004,trn001,85.5,yes
fig-001361,old037,90.2,yes
fig-006335,bb0001,100.0,yes
fig-005802,bb0002,90.0,yes
fig-000004,4555pb063,85.5,yes
fig-000010,4555pb018,85.5,yes
fig-000003,4555pb053,85.5,yes
fig-000004,4555pb019,85.5,yes
fig-000004,4555pb059,85.5,yes
fig-000004,6453pb005,85.5,yes
fig-000004,6453pb022,85.5,yes
fig-000003,6453pb014,85.5,yes
fig-000003,6453pb021,85.5,yes
fig-000004,6453pb012,85.5,yes
fig-016517,4555pb027,90.0,yes
fig-000004,4555pb041,85.5,yes
fig-000004,4555pb055,85.5,yes
fig-000004,trn002,85.5,yes
fig-006461,old040,98.0,yes
fig-006464,old041,98.0,yes
fig-000206,old042,97.9,yes
fig-006466,old043,97.9,yes
fig-006467,old044,98.0,yes
fig-000004,js019,85.5,yes
fig-002236,adv047,90.0,yes
fig-000010,js020,85.5,yes
fig-000019,js022,85.5,yes
fig-000005,js023,85.5,yes
fig-000003,chef009,85.5,yes
fig-000004,twn020,85.5,yes
fig-005921,twn021,90.0,yes
fig-004420,cas072t,90.0,yes
fig-000004,2327pb01,85.5,yes
fig-000005,31181pb01,85.5,yes
fig-000003,4555pb074,85.5,yes
fig-000010,4555pb071,85.5,yes
fig-000003,6453pb017,85.5,yes
fig-000003,6453pb007,85.5,yes
fig-000004,6453pb023,85.5,yes
fig-000003,4555pb067,85.5,yes
fig-000003,4555pb070,85.5,yes
fig-000003,6453pb024,85.5,yes
fig-000004,4555pb083,85.5,yes
fig-000038,nba046,85.5,yes
fig-000038,rac018s,85.5,yes
fig-000004,2327pb03,85.5,yes
fig-000003,2327pb04,85.5,yes
fig-000003,2327pb05,85.5,yes
fig-000003,2327pb06,85.5,yes
fig-000004,2327pb08,85.5,yes
fig-000003,2327pb09,85.5,yes
fig-000003,2327pb07,85.5,yes
fig-000003,2327pb10,85.5,yes
fig-000003,cop042,85.5,yes
fig-000005,but033,85.5,yes
fig-000003,ovr023,85.5,yes
fig-000005,gg001,85.5,yes
fig-001216,gg002,90.0,yes
fig-000010,gg003,85.5,yes
fig-000005,gg004,85.5,yes
fig-004663,wc001,90.0,yes
fig-000003,wc002,85.5,yes
fig-000821,adv049,90.0,yes
fig-002237,adv048,100.0,yes
fig-000484,adv050,100.0,yes
fig-000005,pck022,85.5,yes
fig-000004,jstr005,85.5,yes
fig-007152,gg005,93.6,yes
fig-001216,gg006,90.0,yes
fig-000004,trn115,85.5,yes
fig-000019,trn116,85.5,yes
fig-000003,trn117,85.5,yes
fig-004663,wc003,90.0,yes
fig-000004,wc004,85.5,yes
fig-000005,gg007,85.5,yes
fig-000004,wc005,85.5,yes
fig-000012,4j001,90.0,yes
fig-000010,ncklc012,85.5,yes
fig-007148,gg008,93.0,yes
fig-001216,gg009,90.0,yes
fig-000003,tech022s,85.5,yes
fig-000004,tech023s,85.5,yes
fig-000004,cas251,85.5,yes
fig-000004,cas252,85.5,yes
fig-000005,wc006,85.5,yes
fig-000007,wc007,85.5,yes
fig-000176,soc101,90.0,yes
fig-000176,soc102,90.0,yes
fig-000176,soc103,90.0,yes
fig-000176,soc104,90.0,yes
fig-000176,soc105,90.0,yes
fig-007306,nba047,90.0,yes
fig-000004,wc008,85.5,yes
fig-000380,sw0103,85.5,yes
fig-002522,sw0104,85.5,yes
fig-000125,sw0105,85.5,yes
fig-000029,js021,85.5,yes
fig-008421,2327pb11,90.0,yes
fig-000003,belvfemale34,85.5,yes
fig-000010,4555pb183,85.5,yes
fig-000004,2327pb12,85.5,yes
fig-000004,4555pb084,85.5,yes
fig-000010,4555pb085,85.5,yes
fig-000003,4555pb086a,85.5,yes
fig-000003,4555pb087,85.5,yes
fig-000004,4555pb088,85.5,yes
fig-001319,spd006,90.0,yes
fig-000004,spd007,85.5,yes
fig-004914,spd008,85.7,yes
fig-004926,spd009,90.0,yes
fig-000962,spd010,90.0,yes
fig-004918,spd011,90.0,yes
fig-001953,spd012,90.0,yes
fig-010254,4j002,86.1,yes
fig-000144,sw0106a,90.0,yes
fig-001154,sp060,100.0,yes
fig-000932,js024,90.0,yes
fig-000004,fab2e,85.5,yes
fig-001151,nba048,95.5,yes
fig-000003,belvfemale47,85.5,yes
fig-000061,sw0107,85.5,yes
fig-000024,rac020,85.5,yes
fig-004914,spd013,85.7,yes
fig-000004,spd014,85.5,yes
fig-000003,fab2j,85.5,yes
fig-000004,fab12g,85.5,yes
fig-000003,fab12h,85.5,yes
fig-000003,belvfemale37,85.5,yes
fig-000004,wc009,85.5,yes
fig-000176,soc106,90.0,yes
fig-000004,2327pb13,85.5,yes
fig-000003,pln100,85.5,yes
fig-010660,sw0037,90.0,yes
fig-003638,sw0039,90.0,yes
fig-003769,sw0064,90.0,yes
fig-000004,4555pb089,85.5,yes
fig-000003,31231pb03,85.5,yes
fig-000004,belvfemale38,85.5,yes
fig-000004,wc010,85.5,yes
fig-000004,wc011,85.5,yes
fig-000005,wc012,85.5,yes
fig-000005,wc013,85.5,yes
fig-000004,wc014,85.5,yes
fig-000004,wc015,85.5,yes
fig-000005,sw0109,85.5,yes
fig-003530,sw0110,90.0,yes
fig-000003,sw0108,85.5,yes
fig-000010,sw0111,85.5,yes
fig-000005,sw0023a,85.5,yes
fig-000005,nba049,85.5,yes
fig-000003,wc016,85.5,yes
fig-000004,wc017,85.5,yes
fig-000003,6453pb034,85.5,yes
fig-000004,rac021,85.5,yes
fig-000357,rck010,90.0,yes
fig-000061,rac018,85.5,yes
fig-000005,wc018,85.5,yes
fig-000005,wc019,85.5,yes
fig-000003,wc020,85.5,yes
fig-006926,nba050,85.7,yes
fig-006765,nba051,88.4,yes
fig-006928,nba052,85.7,yes
fig-006766,nba053,88.4,yes
fig-000003,nba054,85.5,yes
fig-000003,wc023,85.5,yes
fig-000010,sw0012a,85.5,yes
fig-000005,sw0019a,85.5,yes
fig-000003,4555pb080,85.5,yes
fig-000003,baby003,85.5,yes
fig-000003,baby004,85.5,yes
fig-000004,4555pb090,85.5,yes
fig-000004,4555pb091,85.5,yes
fig-000010,par054,85.5,yes
fig-000004,cas253,85.5,yes
fig-000004,cas254,85.5,yes
fig-000043,4555pb092,85.5,yes
fig-000005,ixs008,85.5,yes
fig-000005,nba055,85.5,yes
fig-000003,chef010,85.5,yes
fig-000306,scaFemY01,85.5,yes
fig-000306,scaFemY04,85.5,yes
fig-000306,scaFemY05,85.5,yes
fig-000306,scaFemY02,85.5,yes
fig-000010,cre010,85.5,yes
fig-000176,soc111,90.0,yes
fig-000029,js025,85.5,yes
fig-000306,scaFemA03,85.5,yes
fig-000306,scaFemA01,85.5,yes
fig-000306,scaFemA02,85.5,yes
fig-000306,scaFemA04,85.5,yes
fig-000003,dupfig001,85.5,yes
fig-000306,scaFemY03,85.5,yes
fig-000004,dupfig002,85.5,yes
fig-000019,dupfig003,85.5,yes
fig-000004,dupfig004,85.5,yes
fig-000019,dupfig005,85.5,yes
fig-000033,dupfig006,85.5,yes
fig-000004,dupfig007,85.5,yes
fig-000004,dupfig008,85.5,yes
fig-000004,dupfig009,85.5,yes
fig-000004,dupfig010,85.5,yes
fig-000020,dupfig011,85.5,yes
fig-000004,4555pb093,85.5,yes
fig-000019,dupfig012,85.5,yes
fig-000004,dupfig013,85.5,yes
fig-000004,dupfig014,85.5,yes
fig-000004,dupfig015,85.5,yes
fig-000003,dupfig001r,85.5,yes
fig-000019,dupfig016,85.5,yes
fig-000004,dupfig017,85.5,yes
fig-000019,dupfig018,85.5,yes
fig-000010,4555pb100,85.5,yes
fig-000003,2327pb14,85.5,yes
fig-000004,4555pb101,85.5,yes
fig-000005,31231pb02,85.5,yes
fig-000005,31231pb05,85.5,yes
fig-000005,31232pb02,85.5,yes
fig-000005,31232pb03,85.5,yes
fig-000005,31233pb01,85.5,yes
fig-000003,31233pb03,85.5,yes
fig-000005,31234pb01,85.5,yes
fig-000003,31234pb03,85.5,yes
fig-000003,31234pb04,85.5,yes
fig-000010,ixs009,85.5,yes
fig-001288,duplodora,90.0,yes
fig-001288,duploboots,90.0,yes
fig-000067,dupfig019,85.5,yes
fig-000004,4555pb102,85.5,yes
fig-000003,dupfig020,85.5,yes
fig-000019,dupfig021,85.5,yes
fig-000004,4555pb103,85.5,yes
fig-000004,4555pb104,85.5,yes
fig-000004,dupfig022,85.5,yes
fig-000007,x4cx01,85.5,yes
fig-000007,x4cx02,85.5,yes
fig-000004,4555pb105,85.5,yes
fig-000004,belvfemale44,85.5,yes
fig-000004,4555pb106,85.5,yes
fig-000004,4555pb107,85.5,yes
fig-000007,js026,85.5,yes
fig-000038,23047a,85.5,yes
fig-000038,23048,85.5,yes
fig-000038,23049,85.5,yes
fig-000003,6453pb026,85.5,yes
fig-000004,4555pb109,85.5,yes
fig-000003,4555pb108,85.5,yes
fig-000003,4555pb094,85.5,yes
fig-000005,2327pb15,85.5,yes
fig-000005,2327pb16,85.5,yes
fig-000003,2327pb17,85.5,yes
fig-000003,2327pb18,85.5,yes
fig-000005,rac022s,85.5,yes
fig-000005,rac023as,85.5,yes
fig-000020,hrf012,85.5,yes
fig-000005,23047c,85.5,yes
fig-014919,belvfemale40,90.0,yes
fig-000152,sp061,90.0,yes
fig-000157,sp062,90.0,yes
fig-001288,duplodiego,90.0,yes
fig-000004,4555pb110,85.5,yes
fig-000010,hp042,85.5,yes
fig-000007,hp043,85.5,yes
fig-000004,hp044,85.5,yes
fig-000004,hp045,85.5,yes
fig-014736,hp046,90.0,yes
fig-000005,hp047,85.5,yes
fig-006117,hp048,90.0,yes
fig-006110,hp049,89.9,yes
fig-000005,4j003,85.5,yes
fig-000005,js027,85.5,yes
fig-000005,rac022,85.5,yes
fig-000005,rac023,85.5,yes
fig-000005,sw0113,85.5,yes
fig-000010,hp024,85.5,yes
fig-001953,4j004,90.0,yes
fig-000007,hp050,85.5,yes
fig-016076,hp051,90.0,yes
fig-000053,hp052,85.5,yes
fig-000004,spd015,85.5,yes
fig-000004,spd016,85.5,yes
fig-004895,spd017,90.0,yes
fig-001049,spd018,90.0,yes
fig-001049,spd019,90.0,yes
fig-004940,spd020,92.3,yes
fig-000005,spd021,85.5,yes
fig-000004,spd022,85.5,yes
fig-000004,spd023,85.5,yes
fig-000004,spd024,85.5,yes
fig-000005,4j005,85.5,yes
fig-000059,hp053,85.5,yes
fig-000005,hp054,85.5,yes
fig-000072,hp055,85.5,yes
fig-016076,hp056,90.0,yes
fig-016076,hp057,90.0,yes
fig-000010,hp058,85.5,yes
fig-000010,trn003,85.5,yes
fig-000004,belvfemale41,85.5,yes
fig-016076,hp059,90.0,yes
fig-000033,hp060,85.5,yes
fig-000004,hp061,85.5,yes
fig-000029,nba027a,85.5,yes
fig-000010,fire006,85.5,yes
fig-000004,fire007,85.5,yes
fig-000004,fire008,85.5,yes
fig-005921,jstr006,90.0,yes
fig-000003,2327pb19,85.5,yes
fig-000004,2327pb20,85.5,yes
fig-000004,spd026,85.5,yes
fig-000004,spd027,85.5,yes
fig-000005,71287,85.5,yes
fig-000038,72056,85.5,yes
fig-000038,71519,85.5,yes
fig-000038,71713,85.5,yes
fig-001953,spd028,90.0,yes
fig-000003,wc024,85.5,yes
fig-000003,spd003,85.5,yes
fig-004663,spd029,90.0,yes
fig-004947,spd030,100.0,yes
fig-000010,spd031,85.5,yes
fig-000003,4555pb113,85.5,yes
fig-000003,4555pb114,85.5,yes
fig-000010,4555pb115,85.5,yes
fig-000004,4555pb111,85.5,yes
fig-000003,4555pb112,85.5,yes
fig-000005,rac024as,85.5,yes
fig-000005,rac024,85.5,yes
fig-016076,hp041,90.0,yes
fig-000204,hp062,90.0,yes
fig-000012,4j006,85.5,yes
fig-000004,4555pb095,85.5,yes
fig-000004,4555pb096,85.5,yes
fig-000004,4555pb097,85.5,yes
fig-000004,4555pb098,85.5,yes
fig-000003,6453pb027,85.5,yes
fig-000061,rac025,85.5,yes
fig-000003,6453pb028,85.5,yes
fig-000003,4j007,85.5,yes
fig-000027,dupfig023,85.5,yes
fig-001256,44390,85.5,yes
fig-010950,btb012,90.0,yes
fig-000053,btb009,85.5,yes
fig-015376,btb008,90.0,yes
fig-000007,btb006,85.5,yes
fig-016461,btb011,85.5,yes
fig-000124,sw0011a,93.9,yes
fig-000004,sw0080,85.5,yes
fig-000005,sw0081,85.5,yes
fig-000007,4j008,85.5,yes
fig-006527,4j009,90.0,yes
fig-006527,4j010,90.0,yes
fig-006527,4j011,90.0,yes
fig-000005,71520,85.5,yes
fig-000005,72055,85.5,yes
fig-000638,cas256,90.0,yes
fig-009254,cas257,90.0,yes
fig-006546,cas258,90.0,yes
fig-006546,cas259,90.0,yes
fig-006546,cas260,90.0,yes
fig-000005,cas261,85.5,yes
fig-006546,cas262,90.0,yes
fig-001256,44436,85.5,yes
fig-000415,alp022,90.0,yes
fig-002427,alp021,90.0,yes
fig-002428,alp024,90.0,yes
fig-000096,alp026,90.0,yes
fig-002307,alp027,90.0,yes
fig-000746,alp028,90.0,yes
fig-000741,alp029,90.0,yes
fig-000003,belvfemale42,85.5,yes
fig-000004,belvfemale43,85.5,yes
fig-000007,cas263,85.5,yes
fig-004556,cas264,90.0,yes
fig-000003,2327pb21,85.5,yes
fig-000004,4555pb116,85.5,yes
fig-000004,4555pb117,85.5,yes
fig-000003,4555pb118,85.5,yes
fig-000004,4943pb008,85.5,yes
fig-000004,4943pb007,85.5,yes
fig-000004,4943pb006,85.5,yes
fig-000004,4943pb004,85.5,yes
fig-000004,4943pb005,85.5,yes
fig-000003,4555pb119,85.5,yes
fig-000004,4555pb120,85.5,yes
fig-000004,4555pb121,85.5,yes
fig-000004,4555pb122,85.5,yes
fig-000003,4555pb123,85.5,yes
fig-000004,4555pb124,85.5,yes
fig-000004,4555pb125,85.5,yes
fig-000004,4555pb127,85.5,yes
fig-000003,4555pb128,85.5,yes
fig-000003,4555pb129,85.5,yes
fig-000003,4555pb131,85.5,yes
fig-000003,4555pb126,85.5,yes
fig-000004,6453pb029,85.5,yes
fig-000059,31312pb01,85.5,yes
fig-000004,6453pb030,85.5,yes
fig-000004,6453pb031,85.5,yes
fig-000003,6453pb032,85.5,yes
fig-000004,4555pb133,85.5,yes
fig-000003,env001,85.5,yes
fig-000003,belvmale10,85.5,yes
fig-000004,belvfemale45,85.5,yes
fig-000306,scaFemY06,85.5,yes
fig-000003,belvfemale46,85.5,yes
fig-000004,belvmale11,85.5,yes
fig-000038,71518,85.5,yes
fig-001554,alp031,90.0,yes
fig-000177,hky002,95.0,yes
fig-000177,hky003,95.0,yes
fig-000177,hky004,95.0,yes
fig-000177,hky005,95.0,yes
fig-000177,hky006,95.0,yes
fig-000177,hky007,95.0,yes
fig-000177,hky008,95.0,yes
fig-000004,fab7h,85.5,yes
fig-000004,47394pb001,85.5,yes
fig-000004,47394pb002,85.5,yes
fig-000038,71289a,85.5,yes
fig-000038,72053,85.5,yes
fig-000005,71289b,85.5,yes
fig-000019,4555pb134,85.5,yes
fig-002430,alp032,100.0,yes
fig-000590,4j012,85.5,yes
fig-000004,airdg001,85.5,yes
fig-005921,airbl001,90.0,yes
fig-000003,6453pb033,85.5,yes
fig-000004,4555pb145,85.5,yes
fig-000010,31181pb04,85.5,yes
fig-000020,dupfig024,85.5,yes
fig-000177,hky009,90.0,yes
fig-000177,hky010,90.0,yes
fig-000004,4555pb146,85.5,yes
fig-000048,twn022,85.5,yes
fig-000176,soc099,90.0,yes
fig-000004,2327pb22,85.5,yes
fig-000003,2327pb23,85.5,yes
fig-000003,2327pb24,85.5,yes
fig-000003,2327pb25,85.5,yes
fig-000003,2327pb26,85.5,yes
fig-000004,cas255,85.5,yes
fig-000004,4555pb135,85.5,yes
fig-000003,4555pb136,85.5,yes
fig-000004,4555pb137,85.5,yes
fig-000004,4555pb138,85.5,yes
fig-000005,4555pb139,85.5,yes
fig-000004,4555pb140,85.5,yes
fig-000007,31312pb02,85.5,yes
fig-000004,6453pb035,85.5,yes
fig-013637,cre011,95.0,yes
fig-001014,sp065,90.0,yes
fig-000004,pck023,85.5,yes
fig-000005,lea006,85.5,yes
fig-000003,cop043,85.5,yes
fig-000003,cop044,85.5,yes
fig-000004,4555pb141,85.5,yes
fig-000007,31312pb03,85.5,yes
fig-000004,6453pb036,85.5,yes
fig-006691,firec013,88.3,yes
fig-000007,cas265,85.5,yes
fig-000007,sw0033a,85.5,yes
fig-010498,tech035a,88.6,yes
fig-000004,2327pb27,85.5,yes
fig-000004,dupfig025,85.5,yes
fig-000010,sw0004a,85.5,yes
fig-000007,wc025,85.5,yes
fig-000003,4555pb142,85.5,yes
fig-000003,sw0115,85.5,yes
fig-000003,sp063,85.5,yes
fig-000005,sp064,85.5,yes
fig-000004,dupfig026,85.5,yes
fig-000049,fst001,85.5,yes
fig-000049,fst002,85.5,yes
fig-000004,4555pb047,85.5,yes
fig-000010,trn004,85.5,yes
fig-006527,4j013,90.0,yes
fig-005505,4j014,90.0,yes
fig-006527,4j015,90.0,yes
fig-000004,4555pb151,85.5,yes
fig-000007,belvfemale05a,85.5,yes
fig-000004,belvfemale10a,85.5,yes
fig-000004,4555pb153,85.5,yes
fig-000004,4555pb150,85.5,yes
fig-000004,4555pb152,85.5,yes
fig-014919,belvfemale07a,90.0,yes
fig-000004,belvfemale32,85.5,yes
fig-000003,31312pb04,85.5,yes
fig-000004,belvfemale31,85.5,yes
fig-014877,belvfemale04,90.0,yes
fig-000005,belvfemale02a,85.5,yes
fig-000005,belvfemale27a,85.5,yes
fig-000004,baby005,85.5,yes
fig-000005,baby006,85.5,yes
fig-000005,baby007,85.5,yes
fig-000019,baby008,85.5,yes
fig-011235,tech039a,86.4,yes
fig-016517,4555pb155,90.0,yes
fig-000003,tech038b,85.5,yes
fig-000004,4555pb143,85.5,yes
fig-000004,4555pb144,85.5,yes
fig-000004,4555pb147,85.5,yes
fig-000004,4555pb148,85.5,yes
fig-000004,belvfemale48,85.5,yes
fig-000004,47394pb003,85.5,yes
fig-000004,47394pb004,85.5,yes
fig-013694,sw0035a,90.0,yes
fig-000003,cty0020,85.5,yes
fig-005921,cty0021,90.0,yes
fig-000003,cty0022,85.5,yes
fig-000003,cty0023,85.5,yes
fig-000003,cty0024,85.5,yes
fig-000027,nba044a,85.5,yes
fig-000003,31181pb05,85.5,yes
fig-000003,47394pb005,85.5,yes
fig-000003,47394pb006,85.5,yes
fig-000003,4555pb156,85.5,yes
fig-000003,4555pb157,85.5,yes
fig-000010,4555pb158,85.5,yes
fig-000003,4555pb159,85.5,yes
fig-000004,4555pb161,85.5,yes
fig-000003,belvfemale49,85.5,yes
fig-000003,belvfairy06a,85.5,yes
fig-000003,47394pb007,85.5,yes
fig-000003,47394pb008,85.5,yes
fig-002422,alp030,100.0,yes
fig-000004,4555pb162,85.5,yes
fig-000004,47394pb009,85.5,yes
fig-000003,2327pb28,85.5,yes
fig-000003,6453pb037,85.5,yes
fig-000003,4555pb163,85.5,yes
fig-000003,cop045,85.5,yes
fig-000359,adv010a,90.0,yes
fig-000003,jstr007,85.5,yes
fig-000005,baby009,85.5,yes
fig-000003,baby010,85.5,yes
fig-000010,4555pb164,85.5,yes
fig-000061,sw0117,85.5,yes
fig-000004,hp063,85.5,yes
fig-000007,sw0116,85.5,yes
fig-000003,belvfemale58,85.5,yes
fig-000003,belvfemale59,85.5,yes
fig-000005,cty0001,85.5,yes
fig-000004,cty0002,85.5,yes
fig-000415,alp033,90.0,yes
fig-000004,sw0118,85.5,yes
fig-007047,4943pb009,90.0,yes
fig-000004,4943pb010,85.5,yes
fig-000004,cty0003,85.5,yes
fig-000003,4943pb011,85.5,yes
fig-000004,4555pb099,85.5,yes
fig-000004,4555pb166,85.5,yes
fig-000003,4555pb167,85.5,yes
fig-000003,2327pb29,85.5,yes
fig-000003,4943pb012,85.5,yes
fig-000004,4943pb013,85.5,yes
fig-000003,6453pb038,85.5,yes
fig-000004,6453pb039,85.5,yes
fig-000004,cty0004,85.5,yes
fig-000010,sw0120,85.5,yes
fig-006527,4j016,90.0,yes
fig-000003,belvmale12,85.5,yes
fig-000004,belvfemale51,85.5,yes
fig-000007,sw0121,85.5,yes
fig-000003,4555pb132,85.5,yes
fig-000004,4555pb149,85.5,yes
fig-000003,belvfairy07,85.5,yes
fig-000004,6453pb040,85.5,yes
fig-000004,4555pb168,85.5,yes
fig-000004,4555pb169,85.5,yes
fig-000004,4555pb170,85.5,yes
fig-000004,4555pb171,85.5,yes
fig-000004,4555pb172,85.5,yes
fig-000003,cty0005,85.5,yes
fig-000004,2327pb30,85.5,yes
fig-000004,2327pb31,85.5,yes
fig-000004,2327pb32,85.5,yes
fig-000003,cty0006,85.5,yes
fig-000005,adv051,85.5,yes
fig-000003,belvfemale50,85.5,yes
fig-000004,4555pb174,85.5,yes
fig-000003,4555pb175,85.5,yes
fig-000019,dupfig027,85.5,yes
fig-000019,dupfig028,85.5,yes
fig-000004,dupfig029,85.5,yes
fig-011127,sw0114,90.0,yes
fig-000010,sw0122,85.5,yes
fig-000003,belvfemale50a,85.5,yes
fig-000004,6453pb042,85.5,yes
fig-000004,6453pb043,85.5,yes
fig-000020,old045,85.5,yes
fig-000004,belvmale13,85.5,yes
fig-000516,sw0123,85.5,yes
fig-000007,sw0124,85.5,yes
fig-000010,4j017,85.5,yes
fig-000004,baby011,85.5,yes
fig-000007,clik003,85.5,yes
fig-000004,belvfemale53,85.5,yes
fig-000004,sw0126,85.5,yes
fig-000004,sw0128,85.5,yes
fig-000004,sw0129,85.5,yes
fig-000004,sw0130,85.5,yes
fig-000305,sw0131,85.5,yes
fig-003647,sw0132,100.0,yes
fig-000014,sw0133,85.5,yes
fig-000010,sw0134,85.5,yes
fig-000007,belvfemale39,85.5,yes
fig-000004,baby013,85.5,yes
fig-000007,sw0127,85.5,yes
fig-012483,sw0125,95.7,yes
fig-000003,4555pb176,85.5,yes
fig-000010,4555pb177,85.5,yes
fig-000004,belvfemale54,85.5,yes
fig-000004,cty0007,85.5,yes
fig-000003,cty0008,85.5,yes
fig-000898,adv052,90.0,yes
fig-000005,4555pb178,85.5,yes
fig-000191,sw0138,85.5,yes
fig-000010,sw0139,85.5,yes
fig-009479,sw0001b,90.0,yes
fig-000004,belvfemale55,85.5,yes
fig-000004,belvfemale56,85.5,yes
fig-000004,belvmale14,85.5,yes
fig-000034,sw0001a,85.5,yes
fig-006691,pln0010,88.3,yes
fig-000003,twn023,85.5,yes
fig-009130,inf002,100.0,yes
fig-000277,ixs011,90.0,yes
fig-000004,ixs012,85.5,yes
fig-000004,twn063,85.5,yes
fig-006432,ixs014,90.0,yes
fig-000003,firec021,85.5,yes
fig-009134,oct047,88.4,yes
fig-000003,oct048,85.5,yes
fig-004942,chef011,85.9,yes
fig-000004,trn118,85.5,yes
fig-000003,wc026,85.5,yes
fig-000003,wc028,85.5,yes
fig-000467,twn024,95.0,yes
fig-000003,air019,85.5,yes
fig-000003,air020,85.5,yes
fig-000003,doc019,85.5,yes
fig-000048,sw0135,85.5,yes
fig-009479,sw0136,90.0,yes
fig-000007,sw0137,85.5,yes
fig-000004,cty0009,85.5,yes
fig-000003,47394pb010,85.5,yes
fig-000005,rac025s,85.5,yes
fig-000004,tech027,85.5,yes
fig-000004,twn025,85.5,yes
fig-001256,44686,85.5,yes
fig-001256,44316,85.5,yes
fig-000003,fre003,85.5,yes
fig-000005,belvfemale57,85.5,yes
fig-009479,sw0143,90.0,yes
fig-004266,sw0144,100.0,yes
fig-000004,cty0010,85.5,yes
fig-000005,belvfemale57a,85.5,yes
fig-000003,belvmale15,85.5,yes
fig-000004,belvfemale60,85.5,yes
fig-000003,belvfemale61,85.5,yes
fig-000004,47394pb012,85.5,yes
fig-000004,47394pb013,85.5,yes
fig-000005,belvfemale63,85.5,yes
fig-000005,belvfemale62,85.5,yes
fig-000004,belvfemale62a,85.5,yes
fig-000003,belvfemale63a,85.5,yes
fig-003907,sw0140,100.0,yes
fig-011106,sw0141,85.7,yes
fig-009479,sw0142,90.0,yes
fig-003904,sw0145,100.0,yes
fig-010440,sw0146,100.0,yes
fig-003858,sw0147,90.9,yes
fig-000010,4555pb180,85.5,yes
fig-000004,4555pb008b,85.5,yes
fig-000012,rac026,90.0,yes
fig-000004,cty0011,85.5,yes
fig-005777,cas266,95.0,yes
fig-000005,cas267,85.5,yes
fig-000004,cas268,85.5,yes
fig-000005,cas269,85.5,yes
fig-000638,cas270,90.0,yes
fig-000004,baby014,85.5,yes
fig-009387,cas271,95.0,yes
fig-000004,4555pb182,85.5,yes
fig-000003,baby015,85.5,yes
fig-000005,sw0073a,85.5,yes
fig-000177,hky001,95.0,yes
fig-000053,din001,85.5,yes
fig-000007,din002,85.5,yes
fig-000007,din003,85.5,yes
fig-000761,din004,90.0,yes
fig-000004,belvfemale64,85.5,yes
fig-000004,belvmale16,85.5,yes
fig-000004,belvfemale64a,85.5,yes
fig-004834,js028,88.0,yes
fig-000003,pln101,85.5,yes
fig-000003,cop046,85.5,yes
fig-000061,51637,85.5,yes
fig-000061,51638,85.5,yes
fig-000061,51639,85.5,yes
fig-000061,51636,85.5,yes
fig-000061,51635,85.5,yes
fig-000061,51640,85.5,yes
fig-000061,51991a,85.5,yes
fig-000761,din005,90.0,yes
fig-000761,din006,90.0,yes
fig-000053,din007,85.5,yes
fig-000007,din008,85.5,yes
fig-000007,51991e,85.5,yes
fig-000061,51991f,85.5,yes
fig-000061,51991d,85.5,yes
fig-000061,51991b,85.5,yes
fig-000061,51991c,85.5,yes
fig-000913,vik001,90.0,yes
fig-000053,din009,85.5,yes
fig-000007,din010,85.5,yes
fig-000913,vik002,90.0,yes
fig-000913,vik003,90.0,yes
fig-000004,dupfig031,85.5,yes
fig-000004,dupfig032,85.5,yes
fig-000019,dupfig033,85.5,yes
fig-000004,dupfig030,85.5,yes
fig-000004,6453pb044,85.5,yes
fig-000003,4555pb184,85.5,yes
fig-000004,47394pb014,85.5,yes
fig-014682,44323,90.0,yes
fig-004663,wc022,90.0,yes
fig-000003,firec022,85.5,yes
fig-000004,air021,85.5,yes
fig-000003,cty0012,85.5,yes
fig-000003,cty0013,85.5,yes
fig-000004,cas018a,85.5,yes
fig-000004,4555pb185,85.5,yes
fig-000003,4555pb186,85.5,yes
fig-000004,4555pb179,85.5,yes
fig-000004,4555pb190,85.5,yes
fig-000004,4555pb189,85.5,yes
fig-000004,4555pb188,85.5,yes
fig-000004,4555pb191,85.5,yes
fig-000004,4555pb192,85.5,yes
fig-000004,oct037a,85.5,yes
fig-000003,oct036,85.5,yes
fig-003556,sw0151,90.0,yes
fig-003555,sw0149,90.0,yes
fig-002045,sw0150,90.0,yes
fig-000004,hp064,85.5,yes
fig-000004,hp065,85.5,yes
fig-016076,hp066,90.0,yes
fig-000010,hp067,85.5,yes
fig-000007,hp068,85.5,yes
fig-000007,hp069,85.5,yes
fig-000072,hp070,85.5,yes
fig-000007,hp071,85.5,yes
fig-006119,hp072,95.7,yes
fig-000007,hp073,85.5,yes
fig-016076,hp074,90.0,yes
fig-000010,gen013,85.5,yes
fig-000004,gen014,85.5,yes
fig-000038,22447,85.5,yes
fig-000004,4555pb193,85.5,yes
fig-000003,47205pb003,85.5,yes
fig-000003,47205pb004,85.5,yes
fig-000150,nba056,87.4,yes
fig-016076,hp075,90.0,yes
fig-000003,pln103,85.5,yes
fig-000020,pi079,85.5,yes
fig-006838,hol003,95.0,yes
fig-006143,hp076,90.0,yes
fig-000053,hp077,85.5,yes
fig-000913,vik004,90.0,yes
fig-000913,vik005,90.0,yes
fig-000005,vik006,85.5,yes
fig-000913,vik007,90.0,yes
fig-000913,vik008,90.0,yes
fig-000913,vik009,90.0,yes
fig-000913,vik010,90.0,yes
fig-000913,vik011,90.0,yes
fig-000913,vik012,90.0,yes
fig-000913,vik013,90.0,yes
fig-000913,vik014,90.0,yes
fig-000913,vik015,90.0,yes
fig-000004,cty0014,85.5,yes
fig-000005,cty0015,85.5,yes
fig-000004,cty0016,85.5,yes
fig-009254,cas273,90.0,yes
fig-000004,dupfig014r,85.5,yes
fig-000003,old008s,85.5,yes
fig-000004,sw0152,85.5,yes
fig-000003,2327pb33,85.5,yes
fig-000003,2327pb34,85.5,yes
fig-000003,pln099,85.5,yes
fig-000004,4555pb187,85.5,yes
fig-000004,dupfig034,85.5,yes
fig-000004,trn120,85.5,yes
fig-000004,par056,85.5,yes
fig-006895,wc027,88.7,yes
fig-008632,wc029,86.5,yes
fig-000005,sp066,85.5,yes
fig-000003,4555pb194,85.5,yes
fig-000005,23047b,85.5,yes
fig-000003,wc021,85.5,yes
fig-000010,oct049,85.5,yes
fig-000010,par057,85.5,yes
fig-000004,pln104,85.5,yes
fig-001256,44332,85.5,yes
fig-000003,47394pb017,85.5,yes
fig-000004,twn026,85.5,yes
fig-000004,air022,85.5,yes
fig-000003,twn028,85.5,yes
fig-000004,twn027,85.5,yes
fig-000003,rsq015,85.5,yes
fig-000004,air023,85.5,yes
fig-000003,cty0018,85.5,yes
fig-000003,cty0017,85.5,yes
fig-000004,air024,85.5,yes
fig-000005,cas274,85.5,yes
fig-000005,cas275,85.5,yes
fig-000004,cas276,85.5,yes
fig-000004,cas277,85.5,yes
fig-000004,cas278,85.5,yes
fig-009254,cas283,90.0,yes
fig-000004,belvmale04,85.5,yes
fig-000005,belvfemale65,85.5,yes
fig-000004,belvfemale66,85.5,yes
fig-004556,exf002,90.0,yes
fig-014638,exf003,90.0,yes
fig-004839,exf004,89.6,yes
fig-004838,exf001,100.0,yes
fig-000003,cty0019,85.5,yes
fig-000003,chef013,85.5,yes
fig-009337,twn029,87.8,yes
fig-000636,exf005,100.0,yes
fig-001200,exf006,100.0,yes
fig-000003,cop047,85.5,yes
fig-000004,firec023,85.5,yes
fig-000004,rep006,85.5,yes
fig-001004,exf007,100.0,yes
fig-000027,exf008,85.5,yes
fig-004841,exf009,87.8,yes
fig-004840,exf010,93.3,yes
fig-000010,sw0002a,85.5,yes
fig-000007,sw0032a,85.5,yes
fig-000004,47394pb016,85.5,yes
fig-000004,47394pb015,85.5,yes
fig-000004,47394pb018,85.5,yes
fig-000004,47205pb001,85.5,yes
fig-000003,47205pb002,85.5,yes
fig-000007,sw0035b,85.5,yes
fig-000004,47394pb019,85.5,yes
fig-000003,47394pb020,85.5,yes
fig-000004,belvmale17,85.5,yes
fig-000003,belvfemale67,85.5,yes
fig-000004,twn019,85.5,yes
fig-015317,sw0031a,90.0,yes
fig-003559,sw0082,92.8,yes
fig-000004,47394pb021,85.5,yes
fig-000004,47394pb022,85.5,yes
fig-003557,sw0153,90.0,yes
fig-000004,47205pb005,85.5,yes
fig-000004,47205pb006,85.5,yes
fig-000004,air028,85.5,yes
fig-000004,fire005,85.5,yes
fig-000007,air026,85.5,yes
fig-000007,air027,85.5,yes
fig-000947,45219c01,90.0,yes
fig-000004,cty0079,85.5,yes
fig-000003,cty0080,85.5,yes
fig-000003,cty0081,85.5,yes
fig-000004,47394pb023,85.5,yes
fig-000004,game006,85.5,yes
fig-000003,game007,85.5,yes
fig-000003,47394pb024,85.5,yes
fig-000004,47394pb025,85.5,yes
fig-000003,47394pb026,85.5,yes
fig-000004,dupfig036,85.5,yes
fig-000027,cas284,85.5,yes
fig-000010,cas285,85.5,yes
fig-000010,cas286,85.5,yes
fig-000003,old046s,85.5,yes
fig-000003,old047s,85.5,yes
fig-000004,cas287,85.5,yes
fig-000004,jbl010,85.5,yes
fig-000005,rac028s,85.5,yes
fig-007598,rac029,88.2,yes
fig-000038,rac030s,85.5,yes
fig-000005,pck024,85.5,yes
fig-000004,belvfemale68,85.5,yes
fig-000003,belvfemale69,85.5,yes
fig-000004,belvfemale70,85.5,yes
fig-000004,cty0082,85.5,yes
fig-000003,doc021,85.5,yes
fig-000003,doc022,85.5,yes
fig-000003,doc023,85.5,yes
fig-000004,47394pb027,85.5,yes
fig-008219,pln107,88.0,yes
fig-000004,pln108,85.5,yes
fig-000004,ext018,85.5,yes
fig-000003,doc024,85.5,yes
fig-000278,gen015,85.5,yes
fig-000005,rac031s,85.5,yes
fig-000007,rac028,85.5,yes
fig-000061,rac030,85.5,yes
fig-000061,rac031,85.5,yes
fig-000003,chef014,85.5,yes
fig-000004,trn121,85.5,yes
fig-000003,air029,85.5,yes
fig-000003,air030,85.5,yes
fig-000007,firec024,85.5,yes
fig-000003,firec025,85.5,yes
fig-000003,firec026,85.5,yes
fig-000004,but034s,85.5,yes
fig-000004,cas222,85.5,yes
fig-000638,cas291,90.0,yes
fig-000004,cas002,85.5,yes
fig-000003,cty0025,85.5,yes
fig-000027,air031,85.5,yes
fig-000003,res011,85.5,yes
fig-000003,res012,85.5,yes
fig-000004,res013,85.5,yes
fig-000010,bat001,85.5,yes
fig-000010,bat002,85.5,yes
fig-000005,bat003,85.5,yes
fig-000010,bat004,85.5,yes
fig-001050,bat005,90.0,yes
fig-002290,bat006,90.0,yes
fig-002213,bat007,100.0,yes
fig-006691,zip027,88.3,yes
fig-003711,sw0148,85.5,yes
fig-004983,bat008,100.0,yes
fig-000004,cas288,85.5,yes
fig-000004,cas289,85.5,yes
fig-000004,cas003,85.5,yes
fig-000005,cas267a,85.5,yes
fig-000004,fre004,85.5,yes
fig-000004,gg010,85.5,yes
fig-000003,clik001,85.5,yes
fig-000004,clik002,85.5,yes
fig-000003,cty0026,85.5,yes
fig-000005,rac027,85.5,yes
fig-000005,rac027s,85.5,yes
fig-000005,belvfemale55a,85.5,yes
fig-000005,belvfemale56a,85.5,yes
fig-000004,belvmale14a,85.5,yes
fig-000005,rac032s,85.5,yes
fig-000034,rac032,85.5,yes
fig-000004,47394pb028,85.5,yes
fig-000005,rac033s,85.5,yes
fig-000007,rac033,85.5,yes
fig-000004,4555pb195,85.5,yes
fig-000004,air032,85.5,yes
fig-000004,air033,85.5,yes
fig-000004,4555pb196,85.5,yes
fig-000004,4555pb197,85.5,yes
fig-000004,4555pb198,85.5,yes
fig-000010,jbl011,85.5,yes
fig-000005,baby016,85.5,yes
fig-000004,4555pb199,85.5,yes
fig-000003,cty0027,85.5,yes
fig-000003,env002,85.5,yes
fig-000005,belvfairy08,85.5,yes
fig-000005,belvfairy04a,85.5,yes
fig-000005,belvfairy05a,85.5,yes
fig-000005,belvfairy03a,85.5,yes
fig-000005,belvfairy02a,85.5,yes
fig-000005,belvfairy01,85.5,yes
fig-000003,belvfairy07a,85.5,yes
fig-000003,belvfairy06,85.5,yes
fig-000005,belvfairy08a,85.5,yes
fig-016076,hp056a,90.0,yes
fig-000007,sw0036a,85.5,yes
fig-000038,sw0157,85.5,yes
fig-003541,sw0155,100.0,yes
fig-000004,sw0156,85.5,yes
fig-011127,sw0154,90.0,yes
fig-000004,sw0085,85.5,yes
fig-000003,sw0084,85.5,yes
fig-000010,sw0083,85.5,yes
fig-004250,sw0086,90.0,yes
fig-000003,pln106,85.5,yes
fig-000004,twn030,85.5,yes
fig-000010,par058,85.5,yes
fig-000003,doc026,85.5,yes
fig-000003,doc027,85.5,yes
fig-000003,doc025,85.5,yes
fig-000007,oct051,85.5,yes
fig-000010,oct050,85.5,yes
fig-000004,cop048,85.5,yes
fig-000004,cty0028,85.5,yes
fig-000003,cop049,85.5,yes
fig-000004,ovr024,85.5,yes
fig-000004,47394pb029,85.5,yes
fig-000007,belvfemale71,85.5,yes
fig-000004,47394pb030,85.5,yes
fig-000004,belvfemale72,85.5,yes
fig-000003,belvmale18,85.5,yes
fig-000004,cop050,85.5,yes
fig-000003,cty0035,85.5,yes
fig-000004,cty0036,85.5,yes
fig-000003,cty0037,85.5,yes
fig-000010,cty0038,85.5,yes
fig-000004,ovr025,85.5,yes
fig-009459,twn031,87.7,yes
fig-000004,twn061,85.5,yes
fig-000004,twn032,85.5,yes
fig-000072,bob001,85.5,yes
fig-002941,bob002,90.0,yes
fig-003263,bob003,90.0,yes
fig-001150,bat009,90.0,yes
fig-002015,bat010,90.0,yes
fig-000019,bat011i,85.5,yes
fig-002290,bat012,90.0,yes
fig-003264,bob005,100.0,yes
fig-000003,chef015s,85.5,yes
fig-002460,ava001,100.0,yes
fig-002465,ava002,100.0,yes
fig-002462,ava003,100.0,yes
fig-002461,ava004,100.0,yes
fig-002464,ava006,100.0,yes
fig-002463,ava007,100.0,yes
fig-000010,bat013,85.5,yes
fig-006672,bat014,90.0,yes
fig-000004,baby012,85.5,yes
fig-000004,baby017,85.5,yes
fig-006546,cas290,90.0,yes
fig-000005,cas258a,85.5,yes
fig-000004,47394pb031,85.5,yes
fig-000003,47394pb032,85.5,yes
fig-003547,sw0028a,89.1,yes
fig-000048,sw0087,85.5,yes
fig-000004,47394pb033,85.5,yes
fig-000003,pln111,85.5,yes
fig-000003,firec027,85.5,yes
fig-006546,cas296,90.0,yes
fig-006546,cas293,90.0,yes
fig-006524,cas292,90.0,yes
fig-006546,cas294,90.0,yes
fig-000639,cas295,90.0,yes
fig-000004,47394pb034,85.5,yes
fig-000003,47394pb035,85.5,yes
fig-006546,cas297,90.0,yes
fig-000004,cas299,85.5,yes
fig-006546,cas300,90.0,yes
fig-000003,47205pb007,85.5,yes
fig-001019,bat016,90.0,yes
fig-004987,bat017,90.9,yes
fig-003440,bat018,90.0,yes
fig-000003,47205pb008,85.5,yes
fig-000004,47394pb036,85.5,yes
fig-000003,47394pb037,85.5,yes
fig-000029,bat004a,85.5,yes
fig-000005,belvfemale29a,85.5,yes
fig-000005,belvfemale30a,85.5,yes
fig-000007,51799,85.5,yes
fig-000005,twn064,85.5,yes
fig-000003,pln109,85.5,yes
fig-000010,par059,85.5,yes
fig-000003,soc112s,85.5,yes
fig-000004,soc113s,85.5,yes
fig-000004,doc028,85.5,yes
fig-000038,45219c02,85.5,yes
fig-000005,baby018,85.5,yes
fig-000004,47394pb038,85.5,yes
fig-000004,47394pb039,85.5,yes
fig-000004,47394pb040,85.5,yes
fig-000010,bat015,85.5,yes
fig-000005,cty0029,85.5,yes
fig-000004,4555pb200,85.5,yes
fig-001104,sp067,88.5,yes
fig-004993,bat020,90.2,yes
fig-004845,exf011,100.0,yes
fig-004844,exf012,100.0,yes
fig-000010,bat019,85.5,yes
fig-006691,jstr010,86.7,yes
fig-000764,sp031,90.0,yes
fig-000004,air034,85.5,yes
fig-000004,air035,85.5,yes
fig-000004,cty0083,85.5,yes
fig-007726,cty0084,88.1,yes
fig-000003,47394pb041,85.5,yes
fig-016461,btb014,85.5,yes
fig-000005,lea007,85.5,yes
fig-000007,jbr014,85.5,yes
fig-000004,cty0031,85.5,yes
fig-000004,cty0032,85.5,yes
fig-000004,4555pb201,85.5,yes
fig-000007,sw0090,85.5,yes
fig-000005,sw0088,85.5,yes
fig-000005,47394pb042,85.5,yes
fig-000004,47394pb043,85.5,yes
fig-000004,47394pb044,85.5,yes
fig-000003,47394pb045,85.5,yes
fig-000004,4555pb206,85.5,yes
fig-003540,sw0089,90.0,yes
fig-004556,sw0040b,90.0,yes
fig-000012,rac026s,90.0,yes
fig-000005,rac023bs,85.5,yes
fig-000004,47394pb046,85.5,yes
fig-000029,cas302,85.5,yes
fig-000007,cas303,85.5,yes
fig-000004,cas304,85.5,yes
fig-000004,cas305,85.5,yes
fig-001489,cas308,90.0,yes
fig-000004,cas309,85.5,yes
fig-008777,cas306,90.0,yes
fig-007355,gen022,87.7,yes
fig-000004,shell001a,85.5,yes
fig-000913,vik016,90.0,yes
fig-000913,vik017,90.0,yes
fig-000913,vik018,90.0,yes
fig-000913,vik019,90.0,yes
fig-000913,vik020,90.0,yes
fig-000913,vik021,90.0,yes
fig-000913,vik022,90.0,yes
fig-000004,sp068,85.5,yes
fig-000005,sp069,85.5,yes
fig-006556,cas307,100.0,yes
fig-000004,cas310,85.5,yes
fig-000004,cas311,85.5,yes
fig-000004,cas313,85.5,yes
fig-000004,cas312,85.5,yes
fig-006546,cas314,90.0,yes
fig-006546,cas315,90.0,yes
fig-006546,cas316,90.0,yes
fig-006546,cas317,90.0,yes
fig-000005,air036,85.5,yes
fig-006546,cas298,90.0,yes
fig-000913,vik023,90.0,yes
fig-000913,vik024,90.0,yes
fig-000913,vik025,90.0,yes
fig-000004,4943pb015,85.5,yes
fig-000004,4943pb016,85.5,yes
fig-000004,trn122,85.5,yes
fig-000005,twn011,85.5,yes
fig-000003,cty0030,85.5,yes
fig-000004,4555pb207,85.5,yes
fig-000010,4555pb208,85.5,yes
fig-000004,4555pb209,85.5,yes
fig-000004,4555pb210,85.5,yes
fig-000004,4555pb211,85.5,yes
fig-000003,rac028a,85.5,yes
fig-000003,rac028as,85.5,yes
fig-000003,CL001,85.5,yes
fig-000003,4555pb202,85.5,yes
fig-000004,47394pb047,85.5,yes
fig-000004,pln112,85.5,yes
fig-000004,pln108s,85.5,yes
fig-000003,pln123,85.5,yes
fig-000003,4555pb212,85.5,yes
fig-000004,4555pb213,85.5,yes
fig-000004,4555pb214,85.5,yes
fig-000004,firec019s,85.5,yes
fig-009282,trn123,89.1,yes
fig-000004,trn124,85.5,yes
fig-000004,trn125,85.5,yes
fig-000004,trn126,85.5,yes
fig-000004,trn127,85.5,yes
fig-001208,hol005,90.0,yes
fig-010656,exf013,90.0,yes
fig-000004,47394pb048,85.5,yes
fig-000003,belvfemale73,85.5,yes
fig-000003,soc114s,85.5,yes
fig-000004,soc115s,85.5,yes
fig-000176,soc119,90.0,yes
fig-000176,soc118,90.0,yes
fig-000176,soc120,90.0,yes
fig-000176,soc121,90.0,yes
fig-000003,soc122,85.5,yes
fig-000176,soc123,90.0,yes
fig-000176,soc124,90.0,yes
fig-000176,soc125,90.0,yes
fig-000176,soc126,90.0,yes
fig-000176,soc127,90.0,yes
fig-000003,soc114,85.5,yes
fig-000004,soc115,85.5,yes
fig-000004,soc116,85.5,yes
fig-000004,soc117,85.5,yes
fig-002141,bat011c01,90.0,yes
fig-001014,spp017,90.0,yes
fig-000059,sw0106,85.5,yes
fig-000003,baby019,85.5,yes
fig-000004,soc130,85.5,yes
fig-000176,soc131,90.0,yes
fig-000176,soc129,90.0,yes
fig-000003,soc128,85.5,yes
fig-000010,soc128s,85.5,yes
fig-000176,soc129s,90.0,yes
fig-000007,soc130s,85.5,yes
fig-000176,soc131s,90.0,yes
fig-000072,soc132s,85.5,yes
fig-000003,soc132,85.5,yes
fig-000734,ww017a,90.0,yes
fig-000007,hp069a,85.5,yes
fig-000007,hp069b,85.5,yes
fig-000007,hp073a,85.5,yes
fig-000004,trn128,85.5,yes
fig-000004,trn130,85.5,yes
fig-000003,twn033,85.5,yes
fig-000010,twn035,85.5,yes
fig-000010,alp023,85.5,yes
fig-000007,hp073b,85.5,yes
fig-000007,hp069c,85.5,yes
fig-000010,trn131,85.5,yes
fig-002306,alp025,90.0,yes
fig-000004,cas318,85.5,yes
fig-000044,ww023,85.5,yes
fig-000734,ww024,95.0,yes
fig-011281,tech031a,95.0,yes
fig-001464,47394pb049,85.5,yes
fig-000004,47394pb050,85.5,yes
fig-002318,bio001,90.0,yes
fig-002319,bio002,90.0,yes
fig-002321,bio003,90.0,yes
fig-002320,bio004,90.0,yes
fig-002316,bio005,90.0,yes
fig-002315,bio006,90.0,yes
fig-002317,bio007,90.0,yes
fig-002322,bio008,90.0,yes
fig-002490,bio009,90.0,yes
fig-002488,bio010,90.0,yes
fig-002489,bio011,90.0,yes
fig-002323,bio012,90.0,yes
fig-000004,dupfig035,85.5,yes
fig-000003,cty0039,85.5,yes
fig-000004,cty0040,85.5,yes
fig-000004,cty0041,85.5,yes
fig-000004,cty0042,85.5,yes
fig-000005,rac034,85.5,yes
fig-000004,gen016,85.5,yes
fig-002331,aqu016,72.0,no
fig-005762,aqu017,100.0,yes
fig-002310,aqu018,90.0,yes
fig-001327,aqu019,90.0,yes
fig-002331,aqu020,72.0,no
fig-002436,aqu021,100.0,yes
fig-002434,aqu022,100.0,yes
fig-000004,pi080,85.5,yes
fig-000993,exf014,90.9,yes
fig-000845,cty0047,88.7,yes
fig-004842,exf015,89.6,yes
fig-002310,aqu024,90.0,yes
fig-000508,exf016,92.3,yes
fig-001200,exf017,90.0,yes
fig-001327,aqu023,90.0,yes
fig-001327,aqu025,90.0,yes
fig-000004,hp003,85.5,yes
fig-000005,baby020,85.5,yes
fig-000004,47394pb051,85.5,yes
fig-000004,sw0091,85.5,yes
fig-000010,sw0092,85.5,yes
fig-000012,sw0093,85.5,yes
fig-000007,sw0094,85.5,yes
fig-000010,twn036,85.5,yes
fig-000004,cas005,85.5,yes
fig-000004,47394pb052,85.5,yes
fig-000007,cas320,85.5,yes
fig-000027,cas321,85.5,yes
fig-016157,cas319,90.0,yes
fig-000004,sw0128a,85.5,yes
fig-000004,cty0087,85.5,yes
fig-000003,cty0085,85.5,yes
fig-000003,cty0086,85.5,yes
fig-000004,47205pb009,85.5,yes
fig-000004,twn037,85.5,yes
fig-000007,sw0036b,85.5,yes
fig-000004,sw0109a,85.5,yes
fig-000004,trn129a,85.5,yes
fig-000004,trn132,85.5,yes
fig-000029,sw0134a,85.5,yes
fig-000004,47394pb053,85.5,yes
fig-000004,47394pb054,85.5,yes
fig-000003,47394pb055,85.5,yes
fig-004843,exf018,93.2,yes
fig-000003,47205pb010,85.5,yes
fig-000004,47394pb056,85.5,yes
fig-000004,47394pb057,85.5,yes
fig-000020,gen017,85.5,yes
fig-001327,aqu027,90.0,yes
fig-001327,aqu026,90.0,yes
fig-001341,exf019,93.0,yes
fig-000048,fab2k,85.5,yes
fig-000003,cty0043,85.5,yes
fig-000003,cty0044,85.5,yes
fig-000004,cty0045,85.5,yes
fig-000003,4555pb215,85.5,yes
fig-000004,47394pb058,85.5,yes
fig-000004,47394pb059,85.5,yes
fig-013495,sp078,100.0,yes
fig-000005,sp070,85.5,yes
fig-000007,sp071,85.5,yes
fig-000004,sp072,85.5,yes
fig-000004,sp073,85.5,yes
fig-000004,sp074,85.5,yes
fig-010410,sp075,89.4,yes
fig-000004,sp076,85.5,yes
fig-000003,sp079,85.5,yes
fig-000004,sp080,85.5,yes
fig-000004,sp081,85.5,yes
fig-010413,sp077,92.6,yes
fig-010418,sp082,92.3,yes
fig-010419,sp083,100.0,yes
fig-010420,sp084,89.2,yes
fig-000004,cas322,85.5,yes
fig-000027,cas323,85.5,yes
fig-009254,51797s,90.0,yes
fig-000005,51798s,85.5,yes
fig-000005,51796s,85.5,yes
fig-000007,51801,85.5,yes
fig-000005,51800s,85.5,yes
fig-000004,4555pb216,85.5,yes
fig-000004,4555pb217,85.5,yes
fig-000004,4555pb218,85.5,yes
fig-000004,jred018,85.5,yes
fig-000003,47394pb060,85.5,yes
fig-000004,cas151a,85.5,yes
fig-000004,cas165a,85.5,yes
fig-000004,cas163a,85.5,yes
fig-000007,cas131a,85.5,yes
fig-000019,cas134a,85.5,yes
fig-000032,cas123a,85.5,yes
fig-000027,cas137a,85.5,yes
fig-000003,6453pb045,85.5,yes
fig-000004,47394pb063,85.5,yes
fig-000004,dupfig037,85.5,yes
fig-000005,baby021,85.5,yes
fig-000003,47394pb061,85.5,yes
fig-000003,6453pb046,85.5,yes
fig-000004,47205pb011,85.5,yes
fig-000003,47394pb064,85.5,yes
fig-000004,47394pb065,85.5,yes
fig-000003,47394pb066,85.5,yes
fig-000003,47394pb067,85.5,yes
fig-000004,47394pb062,85.5,yes
fig-000004,47394pb068,85.5,yes
fig-000003,jred019,85.5,yes
fig-000004,ext019,85.5,yes
fig-000004,twn038,85.5,yes
fig-000004,fab2l,85.5,yes
fig-000003,pln126,85.5,yes
fig-000003,pln127,85.5,yes
fig-000003,pln128,85.5,yes
fig-000005,pln129,85.5,yes
fig-000007,belvfemale74,85.5,yes
fig-000005,47394pb069,85.5,yes
fig-000004,4555pb221,85.5,yes
fig-000003,4555pb222,85.5,yes
fig-000003,47205pb012,85.5,yes
fig-000004,47205pb013,85.5,yes
fig-000004,47205pb014,85.5,yes
fig-000003,47205pb015,85.5,yes
fig-000004,6453pb047,85.5,yes
fig-000004,4555pb223,85.5,yes
fig-000004,4555pb224,85.5,yes
fig-008032,cty0088,89.3,yes
fig-000003,cty0090,85.5,yes
fig-000003,47205pb016,85.5,yes
fig-000003,47394pb070,85.5,yes
fig-000004,47394pb071,85.5,yes
fig-000003,47205pb017,85.5,yes
fig-000004,47205pb018,85.5,yes
fig-000004,47394pb072,85.5,yes
fig-000010,cas240a,85.5,yes
fig-000019,cas132a,85.5,yes
fig-000032,cas140a,85.5,yes
fig-000007,js029,85.5,yes
fig-000004,6453pb048,85.5,yes
fig-000003,4555pb225,85.5,yes
fig-000003,4555pb226,85.5,yes
fig-000004,4555pb227,85.5,yes
fig-000004,4555pb228,85.5,yes
fig-000003,6453pb049,85.5,yes
fig-000003,6453pb050,85.5,yes
fig-000003,4555pb229,85.5,yes
fig-000003,4555pb230,85.5,yes
fig-000003,4555pb231,85.5,yes
fig-000004,4555pb232,85.5,yes
fig-000004,4943pb017,85.5,yes
fig-000010,4555pb233,85.5,yes
fig-000010,4555pb234,85.5,yes
fig-000010,4555pb235,85.5,yes
fig-000004,belvfemale75,85.5,yes
fig-000004,belvfemale76,85.5,yes
fig-000004,4555pb239,85.5,yes
fig-000003,4555pb241,85.5,yes
fig-000004,4555pb242,85.5,yes
fig-000003,6453pb052,85.5,yes
fig-000005,ovr026,85.5,yes
fig-000003,zip028,85.5,yes
fig-008130,zip029,88.6,yes
fig-000007,hor025,85.5,yes
fig-001316,cop051,90.0,yes
fig-000003,firec028,85.5,yes
fig-000265,oct052,92.1,yes
fig-000010,twn039,85.5,yes
fig-000003,jbl012,85.5,yes
fig-000003,4555pb243,85.5,yes
fig-000003,4555pb244,85.5,yes
fig-000004,4555pb246,85.5,yes
fig-000004,47394pb073,85.5,yes
fig-000004,4555pb247,85.5,yes
fig-000467,twn040,86.1,yes
fig-000003,twn041,85.5,yes
fig-000003,pln113,85.5,yes
fig-000003,47394pb074,85.5,yes
fig-000004,47394pb075,85.5,yes
fig-000003,6453pb055,85.5,yes
fig-000005,trn133,85.5,yes
fig-000003,trn134,85.5,yes
fig-000003,but035,85.5,yes
fig-000004,ver016,85.5,yes
fig-000003,hor027,85.5,yes
fig-000004,trn135,85.5,yes
fig-000003,baby022,85.5,yes
fig-006691,trc005,88.3,yes
fig-000898,air037,90.0,yes
fig-000007,hgh008,85.5,yes
fig-000003,cop052,85.5,yes
fig-000004,pln130,85.5,yes
fig-000003,pln131,85.5,yes
fig-000004,4555pb251,85.5,yes
fig-000010,qtr001,85.5,yes
fig-000003,47394pb076,85.5,yes
fig-000004,47394pb077,85.5,yes
fig-000004,pln133,85.5,yes
fig-000004,cas113a,85.5,yes
fig-000004,47394pb078,85.5,yes
fig-000010,twn046,85.5,yes
fig-000007,belvbaby07,85.5,yes
fig-000007,belvfemale77,85.5,yes
fig-000003,belvmale19,85.5,yes
fig-000176,soc133,90.0,yes
fig-000176,soc134,90.0,yes
fig-000544,pln135,90.7,yes
fig-000003,zip032,85.5,yes
fig-000003,zip033,85.5,yes
fig-000003,zip034,85.5,yes
fig-008868,zip035,88.0,yes
fig-000010,ncklc013,85.5,yes
fig-000004,hor028,85.5,yes
fig-000003,pln140,85.5,yes
fig-000005,pln141,85.5,yes
fig-000005,zip036,85.5,yes
fig-000003,pln142,85.5,yes
fig-000003,pln143,85.5,yes
fig-000004,47394pb079,85.5,yes
fig-000004,47394pb081,85.5,yes
fig-000005,baby023,85.5,yes
fig-000003,47394pb080,85.5,yes
fig-000005,47394pb082,85.5,yes
fig-000007,sw0158,85.5,yes
fig-008579,pln144,87.9,yes
fig-000004,pln145,85.5,yes
fig-000003,47394pb083,85.5,yes
fig-000003,47394pb084,85.5,yes
fig-000004,div019,85.5,yes
fig-000003,4555pb252,85.5,yes
fig-000012,45219c03,90.0,yes
fig-000005,45219c04,85.5,yes
fig-000005,46085,85.5,yes
fig-000005,46038,85.5,yes
fig-000005,46088,85.5,yes
fig-000004,4555pb248,85.5,yes
fig-000004,4555pb142a,85.5,yes
fig-000003,4555pb250,85.5,yes
fig-001905,31310pb01,85.5,yes
fig-000864,31310pb02,85.5,yes
fig-001905,31310pb03,85.5,yes
fig-001905,31310pb04,85.5,yes
fig-000004,47394pb085,85.5,yes
fig-000027,dupfig039,85.5,yes
fig-008579,pln146,87.9,yes
fig-000003,pln147,85.5,yes
fig-000005,tel001s,85.5,yes
fig-000004,4555pb253,85.5,yes
fig-000004,4555pb254,85.5,yes
fig-000003,47394pb086,85.5,yes
fig-000003,47394pb087,85.5,yes
fig-000004,47394pb088,85.5,yes
fig-000004,47394pb089,85.5,yes
fig-000003,47394pb090,85.5,yes
fig-000003,zip039,85.5,yes
fig-000004,4555pb255,85.5,yes
fig-000004,trn136,85.5,yes
fig-001087,pln148,88.9,yes
fig-008219,pln149,88.0,yes
fig-000004,baby024,85.5,yes
fig-000004,4555pb256,85.5,yes
fig-000004,6453pb025,85.5,yes
fig-000004,cas324,85.5,yes
fig-006456,old048,97.7,yes
fig-006455,old049,97.6,yes
fig-000010,twn043,85.5,yes
fig-000005,ovr028,85.5,yes
fig-000010,par060,85.5,yes
fig-000005,pln150,85.5,yes
fig-000003,doc029,85.5,yes
fig-000003,doc030,85.5,yes
fig-000003,trn137,85.5,yes
fig-000003,pln151,85.5,yes
fig-000003,pln152,85.5,yes
fig-000003,zip040,85.5,yes
fig-000010,post005,85.5,yes
fig-000003,but036,85.5,yes
fig-000005,zip041,85.5,yes
fig-000003,doc031,85.5,yes
fig-000004,jred020,85.5,yes
fig-000005,but037,85.5,yes
fig-012889,pln153,89.0,yes
fig-000003,hor029,85.5,yes
fig-000005,zip042,85.5,yes
fig-000003,zip043,85.5,yes
fig-000005,ovr029,85.5,yes
fig-000010,hgh009,85.5,yes
fig-000007,hgh010,85.5,yes
fig-000004,ver017,85.5,yes
fig-000005,but038,85.5,yes
fig-000004,jred021,85.5,yes
fig-008294,jred022,87.8,yes
fig-006152,hp080,90.0,yes
fig-006153,hp081,95.4,yes
fig-000061,hp082,85.5,yes
fig-000004,hp083,85.5,yes
fig-000004,shell014,85.5,yes
fig-000004,con016s,85.5,yes
fig-000010,hp085,85.5,yes
fig-000003,pln154,85.5,yes
fig-000005,mm001,85.5,yes
fig-001014,mm002,90.0,yes
fig-000004,ovr027,85.5,yes
fig-000003,boat009,85.5,yes
fig-000004,ovr030,85.5,yes
fig-000004,boat011,85.5,yes
fig-000010,cty0046,85.5,yes
fig-000004,sw0159,85.5,yes
fig-003692,sw0160,95.2,yes
fig-003265,bob006,100.0,yes
fig-010445,sw0161,90.3,yes
fig-008777,cas326,90.0,yes
fig-009528,cas328,90.0,yes
fig-009528,cas327,90.0,yes
fig-009528,cas329,90.0,yes
fig-009528,cas330,90.0,yes
fig-009528,cas331,90.0,yes
fig-000010,cas332,85.5,yes
fig-000061,cas333,85.5,yes
fig-000005,cas334,85.5,yes
fig-000005,cas337,85.5,yes
fig-000005,cas336,85.5,yes
fig-000005,cas335,85.5,yes
fig-000010,sw0001c,85.5,yes
fig-000004,sw0095,85.5,yes
fig-000004,sw0096,85.5,yes
fig-000005,cas338,85.5,yes
fig-000005,cas339,85.5,yes
fig-000007,4j005a,85.5,yes
fig-015505,bob007,90.0,yes
fig-000072,bob008,85.5,yes
fig-001014,mm003,90.0,yes
fig-000005,cas340,85.5,yes
fig-000005,cas341,85.5,yes
fig-000004,47394pb091,85.5,yes
fig-000005,cty0048,85.5,yes
fig-004852,exf020,90.0,yes
fig-000004,sw0162,85.5,yes
fig-003690,sw0163,100.0,yes
fig-000004,ovr031,85.5,yes
fig-000004,oct060,85.5,yes
fig-000004,twn060,85.5,yes
fig-000004,cty0060,85.5,yes
fig-000004,cty0034,85.5,yes
fig-000061,sw0164,85.5,yes
fig-000005,cas342,85.5,yes
fig-000003,cas343,85.5,yes
fig-000005,cas345,85.5,yes
fig-000004,cas344,85.5,yes
fig-009804,twn044,89.5,yes
fig-000004,ovr032,85.5,yes
fig-000004,twn045,85.5,yes
fig-000004,4555pb160,85.5,yes
fig-000913,vik026,90.0,yes
fig-000913,vik027,90.0,yes
fig-000913,vik028,90.0,yes
fig-000913,vik029,90.0,yes
fig-000913,vik032,90.0,yes
fig-006845,vik033,90.0,yes
fig-000913,vik034,90.0,yes
fig-000913,vik035,90.0,yes
fig-000003,doc032,85.5,yes
fig-003844,bat021,90.0,yes
fig-014997,bob009,90.0,yes
fig-014997,bob010,90.0,yes
fig-000003,4555pb257,85.5,yes
fig-001014,mm004,90.0,yes
fig-000011,cas346,85.5,yes
fig-000005,cas347,85.5,yes
fig-000003,cas348,85.5,yes
fig-000005,cas349,85.5,yes
fig-014997,bob010s,90.0,yes
fig-014997,bob009s,90.0,yes
fig-016076,hp086,90.0,yes
fig-000010,bat022,85.5,yes
fig-000004,47394pb092,85.5,yes
fig-003676,sw0165,100.0,yes
fig-000005,air038,85.5,yes
fig-000005,boat010,85.5,yes
fig-000010,cty0049,85.5,yes
fig-000004,trn222,85.5,yes
fig-000003,cty0091,85.5,yes
fig-000832,oct053,88.8,yes
fig-000010,exx004s,85.5,yes
fig-000305,sw0166,95.0,yes
fig-000003,sw0167,85.5,yes
fig-000007,sw0012b,85.5,yes
fig-003680,sw0168,100.0,yes
fig-003682,sw0169,100.0,yes
fig-003681,sw0170,100.0,yes
fig-010446,sw0171,96.2,yes
fig-016016,sw0172,90.0,yes
fig-000004,sw0173,85.5,yes
fig-000004,47394pb093,85.5,yes
fig-000033,sw0174,85.5,yes
fig-000003,sw0175,85.5,yes
fig-000003,sw0176,85.5,yes
fig-000009,bat023,85.5,yes
fig-004774,trn138,86.4,yes
fig-000005,trn139,85.5,yes
fig-000004,trn140,85.5,yes
fig-000005,trn141,85.5,yes
fig-000005,trn142,85.5,yes
fig-000067,dupfig040,85.5,yes
fig-000004,cas350,85.5,yes
fig-016016,sw0172a,90.0,yes
fig-000003,cty0092,85.5,yes
fig-000003,chef016,85.5,yes
fig-000007,par062,85.5,yes
fig-000004,sw0177,85.5,yes
fig-003961,sw0178,87.8,yes
fig-015608,cas351,90.0,yes
fig-015608,cas352,90.0,yes
fig-001052,cas353,90.0,yes
fig-000010,sw0179,85.5,yes
fig-000003,cty0093,85.5,yes
fig-000004,4555pb258,85.5,yes
fig-000005,cas358,85.5,yes
fig-000023,cas359,85.5,yes
fig-000004,cas356,85.5,yes
fig-009901,cas355,90.0,yes
fig-009900,cas354,90.0,yes
fig-009906,cas357,90.0,yes
fig-000003,47394pb094,85.5,yes
fig-000003,47394pb095,85.5,yes
fig-000004,47394pb103,85.5,yes
fig-000004,47394pb104,85.5,yes
fig-000613,47394pb096,85.5,yes
fig-000005,belvfairy09a,85.5,yes
fig-000005,belvfairy09,85.5,yes
fig-000411,iaj001,90.0,yes
fig-013692,iaj002,90.0,yes
fig-005842,iaj003,87.1,yes
fig-000007,fab001BHP,85.5,yes
fig-000007,fab002BHP,85.5,yes
fig-000004,cas360,85.5,yes
fig-000005,cas361,85.5,yes
fig-000003,cty0094,85.5,yes
fig-000516,sw0180,85.5,yes
fig-003741,sw0181,86.3,yes
fig-000007,sw0187,85.5,yes
fig-000048,sw0183,85.5,yes
fig-000004,sw0184,85.5,yes
fig-000007,hp069d,85.5,yes
fig-004848,exf022,93.3,yes
fig-011960,bob012,90.0,yes
fig-001014,bob013,90.0,yes
fig-001014,bob014,90.0,yes
fig-000007,sw0188,85.5,yes
fig-002963,sw0182,90.0,yes
fig-000005,cas362,85.5,yes
fig-012537,mm006,100.0,yes
fig-005842,iaj004,87.1,yes
fig-003271,bob015,100.0,yes
fig-000003,cty0095,85.5,yes
fig-005842,iaj005,87.1,yes
fig-005842,iaj006,87.1,yes
fig-005838,iaj007,90.0,yes
fig-000038,gen018,85.5,yes
fig-000003,sw0189,85.5,yes
fig-000005,gen019,85.5,yes
fig-005860,iaj008,100.0,yes
fig-000010,iaj009,85.5,yes
fig-005862,iaj010,90.0,yes
fig-000003,47394pb105,85.5,yes
fig-000005,mm007,85.5,yes
fig-000003,belvfemale78,85.5,yes
fig-000004,mm008,85.5,yes
fig-000004,mm009,85.5,yes
fig-000004,47394pb106,85.5,yes
fig-008777,cas363,90.0,yes
fig-000003,mdf001,85.5,yes
fig-007805,cty0097,85.8,yes
fig-000003,cty0098,85.5,yes
fig-000003,cty0099,85.5,yes
fig-000004,cty0100,85.5,yes
fig-000004,cty0101,85.5,yes
fig-000003,cty0102,85.5,yes
fig-000003,cas364,85.5,yes
fig-000023,cas365,85.5,yes
fig-000005,pln134,85.5,yes
fig-000005,twn062,85.5,yes
fig-000004,cas366,85.5,yes
fig-000005,cas367,85.5,yes
fig-000003,twn065,85.5,yes
fig-000003,twn066,85.5,yes
fig-000040,twn067,85.5,yes
fig-000003,twn068,85.5,yes
fig-000004,twn069,85.5,yes
fig-000004,twn070,85.5,yes
fig-000004,oct061,85.5,yes
fig-000010,oct062,85.5,yes
fig-000004,cty0050,85.5,yes
fig-000003,post006,85.5,yes
fig-000029,cty0051,85.5,yes
fig-000003,post007,85.5,yes
fig-000007,tne001,85.5,yes
fig-000004,cty0052,85.5,yes
fig-000023,cas368,85.5,yes
fig-000023,cas369,85.5,yes
fig-000005,cas370,85.5,yes
fig-000005,cas371,85.5,yes
fig-004847,exf023,93.0,yes
fig-002493,bio013,90.0,yes
fig-000061,bio014,85.5,yes
fig-000061,bio015,85.5,yes
fig-002491,bio016,90.0,yes
fig-002500,bio017,90.0,yes
fig-002492,bio018,90.0,yes
fig-002498,bio019,90.0,yes
fig-002499,bio020,90.0,yes
fig-002497,bio021,90.0,yes
fig-002501,bio022,90.0,yes
fig-000004,cas372,85.5,yes
fig-000004,4555pb259,85.5,yes
fig-000004,47205pb019,85.5,yes
fig-000004,47394pb097,85.5,yes
fig-000004,47394pb098,85.5,yes
fig-004846,exf024,91.9,yes
fig-004849,exf025,93.6,yes
fig-009906,cas373,90.0,yes
fig-000004,cas374,85.5,yes
fig-000003,cas376,85.5,yes
fig-009906,cas377,90.0,yes
fig-002493,bio023,90.0,yes
fig-002505,bio024,90.0,yes
fig-000007,bio014a,85.5,yes
fig-002502,bio026,90.0,yes
fig-009528,cas378,90.0,yes
fig-007237,cty0103,86.8,yes
fig-000005,cty0104,85.5,yes
fig-000003,doc033,85.5,yes
fig-000004,cty0238,85.5,yes
fig-000004,air039,85.5,yes
fig-000004,cty0053,85.5,yes
fig-000004,cty0054,85.5,yes
fig-000004,cty0111,85.5,yes
fig-000004,cty0106,85.5,yes
fig-000004,belvmale20,85.5,yes
fig-000004,belvmale20a,85.5,yes
fig-000003,belvfemale79,85.5,yes
fig-000003,belvfemale79a,85.5,yes
fig-000003,msk001,85.5,yes
fig-000019,twn071,85.5,yes
fig-000004,twn072,85.5,yes
fig-000003,twn073,85.5,yes
fig-000004,twn074,85.5,yes
fig-000023,cas375,85.5,yes
fig-000019,sr001,85.5,yes
fig-006699,sr002,100.0,yes
fig-006694,sr003,100.0,yes
fig-006693,sr004,92.6,yes
fig-000007,bio015a,85.5,yes
fig-000004,47394pb107,85.5,yes
fig-006681,sp085,90.0,yes
fig-000005,sp086s,85.5,yes
fig-001014,sp087s,90.0,yes
fig-000010,cty0107,85.5,yes
fig-010445,sw0161a,86.0,yes
fig-006696,sr005,100.0,yes
fig-006697,sr006,100.0,yes
fig-006695,sr007,100.0,yes
fig-000003,sr008,85.5,yes
fig-006702,sr009,100.0,yes
fig-006700,sr010,100.0,yes
fig-006703,sr011,100.0,yes
fig-006704,sr012,100.0,yes
fig-006705,sr013,100.0,yes
fig-006701,sr014,100.0,yes
fig-000003,belvfemale80,85.5,yes
fig-005871,iaj011,90.0,yes
fig-005835,iaj012,100.0,yes
fig-005855,iaj013,95.0,yes
fig-005859,iaj014,100.0,yes
fig-005869,iaj015,100.0,yes
fig-005869,iaj016,93.6,yes
fig-000025,gen021,90.0,yes
fig-005854,iaj018,100.0,yes
fig-005855,iaj017,95.0,yes
fig-005838,iaj019,90.0,yes
fig-009479,sp089,90.0,yes
fig-000005,cas379,85.5,yes
fig-000005,cas380,85.5,yes
fig-000004,cas381,85.5,yes
fig-000005,cas382,85.5,yes
fig-000005,cas383,85.5,yes
fig-000030,sp085sa,85.5,yes
fig-000030,sp085sb,85.5,yes
fig-000898,iaj022,100.0,yes
fig-000004,47394pb101,85.5,yes
fig-003492,air040,85.5,yes
fig-014260,air041,90.0,yes
fig-002273,agt001,95.0,yes
fig-002264,agt002,100.0,yes
fig-002270,agt003,100.0,yes
fig-000010,bat024,85.5,yes
fig-010942,bat025,90.0,yes
fig-001805,bat026,90.0,yes
fig-002280,agt004,90.0,yes
fig-002297,agt005,100.0,yes
fig-002295,agt006,90.2,yes
fig-000898,cty0071,90.0,yes
fig-000898,cty0072,90.0,yes
fig-005921,cty0073,90.0,yes
fig-004556,cty0074,90.0,yes
fig-000018,mm010,90.0,yes
fig-001014,mm011,90.0,yes
fig-004556,cty0075,90.0,yes
fig-000004,cty0076,85.5,yes
fig-000004,cty0096,85.5,yes
fig-000003,rac035,85.5,yes
fig-000005,rac036,85.5,yes
fig-000003,rac030a,85.5,yes
fig-000061,rac037,85.5,yes
fig-002300,agt007,100.0,yes
fig-002290,agt008,100.0,yes
fig-002265,agt009,90.0,yes
fig-000005,sp005new,85.5,yes
fig-002265,agt010,100.0,yes
fig-002275,agt011,100.0,yes
fig-002300,agt012,90.0,yes
fig-002260,agt013,90.0,yes
fig-002286,agt014,90.0,yes
fig-005855,iaj021,95.0,yes
fig-004556,cty0077,90.0,yes
fig-004556,cty0089,90.0,yes
fig-000005,cty0108,85.5,yes
fig-000005,4j003a,85.5,yes
fig-000005,jail004,85.5,yes
fig-000520,jred024,86.8,yes
fig-000007,sp086,85.5,yes
fig-001014,sp087,90.0,yes
fig-000007,sp088,85.5,yes
fig-004556,cty0070,90.0,yes
fig-000004,47394pb100,85.5,yes
fig-001014,mm012,90.0,yes
fig-002263,agt016,100.0,yes
fig-002262,agt017,100.0,yes
fig-000053,bob016,85.5,yes
fig-000061,bob017b,85.5,yes
fig-002280,agt018,90.0,yes
fig-000005,sp088s,85.5,yes
fig-000004,4555pb260,85.5,yes
fig-002291,agt015,92.8,yes
fig-000898,cty0078,90.0,yes
fig-010496,tech033,90.3,yes
fig-010497,tech034,85.7,yes
fig-001014,mm013,90.0,yes
fig-001014,mm014,90.0,yes
fig-002294,agt001a,95.1,yes
fig-000004,47394pb108,85.5,yes
fig-003720,sw0190,90.0,yes
fig-000007,sw0191,85.5,yes
fig-006546,cas384,90.0,yes
fig-000005,tel005s,85.5,yes
fig-000005,tel006s,85.5,yes
fig-014293,sw0192,90.0,yes
fig-000007,sw0196,85.5,yes
fig-000053,sw0197,85.5,yes
fig-000010,sw0195,85.5,yes
fig-000005,sw0198,85.5,yes
fig-003731,sw0193,100.0,yes
fig-004005,sw0194,90.0,yes
fig-000007,sw0200,85.5,yes
fig-000061,sw0201,85.5,yes
fig-000007,sw0202,85.5,yes
fig-009479,sw0001d,90.0,yes
fig-000007,sw0203,85.5,yes
fig-000005,cas385,85.5,yes
fig-000005,cas386,85.5,yes
fig-000005,cas387,85.5,yes
fig-000010,cas388,85.5,yes
fig-009901,cas389,90.0,yes
fig-009904,cas390,90.0,yes
fig-009899,cas391,90.0,yes
fig-009906,cas392,90.0,yes
fig-009903,cas393,90.0,yes
fig-000004,cas394,85.5,yes
fig-000005,cas395,85.5,yes
fig-008777,cas396,90.0,yes
fig-014181,cas397,90.0,yes
fig-000023,cas399,85.5,yes
fig-000023,cas400,85.5,yes
fig-000023,cas401,85.5,yes
fig-000023,cas398,85.5,yes
fig-000176,soc135,90.0,yes
fig-000176,soc136,90.0,yes
fig-000176,soc137,90.0,yes
fig-000176,soc138,90.0,yes
fig-000176,soc139,90.0,yes
fig-000176,soc140,90.0,yes
fig-000176,soc141,90.0,yes
fig-000005,mm015,85.5,yes
fig-000278,gen023,88.9,yes
fig-000004,sw0199,85.5,yes
fig-000010,gen024,85.5,yes
fig-000004,47394pb099,85.5,yes
fig-000003,arc013,85.5,yes
fig-000004,cty0112,85.5,yes
fig-000010,par063,85.5,yes
fig-000003,chef017,85.5,yes
fig-001327,cty0068,90.0,yes
fig-000004,cty0067,85.5,yes
fig-000005,cty0066,85.5,yes
fig-000004,ovr033,85.5,yes
fig-000005,trn143,85.5,yes
fig-000004,tech032,85.5,yes
fig-000004,47394pb109,85.5,yes
fig-001157,47394pb110,90.0,yes
fig-000003,47394pb111,85.5,yes
fig-000020,pi066a,85.5,yes
fig-000003,47394pb102,85.5,yes
fig-000004,47394pb112,85.5,yes
fig-009479,sp090,90.0,yes
fig-004556,cty0109,90.0,yes
fig-005025,sw0204,90.0,yes
fig-005025,sw0205,90.0,yes
fig-000004,sw0206,85.5,yes
fig-006546,sw0207,90.0,yes
fig-000163,sw0208,85.5,yes
fig-000037,sw0209,85.5,yes
fig-003852,sw0210,89.9,yes
fig-010448,sw0211,90.0,yes
fig-010857,sw0212,95.0,yes
fig-003799,sw0213,100.0,yes
fig-000003,sw0215,93.0,yes
fig-006432,ixs006a,90.0,yes
fig-000738,ixs003a,95.0,yes
fig-006430,ixs004a,90.0,yes
fig-002687,sw0217,93.5,yes
fig-000003,pln155,85.5,yes
fig-000003,pln156,85.5,yes
fig-005921,pln157,90.0,yes
fig-000003,pln155s,85.5,yes
fig-000003,pln156s,85.5,yes
fig-000007,cas404,85.5,yes
fig-000579,cas403,90.0,yes
fig-000004,cas405,85.5,yes
fig-000005,cas406,85.5,yes
fig-000932,rac038,90.0,yes
fig-006677,rac039,85.7,yes
fig-000012,rac040,85.5,yes
fig-000004,rac041,85.5,yes
fig-000003,rac035s,85.5,yes
fig-000005,rac036s2,85.5,yes
fig-002269,agt019,100.0,yes
fig-000962,fst003,90.0,yes
fig-000962,fst004,90.0,yes
fig-000962,fst005,90.0,yes
fig-000962,fst006,90.0,yes
fig-000962,fst007,90.0,yes
fig-000962,fst008,90.0,yes
fig-000049,fst009,85.5,yes
fig-000049,fst010,85.5,yes
fig-000003,fst011,85.5,yes
fig-000003,fst012,85.5,yes
fig-000004,fst013,85.5,yes
fig-000004,fst014,85.5,yes
fig-001551,fst015,90.0,yes
fig-002280,agt020,90.0,yes
fig-000004,4555pb261,85.5,yes
fig-001327,cty0065,90.0,yes
fig-000004,cty0064,85.5,yes
fig-004556,cty0063,90.0,yes
fig-007014,btb005,90.0,yes
fig-002025,ovr034,86.4,yes
fig-000003,but039,85.5,yes
fig-000003,but040,85.5,yes
fig-000004,47394pb113,85.5,yes
fig-000004,shell004a,85.5,yes
fig-006029,pi081,90.0,yes
fig-000004,pi082,85.5,yes
fig-005548,pi083,92.7,yes
fig-005207,pi084,93.4,yes
fig-000027,pi085,85.5,yes
fig-006324,pi086,67.5,no
fig-000030,pi087,85.5,yes
fig-005887,pi088,100.0,yes
fig-000005,pi089,85.5,yes
fig-000030,pi090,85.5,yes
fig-005297,pi091,87.0,yes
fig-000004,pi093,85.5,yes
fig-000007,pi092,85.5,yes
fig-005549,pi094,89.2,yes
fig-000004,pi095,85.5,yes
fig-000003,pi096,85.5,yes
fig-000010,pi097,85.5,yes
fig-000007,pi098,85.5,yes
fig-005558,pi099,94.5,yes
fig-000010,pi100,85.5,yes
fig-000003,cty0062,85.5,yes
fig-006527,pi101,90.0,yes
fig-006527,pi102,90.0,yes
fig-000004,twn075,85.5,yes
fig-000003,twn076,85.5,yes
fig-005559,pi103,86.9,yes
fig-000004,gen020,85.5,yes
fig-000004,ovr035,85.5,yes
fig-000007,sw0188a,85.5,yes
fig-000061,sw0214,85.5,yes
fig-000003,4555pb262,85.5,yes
fig-000004,cty0105,85.5,yes
fig-000005,cas407,85.5,yes
fig-000004,rac042,85.5,yes
fig-000004,rac042s,85.5,yes
fig-000005,rac043,85.5,yes
fig-000005,rac043s,85.5,yes
fig-000061,rac044,85.5,yes
fig-000038,rac044s,85.5,yes
fig-006653,pm001,85.9,yes
fig-000026,pm002,90.0,yes
fig-000072,pm003,85.5,yes
fig-006642,pm004,86.5,yes
fig-005842,iaj023,87.1,yes
fig-000004,cty0113,85.5,yes
fig-000004,cty0110,85.5,yes
fig-000005,cty0114,85.5,yes
fig-000581,sw0218,94.1,yes
fig-000004,cty0115,85.5,yes
fig-002280,agt020a,90.0,yes
fig-000411,iaj024,90.0,yes
fig-005848,iaj025,100.0,yes
fig-005865,iaj026,100.0,yes
fig-005866,iaj027,95.0,yes
fig-005867,iaj028,95.0,yes
fig-000010,sw0219,85.5,yes
fig-000007,sw0220,85.5,yes
fig-006635,pm005,86.5,yes
fig-016456,pm006,90.0,yes
fig-016456,pm007,90.0,yes
fig-000061,sw0221,85.5,yes
fig-003755,sw0222,94.5,yes
fig-000004,sw0223,85.5,yes
fig-003754,sw0228,90.0,yes
fig-003756,sw0229,93.3,yes
fig-003706,sw0230,96.9,yes
fig-000005,gen025,85.5,yes
fig-000019,cty0130,85.5,yes
fig-000004,cty0129,85.5,yes
fig-000003,twn048,85.5,yes
fig-000003,cty0128,85.5,yes
fig-000866,pm008,90.0,yes
fig-000866,pm009,90.0,yes
fig-001059,pm010,90.0,yes
fig-001953,spd001a,90.0,yes
fig-016456,pm011,90.0,yes
fig-000004,gg019a,85.5,yes
fig-003722,sw0231,96.3,yes
fig-000004,cty0125,85.5,yes
fig-000004,cty0126,85.5,yes
fig-000005,cas408,85.5,yes
fig-000053,cas409,85.5,yes
fig-000007,cas410,85.5,yes
fig-000053,cas411,85.5,yes
fig-000053,cas412,85.5,yes
fig-006524,cas413,90.0,yes
fig-005863,iaj029,100.0,yes
fig-000003,cty0131,85.5,yes
fig-000020,bob019,85.5,yes
fig-000053,bob020,85.5,yes
fig-000038,bob021,85.5,yes
fig-002941,bob022,90.0,yes
fig-003721,sw0225,100.0,yes
fig-003278,bob023,90.5,yes
fig-000004,sw0234,85.5,yes
fig-000053,sw0224,85.5,yes
fig-000004,cty0132,85.5,yes
fig-000004,pln136,85.5,yes
fig-000007,pi104,85.5,yes
fig-000003,pi105,85.5,yes
fig-005543,pi106,92.8,yes
fig-002300,pi107,90.0,yes
fig-000003,chef018,85.5,yes
fig-016456,pm012,90.0,yes
fig-000003,but034,85.5,yes
fig-000004,cas414,85.5,yes
fig-000004,twn047,85.5,yes
fig-000010,cty0133,85.5,yes
fig-000019,cty0134,85.5,yes
fig-011923,cty0135,90.0,yes
fig-005279,cty0136,90.0,yes
fig-000004,sp003new,85.5,yes
fig-000003,sp006new,85.5,yes
fig-000037,sw0232,85.5,yes
fig-000004,dupfig041,85.5,yes
fig-012094,cas050new,90.0,yes
fig-000004,pi013new,85.5,yes
fig-016456,pm013,90.0,yes
fig-016456,pm014,90.0,yes
fig-000004,47394pb114,85.5,yes
fig-000004,47394pb115,85.5,yes
fig-000962,hrf004new,90.0,yes
fig-000007,sw0085a,85.5,yes
fig-000003,old016s,85.5,yes
fig-013692,iaj030,90.0,yes
fig-000007,sw0002b,85.5,yes
fig-000004,cty0137,85.5,yes
fig-000004,cty0138,85.5,yes
fig-000010,post001new,85.5,yes
fig-000004,twn050,85.5,yes
fig-000004,47394pb116,85.5,yes
fig-000004,twn051,85.5,yes
fig-000004,belvfemale54a,85.5,yes
fig-000010,trn144,85.5,yes
fig-000003,pln158,85.5,yes
fig-000004,trn146,85.5,yes
fig-001711,bob017,85.5,yes
fig-005851,iaj031,100.0,yes
fig-005850,iaj032,95.5,yes
fig-000411,iaj033,90.0,yes
fig-005853,iaj034,95.0,yes
fig-005853,iaj035,95.0,yes
fig-000005,ovr036,85.5,yes
fig-009416,cty0139,87.8,yes
fig-009415,cty0140,88.8,yes
fig-009433,cty0141,85.7,yes
fig-000004,cty0142,85.5,yes
fig-000004,pln105,85.5,yes
fig-000004,pln110,85.5,yes
fig-000003,pln114,85.5,yes
fig-000003,pln115,85.5,yes
fig-002522,sw0235,85.5,yes
fig-003812,sw0236,91.9,yes
fig-000053,sw0239,85.5,yes
fig-012953,sw0237,90.0,yes
fig-003629,sw0238,79.2,no
fig-000053,sw0240,85.5,yes
fig-000003,soc117s,85.5,yes
fig-000003,soc116s,85.5,yes
fig-000176,soc124s,90.0,yes
fig-000176,soc123s,90.0,yes
fig-000176,soc125s,90.0,yes
fig-000176,soc126s,90.0,yes
fig-000176,soc127s,90.0,yes
fig-000176,soc118s,90.0,yes
fig-000176,soc119s,90.0,yes
fig-000176,soc120s,90.0,yes
fig-000176,soc121s,90.0,yes
fig-000176,soc122s,90.0,yes
fig-005838,iaj036,90.0,yes
fig-005840,iaj037,100.0,yes
fig-005841,iaj038,100.0,yes
fig-005831,iaj039,96.1,yes
fig-005832,iaj041,100.0,yes
fig-005833,iaj042,100.0,yes
fig-005834,iaj043,100.0,yes
fig-002302,agt021,100.0,yes
fig-002304,agt022,90.7,yes
fig-002305,agt023,100.0,yes
fig-002303,agt024,100.0,yes
fig-002280,agt025,90.0,yes
fig-003380,agt026,100.0,yes
fig-000004,twn077,85.5,yes
fig-000003,twn078,85.5,yes
fig-000004,twn079,85.5,yes
fig-000005,pm015,85.5,yes
fig-003402,pm016,90.0,yes
fig-006546,cas415,90.0,yes
fig-001052,cas416,90.0,yes
fig-000005,cas417,85.5,yes
fig-006649,pm017,95.1,yes
fig-000579,cas403a,90.0,yes
fig-000176,soc133s,90.0,yes
fig-000176,soc134s,90.0,yes
fig-000005,cas420,85.5,yes
fig-001052,cas421,90.0,yes
fig-000005,cas422,85.5,yes
fig-000018,sp091,90.0,yes
fig-000018,sp092,90.0,yes
fig-000018,sp093,90.0,yes
fig-000010,cas423,85.5,yes
fig-000005,cas424,85.5,yes
fig-000004,cas418,85.5,yes
fig-000005,cas419,85.5,yes
fig-000070,sp094,86.7,yes
fig-002238,sp095,87.1,yes
fig-002238,sp096,87.1,yes
fig-000018,sp097,90.0,yes
fig-002238,sp098,90.5,yes
fig-000061,sw0233,85.5,yes
fig-003805,sw0241,100.0,yes
fig-000078,sw0242,90.0,yes
fig-000072,sw0243,85.5,yes
fig-003810,sw0244,90.0,yes
fig-003719,sw0245,100.0,yes
fig-003718,sw0246,100.0,yes
fig-003713,sw0247,90.0,yes
fig-003716,sw0248,100.0,yes
fig-003715,sw0249,100.0,yes
fig-003714,sw0250,95.0,yes
fig-000007,sw0251,85.5,yes
fig-003383,agt027,100.0,yes
fig-003384,agt028,100.0,yes
fig-000053,agt029,85.5,yes
fig-002275,agt030,90.0,yes
fig-016456,pm019,90.0,yes
fig-016456,pm020,90.0,yes
fig-016456,pm018,90.0,yes
fig-000004,cty0143,85.5,yes
fig-000004,cty0144,85.5,yes
fig-000010,cty0145,85.5,yes
fig-000004,cty0146,85.5,yes
fig-000003,chef019,85.5,yes
fig-000004,ovr037,85.5,yes
fig-000004,cty0147,85.5,yes
fig-000004,sw0005a,85.5,yes
fig-000004,cty0149,85.5,yes
fig-000005,sp007new,85.5,yes
fig-000004,cas425,85.5,yes
fig-000005,cas426,85.5,yes
fig-000004,cty0148,85.5,yes
fig-000003,sw0252,85.5,yes
fig-000005,sw0253,85.5,yes
fig-000166,pi061a,85.5,yes
fig-016456,pm022,90.0,yes
fig-000004,47394pb117,85.5,yes
fig-009411,cty0150,90.7,yes
fig-009413,cty0151,85.8,yes
fig-009433,cty0152,85.7,yes
fig-000003,twn049,85.5,yes
fig-000411,iaj044,90.0,yes
fig-002238,sp099,87.1,yes
fig-000070,sp100,86.7,yes
fig-005025,sw0097,90.0,yes
fig-000004,fab3i,85.5,yes
fig-000003,47394pb118,85.5,yes
fig-000005,85363pb001,85.5,yes
fig-000019,sw0095a,85.5,yes
fig-000544,pln159,90.7,yes
fig-000010,par064,85.5,yes
fig-000018,sp101,90.0,yes
fig-000018,sp102,90.0,yes
fig-002271,sp103,91.8,yes
fig-000070,sp104,86.7,yes
fig-003388,agt013a,90.1,yes
fig-000023,cas427,85.5,yes
fig-000010,cas428,85.5,yes
fig-009903,cas429,90.0,yes
fig-000004,cas430,85.5,yes
fig-009904,cas431,90.0,yes
fig-009906,cas432,90.0,yes
fig-009899,cas433,90.0,yes
fig-005830,iaj045,100.0,yes
fig-000070,sp105,86.7,yes
fig-000070,sp106,86.7,yes
fig-002238,sp107,87.1,yes
fig-000004,twn080,85.5,yes
fig-000004,twn081,85.5,yes
fig-000010,twn082,85.5,yes
fig-000003,twn083,85.5,yes
fig-000004,twn084,85.5,yes
fig-000004,twn085,85.5,yes
fig-000004,twn086,85.5,yes
fig-000004,twn087,85.5,yes
fig-000005,twn088,85.5,yes
fig-000004,ovr038,85.5,yes
fig-000005,ovr039,85.5,yes
fig-000411,iaj020,90.0,yes
fig-000003,2327pb35,85.5,yes
fig-000025,gen021a,90.0,yes
fig-000019,85863pb001,85.5,yes
fig-000003,85863pb002,85.5,yes
fig-000027,85863pb003,85.5,yes
fig-000032,85863pb004,85.5,yes
fig-002075,85863pb005,85.5,yes
fig-000090,85863pb006,85.5,yes
fig-000027,85863pb007,85.5,yes
fig-000048,85863pb008,85.5,yes
fig-000019,85863pb009,85.5,yes
fig-010421,sp108,100.0,yes
fig-009479,sw0255,90.0,yes
fig-000010,sw0256,85.5,yes
fig-000003,belvfemale47a,85.5,yes
fig-000003,belvfemale15a,85.5,yes
fig-000007,belvfemale39a,85.5,yes
fig-000003,belvfemale32a,85.5,yes
fig-014877,belvfemale04a,90.0,yes
fig-000003,belvfemale31a,85.5,yes
fig-000005,belvfemale06a,85.5,yes
fig-014919,belvfemale40a,90.0,yes
fig-000038,gen026,85.5,yes
fig-000004,cas229new,85.5,yes
fig-000007,cas128new,85.5,yes
fig-000005,sp004new,85.5,yes
fig-000003,doc034,85.5,yes
fig-000004,game008,85.5,yes
fig-000007,85863pb011,85.5,yes
fig-000003,4555pb263,85.5,yes
fig-015317,sw0031b,90.0,yes
fig-000005,cas420a,85.5,yes
fig-010646,oct063,90.2,yes
fig-000005,trn147,85.5,yes
fig-000004,twn089,85.5,yes
fig-000003,47205pb020,85.5,yes
fig-000003,47394pb120,85.5,yes
fig-000004,47394pb121,85.5,yes
fig-005559,pi108,93.1,yes
fig-000003,post008,85.5,yes
fig-001208,hol004,90.0,yes
fig-000004,cty0153,85.5,yes
fig-000004,pln160,85.5,yes
fig-000776,cty0155,89.1,yes
fig-000003,cty0156,85.5,yes
fig-000965,cty0157,90.0,yes
fig-000010,cty0158,85.5,yes
fig-000066,wtr005,90.0,yes
fig-000004,cas434,85.5,yes
fig-000003,pln161,85.5,yes
fig-000004,twn091,85.5,yes
fig-000003,twn092,85.5,yes
fig-000007,twn093,85.5,yes
fig-000168,soc142,85.5,yes
fig-000034,soc143,85.5,yes
fig-000007,twn094,85.5,yes
fig-008219,twn095,88.0,yes
fig-000038,gen027,85.5,yes
fig-000005,cty0159,85.5,yes
fig-000032,85863pb012,85.5,yes
fig-000048,85863pb013,85.5,yes
fig-000795,85863pb014,85.5,yes
fig-000030,pi109,85.5,yes
fig-000004,pi110,85.5,yes
fig-000004,cty0154,85.5,yes
fig-000005,par055,85.5,yes
fig-005097,sw0257,90.0,yes
fig-000003,sw0175a,85.5,yes
fig-000007,pi111,85.5,yes
fig-000004,pi112,85.5,yes
fig-000030,pi114,85.5,yes
fig-000110,pi113,100.0,yes
fig-007331,hol001,90.0,yes
fig-000775,hol002,85.5,yes
fig-000004,twn090,85.5,yes
fig-007330,twn059,88.1,yes
fig-000004,twn058,85.5,yes
fig-000003,twn056,85.5,yes
fig-000010,twn055,85.5,yes
fig-005559,pi115,86.9,yes
fig-000003,pln162,85.5,yes
fig-000004,pln163,85.5,yes
fig-000003,pck025,85.5,yes
fig-000967,atl001,90.0,yes
fig-000070,sp109,86.7,yes
fig-000010,trc006,85.5,yes
fig-000004,ver018,85.5,yes
fig-001327,atl002,90.0,yes
fig-006633,pm023,86.1,yes
fig-016456,pm024,90.0,yes
fig-002440,atl004,100.0,yes
fig-000003,cty0055,85.5,yes
fig-000003,cty0056,85.5,yes
fig-000004,cty0057,85.5,yes
fig-000003,47394pb122,85.5,yes
fig-000072,pm025,85.5,yes
fig-000018,sp110,90.0,yes
fig-000018,sp111,90.0,yes
fig-002238,sp112,87.1,yes
fig-000007,pm026,85.5,yes
fig-000004,cty0160,85.5,yes
fig-000005,cty0161,85.5,yes
fig-000049,gen028,85.5,yes
fig-000004,cty0162,85.5,yes
fig-000840,atl003,100.0,yes
fig-001327,atl005,90.0,yes
fig-000038,atl006,85.5,yes
fig-002441,atl007,100.0,yes
fig-001327,atl008,90.0,yes
fig-000166,sw0258,85.5,yes
fig-000305,sw0259,85.5,yes
fig-000235,sw0260,90.0,yes
fig-000449,toy001,90.0,yes
fig-003231,toy002,97.1,yes
fig-016506,toy003,100.0,yes
fig-003223,toy004,100.0,yes
fig-011127,sw0261,90.0,yes
fig-000004,sw0262,85.5,yes
fig-001327,atl009,90.0,yes
fig-003232,toy005,100.0,yes
fig-000018,toy006,100.0,yes
fig-003220,toy008,90.0,yes
fig-003221,toy009,100.0,yes
fig-001516,sw0263,85.5,yes
fig-000482,sw0264,90.0,yes
fig-000005,sw0265,85.5,yes
fig-000004,sw0266,85.5,yes
fig-003722,sw0267,85.9,yes
fig-000003,twn096,85.5,yes
fig-000004,twn097,85.5,yes
fig-009479,sw0227,90.0,yes
fig-000004,47394pb123,85.5,yes
fig-000004,47205pb021,85.5,yes
fig-000402,cty0163,90.9,yes
fig-000192,belvbaby02a,85.5,yes
fig-000061,belvbaby03a,85.5,yes
fig-000061,belvbaby04a,85.5,yes
fig-000007,belvbaby07a,85.5,yes
fig-000007,belvbaby07b,85.5,yes
fig-014876,belvfemale08a,90.0,yes
fig-000061,belvfemale09a,85.5,yes
fig-000003,belvfemale12a,85.5,yes
fig-000004,belvfemale14a,85.5,yes
fig-000003,belvfemale16a,85.5,yes
fig-014864,belvfemale17a,90.0,yes
fig-000003,belvfemale17b,85.5,yes
fig-000004,belvfemale18a,85.5,yes
fig-000003,belvfemale20a,85.5,yes
fig-000003,belvfemale20b,85.5,yes
fig-000003,belvfemale21a,85.5,yes
fig-000003,belvfemale21b,85.5,yes
fig-000007,belvfemale23a,85.5,yes
fig-014864,belvfemale24a,90.0,yes
fig-000005,belvfemale24b,85.5,yes
fig-000004,belvfemale26a,85.5,yes
fig-000003,belvfemale28a,85.5,yes
fig-000003,belvfemale35a,85.5,yes
fig-000003,belvfemale36a,85.5,yes
fig-000003,belvfemale37a,85.5,yes
fig-000007,belvfemale39b,85.5,yes
fig-000004,belvfemale41a,85.5,yes
fig-000003,belvfemale42a,85.5,yes
fig-000005,belvfemale44a,85.5,yes
fig-000004,belvfemale45a,85.5,yes
fig-000003,belvfemale46a,85.5,yes
fig-000004,belvfemale48a,85.5,yes
fig-000003,belvfemale49a,85.5,yes
fig-000007,belvfemale51a,85.5,yes
fig-000005,belvfemale53a,85.5,yes
fig-000003,belvfemale59a,85.5,yes
fig-000004,belvfemale60a,85.5,yes
fig-000003,belvfemale61a,85.5,yes
fig-000005,belvfemale65a,85.5,yes
fig-000005,belvfemale66a,85.5,yes
fig-000003,belvfemale67a,85.5,yes
fig-000004,belvfemale68a,85.5,yes
fig-000003,belvfemale69a,85.5,yes
fig-000004,belvfemale70a,85.5,yes
fig-000005,belvfemale71a,85.5,yes
fig-000005,belvfemale71b,85.5,yes
fig-000004,belvfemale72a,85.5,yes
fig-000003,belvfemale73a,85.5,yes
fig-000007,belvfemale74a,85.5,yes
fig-000004,belvfemale75a,85.5,yes
fig-000005,belvfemale76a,85.5,yes
fig-000007,belvfemale77a,85.5,yes
fig-000003,belvfemale78a,85.5,yes
fig-000003,belvmale01a,85.5,yes
fig-000004,belvmale04a,85.5,yes
fig-000003,belvmale07a,85.5,yes
fig-000003,belvmale10a,85.5,yes
fig-000003,belvmale11a,85.5,yes
fig-000003,belvmale15a,85.5,yes
fig-000004,belvmale17a,85.5,yes
fig-000003,belvmale18a,85.5,yes
fig-000003,belvmale19a,85.5,yes
fig-003834,sw0269,90.9,yes
fig-000061,atl010,85.5,yes
fig-000004,4555pb203,85.5,yes
fig-006029,pi116,90.0,yes
fig-000007,pi117,85.5,yes
fig-000010,pi118,85.5,yes
fig-000005,pi119,85.5,yes
fig-005564,pi120,86.2,yes
fig-011612,pi121,75.0,no
fig-010450,sw0270,100.0,yes
fig-000004,sw0271,85.5,yes
fig-000007,sw0272,85.5,yes
fig-000898,sw0268,90.0,yes
fig-000003,sw0273,85.5,yes
fig-000003,sw0274,85.5,yes
fig-000003,47394pb124,85.5,yes
fig-000004,47394pb125,85.5,yes
fig-000003,47394pb126,85.5,yes
fig-000366,85863pb015,90.0,yes
fig-000366,85863pb016,90.0,yes
fig-000366,85863pb017,90.0,yes
fig-000366,85863pb018,90.0,yes
fig-000004,cas007,85.5,yes
fig-001327,atl006a,90.0,yes
fig-000003,cty0164,85.5,yes
fig-000003,cty0165,85.5,yes
fig-000003,cty0166,85.5,yes
fig-000007,btb007,85.5,yes
fig-000003,cty0167,85.5,yes
fig-000004,twn098,85.5,yes
fig-000003,twn099,85.5,yes
fig-000005,cty0170,85.5,yes
fig-000019,cty0171,85.5,yes
fig-000072,pm027,85.5,yes
fig-000003,4555pb204,85.5,yes
fig-000005,cas436,85.5,yes
fig-000004,air042,85.5,yes
fig-010576,cty0172,90.0,yes
fig-000003,twn052,85.5,yes
fig-009645,cty0169,90.7,yes
fig-000004,cty0168,85.5,yes
fig-000004,air043,85.5,yes
fig-009640,twn053,87.7,yes
fig-000004,sw0275,85.5,yes
fig-000004,cty0173,85.5,yes
fig-006627,pm029,85.5,yes
fig-016456,pm030,90.0,yes
fig-016456,pm031,90.0,yes
fig-000003,cty0174,85.5,yes
fig-000003,oct054,85.5,yes
fig-000516,sw0277,85.5,yes
fig-000003,pln164,85.5,yes
fig-006863,cas122new,100.0,yes
fig-009442,twn100,86.8,yes
fig-008322,twn101,90.0,yes
fig-008320,twn102,90.0,yes
fig-000004,twn103,85.5,yes
fig-000004,twn104,85.5,yes
fig-008131,twn105,89.8,yes
fig-005279,twn106,90.0,yes
fig-000004,stu010b,85.5,yes
fig-004485,sw0250a,95.0,yes
fig-016456,pm032,90.0,yes
fig-006312,pop001,100.0,yes
fig-006311,pop002,100.0,yes
fig-006309,pop003,100.0,yes
fig-006316,pop005,90.0,yes
fig-006317,pop006,90.0,yes
fig-005097,sw0257a,90.0,yes
fig-000019,cty0134a,85.5,yes
fig-000180,pop007,90.0,yes
fig-006315,pop008,100.0,yes
fig-006314,pop009,100.0,yes
fig-009490,gen029,90.0,yes
fig-000180,pop004,90.0,yes
fig-006307,pop010,100.0,yes
fig-006308,pop011,100.0,yes
fig-006310,pop012,90.0,yes
fig-006303,pop013,95.0,yes
fig-006303,pop014,95.0,yes
fig-006306,pop015,90.0,yes
fig-006302,pop016,90.0,yes
fig-000004,air044,85.5,yes
fig-000004,twn107,85.5,yes
fig-000004,air045,85.5,yes
fig-000003,soc011s06,85.5,yes
fig-000004,cty0124,85.5,yes
fig-001361,old050,95.0,yes
fig-000004,cty0175,85.5,yes
fig-000003,85863pb019,85.5,yes
fig-000032,85863pb020,85.5,yes
fig-000027,85863pb021,85.5,yes
fig-000427,85863pb022,85.5,yes
fig-001071,85863pb023,90.0,yes
fig-000003,85863pb024,85.5,yes
fig-000059,85863pb025,85.5,yes
fig-000007,85863pb026,85.5,yes
fig-000010,85863pb027,85.5,yes
fig-000019,85863pb028,85.5,yes
fig-000003,fab4h,85.5,yes
fig-000003,fab5i,85.5,yes
fig-000003,air025,85.5,yes
fig-000003,47394pb127,85.5,yes
fig-000211,col001,85.5,yes
fig-000211,col002,85.5,yes
fig-000048,col003,85.5,yes
fig-000211,col004,85.5,yes
fig-000048,col005,85.5,yes
fig-000048,col006,85.5,yes
fig-000048,col007,85.5,yes
fig-000211,col008,85.5,yes
fig-000048,col009,85.5,yes
fig-000211,col010,85.5,yes
fig-000048,col011,85.5,yes
fig-000048,col012,85.5,yes
fig-000048,col013,85.5,yes
fig-000211,col014,85.5,yes
fig-000211,col015,85.5,yes
fig-000048,col016,85.5,yes
fig-003234,toy007,100.0,yes
fig-003237,toy010,100.0,yes
fig-016506,toy013,90.0,yes
fig-000018,toy014,90.0,yes
fig-003236,toy011,91.5,yes
fig-003235,toy012,90.0,yes
fig-000018,toy015,90.0,yes
fig-015024,sw0098,90.0,yes
fig-003858,sw0119,100.0,yes
fig-000053,sw0284,85.5,yes
fig-000010,sw0285,85.5,yes
fig-003857,sw0216,90.0,yes
fig-003856,sw0226,100.0,yes
fig-000010,sw0254,85.5,yes
fig-000003,sw0278,85.5,yes
fig-000061,sw0279,85.5,yes
fig-000007,sw0280,85.5,yes
fig-000003,sw0281,85.5,yes
fig-004266,sw0282,90.0,yes
fig-000005,sw0283,85.5,yes
fig-003857,sw0216s,90.0,yes
fig-005279,cty0176,90.0,yes
fig-008777,cas435,90.0,yes
fig-000579,cas437,90.0,yes
fig-003223,47394pb128,90.0,yes
fig-002054,47394pb129,85.5,yes
fig-003239,47394pb130,85.5,yes
fig-000001,47205pb022,85.5,yes
fig-000005,cas438,85.5,yes
fig-000005,cas439,85.5,yes
fig-000005,cas440,85.5,yes
fig-000005,wc012s,85.5,yes
fig-000241,wr001,90.0,yes
fig-000004,wr002,85.5,yes
fig-007598,wr003,90.0,yes
fig-000241,wr004,90.0,yes
fig-000241,wr005,90.0,yes
fig-000007,wr006,85.5,yes
fig-000007,wr007,85.5,yes
fig-000004,twn047a,85.5,yes
fig-000053,cas441,85.5,yes
fig-000053,cas442,85.5,yes
fig-016553,cas443,90.0,yes
fig-016553,cas444,90.0,yes
fig-016553,cas445,90.0,yes
fig-016553,cas446,90.0,yes
fig-000005,cas447,85.5,yes
fig-000005,cas448,85.5,yes
fig-016553,cas449,90.0,yes
fig-000004,cas450,85.5,yes
fig-000005,cas451,85.5,yes
fig-000005,cas452,85.5,yes
fig-000005,cas453,85.5,yes
fig-000004,cas454,85.5,yes
fig-000005,cas455,85.5,yes
fig-000005,cas456,85.5,yes
fig-000005,cas457,85.5,yes
fig-000005,cas458,85.5,yes
fig-000018,sp113,90.0,yes
fig-000018,sp114,90.0,yes
fig-000018,sp115,90.0,yes
fig-002447,atl011,90.0,yes
fig-000061,atl012,85.5,yes
fig-002442,atl013,100.0,yes
fig-000005,gen031,85.5,yes
fig-000070,sp116,86.7,yes
fig-002238,sp117,87.1,yes
fig-002238,sp118,87.1,yes
fig-000005,cas459,85.5,yes
fig-000005,cas460,85.5,yes
fig-000030,pi122,85.5,yes
fig-000030,pi123,85.5,yes
fig-000030,pi124,85.5,yes
fig-000030,pi125,85.5,yes
fig-006527,pi126,90.0,yes
fig-005556,pi127,92.6,yes
fig-005210,pi128,93.0,yes
fig-005208,pi129,93.2,yes
fig-005209,pi130,93.1,yes
fig-000003,pi131,85.5,yes
fig-005545,pi132,92.9,yes
fig-005546,pi133,93.3,yes
fig-005547,pi134,93.2,yes
fig-000004,cty0177,85.5,yes
fig-000004,cty0178,85.5,yes
fig-000005,cas461,85.5,yes
fig-000241,wr008,90.0,yes
fig-000007,wr009,85.5,yes
fig-000005,cas462,85.5,yes
fig-000005,cas463,85.5,yes
fig-000007,cas464,85.5,yes
fig-000005,cas465,85.5,yes
fig-000004,cas017a,85.5,yes
fig-000070,sp119,86.7,yes
fig-003858,sw0029a,85.9,yes
fig-000004,cty0179,85.5,yes
fig-000003,twn108,85.5,yes
fig-000004,cty0180,85.5,yes
fig-000830,trn223,86.4,yes
fig-000005,cas466,85.5,yes
fig-000004,sw0286,85.5,yes
fig-000004,sw0200a,85.5,yes
fig-000005,85363pb002,85.5,yes
fig-000003,47394pb131,85.5,yes
fig-000004,47394pb132,85.5,yes
fig-000004,tech002s,85.5,yes
fig-006269,cty0181,89.6,yes
fig-000034,wr010,85.5,yes
fig-000241,wr011,90.0,yes
fig-007512,wr012,87.1,yes
fig-007512,wr013,87.1,yes
fig-007512,wr014,87.1,yes
fig-007606,wr015,90.0,yes
fig-007611,wr016,90.0,yes
fig-000034,wr017,85.5,yes
fig-000007,wr018,85.5,yes
fig-000241,wr019,90.0,yes
fig-000241,wr020,90.0,yes
fig-000241,wr021,90.0,yes
fig-000241,wr022,90.0,yes
fig-002838,wr023,90.0,yes
fig-000007,wr024,85.5,yes
fig-000004,trn224,85.5,yes
fig-000004,trn225,85.5,yes
fig-000004,trn226,85.5,yes
fig-000004,trn227,85.5,yes
fig-000004,trn228,85.5,yes
fig-000102,sp122,85.5,yes
fig-001014,sp120,90.0,yes
fig-001014,sp121,90.0,yes
fig-000061,rac045,85.5,yes
fig-000004,sw0290,85.5,yes
fig-000003,cty0182,85.5,yes
fig-000004,twn109,85.5,yes
fig-000004,trn148,85.5,yes
fig-000003,cty0184,85.5,yes
fig-009407,cty0185,90.7,yes
fig-000003,47394pb136,85.5,yes
fig-009479,tim007,90.0,yes
fig-003859,sw0287,100.0,yes
fig-003860,sw0288,90.0,yes
fig-000034,col027,85.5,yes
fig-000905,col030,90.0,yes
fig-001220,col018,90.0,yes
fig-001324,col026,90.0,yes
fig-000034,col032,85.5,yes
fig-000034,col025,85.5,yes
fig-000034,col021,85.5,yes
fig-000034,col020,85.5,yes
fig-000034,col031,85.5,yes
fig-001230,col017,90.0,yes
fig-000034,col024,85.5,yes
fig-000896,col029,90.0,yes
fig-001157,col019,90.0,yes
fig-000034,col023,85.5,yes
fig-001186,col022,90.0,yes
fig-000034,col028,85.5,yes
fig-000003,cty0186,85.5,yes
fig-009401,cty0187,90.7,yes
fig-000004,cty0188,85.5,yes
fig-000004,cty0189,85.5,yes
fig-000003,cty0190,85.5,yes
fig-009402,cty0191,91.0,yes
fig-000882,85863pb010b,85.5,yes
fig-001327,atl002a,90.0,yes
fig-000003,85863pb029,85.5,yes
fig-000027,85863pb030,85.5,yes
fig-000019,85863pb031,85.5,yes
fig-000090,85863pb032,85.5,yes
fig-000048,85863pb033,85.5,yes
fig-000302,gen033,85.5,yes
fig-000007,85863pb034,85.5,yes
fig-000471,85863pb035,85.5,yes
fig-002148,85863pb036,85.5,yes
fig-000471,85863pb037,85.5,yes
fig-016076,85863pb038,90.0,yes
fig-000003,twn112,85.5,yes
fig-000004,twn110,85.5,yes
fig-000003,twn111,85.5,yes
fig-000176,85863pb039,85.5,yes
fig-000176,85863pb040,85.5,yes
fig-000176,85863pb041,85.5,yes
fig-000176,85863pb042,85.5,yes
fig-000004,61295pb01,85.5,yes
fig-000004,61295pb02,85.5,yes
fig-000004,61295pb03,85.5,yes
fig-000004,47394pb133,85.5,yes
fig-000004,47394pb134,85.5,yes
fig-000003,47394pb135,85.5,yes
fig-001208,hol009,90.0,yes
fig-000005,hol010,85.5,yes
fig-000004,twn113,85.5,yes
fig-000004,twn114,85.5,yes
fig-005279,twn115,90.0,yes
fig-000003,post009,85.5,yes
fig-000003,twn117,85.5,yes
fig-000004,twn118,85.5,yes
fig-000003,pln166,85.5,yes
fig-000003,chef020,85.5,yes
fig-006524,cas467,90.0,yes
fig-000005,cas468,85.5,yes
fig-001052,cas469,90.0,yes
fig-000007,cas470,85.5,yes
fig-000007,cas471,85.5,yes
fig-000005,cas472,85.5,yes
fig-008777,cas473,90.0,yes
fig-000004,4555pb266,85.5,yes
fig-000061,sw0244a,85.5,yes
fig-003868,sw0289,88.5,yes
fig-000898,sw0294,90.0,yes
fig-000305,sw0291,85.5,yes
fig-006546,sw0292,90.0,yes
fig-011127,sw0293,90.0,yes
fig-000007,sw0295,85.5,yes
fig-000005,rac046,85.5,yes
fig-000007,wr025,85.5,yes
fig-000180,pop017,100.0,yes
fig-000003,cty0192,85.5,yes
fig-000004,cty0193,85.5,yes
fig-009554,cty0194,86.0,yes
fig-000038,cty0195,90.4,yes
fig-000004,sw0088a,85.5,yes
fig-000044,col033,85.5,yes
fig-000899,col034,90.0,yes
fig-001215,col035,90.0,yes
fig-000044,col036,85.5,yes
fig-000044,col037,85.5,yes
fig-000030,col038,85.5,yes
fig-001216,col039,90.0,yes
fig-000024,col040,85.5,yes
fig-000044,col041,85.5,yes
fig-000010,col042,85.5,yes
fig-000044,col043,85.5,yes
fig-001156,col044,90.0,yes
fig-000044,col045,85.5,yes
fig-000044,col046,85.5,yes
fig-000904,col047,90.0,yes
fig-000902,col048,90.0,yes
fig-016076,hp087,90.0,yes
fig-000029,hp088,85.5,yes
fig-000005,hp089,85.5,yes
fig-010579,hp090,90.0,yes
fig-006138,hp091,90.0,yes
fig-000010,hp092,85.5,yes
fig-006125,hp093,91.4,yes
fig-000003,hp098,85.5,yes
fig-000004,hp100,85.5,yes
fig-000010,hp096,85.5,yes
fig-006120,hp097,90.0,yes
fig-000005,hp099,85.5,yes
fig-016516,hp095,85.7,yes
fig-016076,hp094,90.0,yes
fig-014736,hp101,90.0,yes
fig-000004,twn019s2,85.5,yes
fig-006546,hp102,90.0,yes
fig-000010,hp103,85.5,yes
fig-000004,47394pb011b,85.5,yes
fig-000010,hp104,85.5,yes
fig-000033,hp105,85.5,yes
fig-000003,47394pb011a,85.5,yes
fig-000004,hp106,85.5,yes
fig-000003,hp107,85.5,yes
fig-006080,hp108,88.7,yes
fig-000010,hp109,85.5,yes
fig-016076,hp110,90.0,yes
fig-000049,gen034,85.5,yes
fig-000004,hp111,85.5,yes
fig-016516,hp112,85.7,yes
fig-001014,gen030,90.0,yes
fig-006132,hp113,91.3,yes
fig-010579,hp114,90.0,yes
fig-016516,hp115,85.7,yes
fig-016076,hp116,90.0,yes
fig-007373,twn119,91.0,yes
fig-000003,twn120,85.5,yes
fig-000004,twn121,85.5,yes
fig-000004,twn122,85.5,yes
fig-000004,twn123,85.5,yes
fig-000004,twn124,85.5,yes
fig-000004,twn125,85.5,yes
fig-001014,85863pb043,90.0,yes
fig-001014,85863pb044,90.0,yes
fig-000840,85863pb045,85.5,yes
fig-010268,bob024s,90.0,yes
fig-000241,wr026,90.0,yes
fig-016553,cas474,90.0,yes
fig-000005,sw0253a,85.5,yes
fig-000534,old009a,90.0,yes
fig-000003,cty0197,85.5,yes
fig-000004,cty0196,85.5,yes
fig-000003,cty0198,85.5,yes
fig-000061,pha001,85.5,yes
fig-006620,pha002,100.0,yes
fig-006617,pha003,95.0,yes
fig-006621,pha004,90.0,yes
fig-000900,pha005,90.0,yes
fig-000075,col055,85.5,yes
fig-000046,col053,85.5,yes
fig-000048,col058,85.5,yes
fig-008410,col050,90.0,yes
fig-001219,col052,90.0,yes
fig-000048,col054,85.5,yes
fig-013455,col056old,73.1,no
fig-000031,col057,90.0,yes
fig-000923,col061,90.0,yes
fig-000211,col051,85.5,yes
fig-000048,col060,85.5,yes
fig-000048,col062,85.5,yes
fig-000036,col064,90.0,yes
fig-000176,col059,90.0,yes
fig-000910,col049,90.0,yes
fig-006621,pha006,90.0,yes
fig-006623,pha008,100.0,yes
fig-000004,pln167,85.5,yes
fig-000003,cty0199,85.5,yes
fig-000003,cty0027a,85.5,yes
fig-000004,cty0200,85.5,yes
fig-000004,cty0201,85.5,yes
fig-002446,atl014,90.0,yes
fig-002449,atl015,94.1,yes
fig-000450,pha009,90.0,yes
fig-006625,pha010,100.0,yes
fig-006617,pha011,95.0,yes
fig-000007,atl016,85.5,yes
fig-002454,atl017,100.0,yes
fig-000643,cty0202,88.7,yes
fig-000004,cty0142a,85.5,yes
fig-006622,pha007,100.0,yes
fig-000003,cty0204,85.5,yes
fig-000004,cty0203,85.5,yes
fig-000003,cty0205,85.5,yes
fig-000004,cty0206,85.5,yes
fig-000003,cty0207,85.5,yes
fig-000004,cty0208,85.5,yes
fig-000003,cty0210,85.5,yes
fig-000004,cty0211,85.5,yes
fig-000004,cty0212,85.5,yes
fig-000003,cty0209,85.5,yes
fig-000007,atl018,85.5,yes
fig-000005,cas475,85.5,yes
fig-000005,twn126,85.5,yes
fig-000010,twn127,85.5,yes
fig-000004,ovr040,85.5,yes
fig-000005,cty0213,85.5,yes
fig-000007,fre005,85.5,yes
fig-000004,cty0215,85.5,yes
fig-000005,air046,85.5,yes
fig-000003,soc011s01,85.5,yes
fig-000004,soc018s01,85.5,yes
fig-000004,soc024s01,85.5,yes
fig-000004,soc030s01,85.5,yes
fig-000004,soc036s01,85.5,yes
fig-000004,soc040s01,85.5,yes
fig-000004,soc018s02,85.5,yes
fig-000004,soc024s02,85.5,yes
fig-000004,soc030s02,85.5,yes
fig-000004,soc036s02,85.5,yes
fig-000004,soc040s02,85.5,yes
fig-000010,sw0179a,85.5,yes
fig-011212,atl019,93.6,yes
fig-000061,atl020,85.5,yes
fig-002443,atl022,90.0,yes
fig-000007,atl023,85.5,yes
fig-000004,trn229,85.5,yes
fig-000029,pha012,85.5,yes
fig-000004,cty0216,85.5,yes
fig-001407,sw0296,100.0,yes
fig-000007,sw0297,85.5,yes
fig-000007,sw0298,85.5,yes
fig-000007,sw0299,85.5,yes
fig-000005,wc018a,85.5,yes
fig-000005,wc019a,85.5,yes
fig-000005,sw0300,85.5,yes
fig-015337,sw0301,85.5,yes
fig-000463,sw0302,85.5,yes
fig-006165,hp117,91.3,yes
fig-006166,hp118,90.5,yes
fig-000038,hp119,85.5,yes
fig-008944,hp121,86.9,yes
fig-006163,hp122,96.3,yes
fig-000003,soc011s02,85.5,yes
fig-000003,soc011s03,85.5,yes
fig-000003,soc011s04,85.5,yes
fig-000003,soc011s05,85.5,yes
fig-000004,soc018s03,85.5,yes
fig-000004,soc024s03,85.5,yes
fig-000004,soc030s03,85.5,yes
fig-000004,soc036s03,85.5,yes
fig-000004,soc040s03,85.5,yes
fig-000004,soc018s04,85.5,yes
fig-000004,soc024s04,85.5,yes
fig-000004,soc030s04,85.5,yes
fig-000004,soc036s04,85.5,yes
fig-000004,soc040s04,85.5,yes
fig-000004,soc018s05,85.5,yes
fig-000004,soc024s05,85.5,yes
fig-000004,soc030s05,85.5,yes
fig-000004,soc036s05,85.5,yes
fig-000004,soc040s05,85.5,yes
fig-003799,sw0303,87.9,yes
fig-000898,sw0304,90.0,yes
fig-003790,sw0305,100.0,yes
fig-003789,sw0306,90.0,yes
fig-003788,sw0307,100.0,yes
fig-003787,sw0308,90.0,yes
fig-003786,sw0309,100.0,yes
fig-003649,sw0310,90.0,yes
fig-010451,sw0311,90.0,yes
fig-003710,sw0312,90.9,yes
fig-003709,sw0313,100.0,yes
fig-000004,twn128,85.5,yes
fig-000417,njo0001,92.0,yes
fig-000009,njo0002,85.5,yes
fig-002728,njo0003,90.0,yes
fig-000447,njo0004,91.7,yes
fig-000007,njo0005,85.5,yes
fig-000418,njo0007,91.7,yes
fig-010312,njo0008,90.0,yes
fig-010312,njo0010,90.0,yes
fig-000007,njo0011,85.5,yes
fig-000528,njo0012,91.7,yes
fig-000213,njo0013,94.1,yes
fig-002726,njo0014,90.0,yes
fig-000422,njo0015,100.0,yes
fig-002725,njo0016,90.0,yes
fig-002727,njo0009,90.0,yes
fig-000109,njo0006,92.0,yes
fig-000007,atl024,85.5,yes
fig-006162,hp123,92.6,yes
fig-000007,njo0017,85.5,yes
fig-000111,njo0018,100.0,yes
fig-000004,div017b,85.5,yes
fig-000007,njo0019,85.5,yes
fig-002988,njo0020,90.0,yes
fig-004005,sw0314,90.0,yes
fig-010312,njo0021,90.0,yes
fig-000004,cty0217,85.5,yes
fig-000003,cty0218,85.5,yes
fig-000003,cty0219,85.5,yes
fig-007781,cty0220,90.2,yes
fig-001660,gen035,85.5,yes
fig-000010,fre006,85.5,yes
fig-010268,bob024,90.0,yes
fig-000004,air047,85.5,yes
fig-000003,post010,85.5,yes
fig-000003,doc035,85.5,yes
fig-000003,doc036,85.5,yes
fig-000004,trn145,85.5,yes
fig-000003,pln116,85.5,yes
fig-000004,oct055,85.5,yes
fig-000004,cty0058,85.5,yes
fig-005279,cty0059,90.0,yes
fig-000004,cty0222,85.5,yes
fig-000004,twn129,85.5,yes
fig-007726,cty0119,88.1,yes
fig-000003,cty0120,85.5,yes
fig-000004,cop053,85.5,yes
fig-000004,cty0123,85.5,yes
fig-000004,cty0214,85.5,yes
fig-000004,cty0183,85.5,yes
fig-000004,twn130,85.5,yes
fig-000004,twn131,85.5,yes
fig-000005,gen036,85.5,yes
fig-000004,gen037,85.5,yes
fig-000004,pi135,85.5,yes
fig-000007,pi136,85.5,yes
fig-000004,pi137,85.5,yes
fig-000005,pi138,85.5,yes
fig-000004,twn134,85.5,yes
fig-000007,cas482,85.5,yes
fig-000005,cas483,85.5,yes
fig-014181,cas484,90.0,yes
fig-000005,cas476,85.5,yes
fig-000010,cas477,85.5,yes
fig-000027,cas479,85.5,yes
fig-000579,cas480,90.0,yes
fig-000005,cas478,85.5,yes
fig-000004,twn133,85.5,yes
fig-008320,twn132,90.0,yes
fig-001318,edu020,90.0,yes
fig-000004,edu021,85.5,yes
fig-000004,edu022,85.5,yes
fig-000110,pi139,90.0,yes
fig-000007,pi140,85.5,yes
fig-000007,sw0090a,85.5,yes
fig-000003,cty0221,85.5,yes
fig-000090,85863pb046,85.5,yes
fig-000027,85863pb047,85.5,yes
fig-000048,85863pb048,85.5,yes
fig-000019,85863pb049,85.5,yes
fig-000004,4555pb264,85.5,yes
fig-003857,sw0216a,90.0,yes
fig-000917,col074,90.0,yes
fig-000048,col077,85.5,yes
fig-001322,col068,90.0,yes
fig-012447,col067,90.0,yes
fig-000926,col076,90.0,yes
fig-000928,col080,90.0,yes
fig-000048,col079,85.5,yes
fig-000211,col066,85.5,yes
fig-000965,col072,90.0,yes
fig-000211,col075,85.5,yes
fig-000925,col073,90.0,yes
fig-000211,col071,85.5,yes
fig-008411,col078,90.0,yes
fig-000048,col065,85.5,yes
fig-000499,col070,90.0,yes
fig-000922,col069,90.0,yes
fig-000007,njo0022,85.5,yes
fig-000004,cty0129a,85.5,yes
fig-000003,47394pb137,85.5,yes
fig-000003,47394pb138,85.5,yes
fig-000003,cty0223,85.5,yes
fig-000001,tls003,85.5,yes
fig-000001,tls002,85.5,yes
fig-000001,tls001,85.5,yes
fig-011226,47394pb140,90.0,yes
fig-011226,47394pb139,90.0,yes
fig-011226,47205pb023,90.0,yes
fig-011226,eeyorenew,90.0,yes
fig-000109,85863pb050,85.5,yes
fig-000149,85863pb051,85.5,yes
fig-000007,85863pb052,85.5,yes
fig-000010,85863pb053,85.5,yes
fig-000166,85863pb054,85.5,yes
fig-000111,85863pb055,85.5,yes
fig-000426,85863pb056,85.5,yes
fig-002324,njo0023,90.0,yes
fig-000004,cty0224,85.5,yes
fig-002724,njo0024,90.0,yes
fig-000003,cty0226,85.5,yes
fig-000003,twn135,85.5,yes
fig-000434,cty0227,89.2,yes
fig-000010,trn149,85.5,yes
fig-000034,trn150,85.5,yes
fig-000003,trn151,85.5,yes
fig-000003,cty0225,85.5,yes
fig-000004,air048,85.5,yes
fig-009627,twn136,85.9,yes
fig-010312,njo0025,90.0,yes
fig-000004,47394pb141,85.5,yes
fig-000003,cty0228,85.5,yes
fig-000001,tls004,85.5,yes
fig-000001,tls005,85.5,yes
fig-000001,tls006,85.5,yes
fig-000909,col063,90.0,yes
fig-000177,col056,90.0,yes
fig-000001,tls007,85.5,yes
fig-000001,tls008,85.5,yes
fig-000001,tls009,85.5,yes
fig-000003,cty0230,85.5,yes
fig-000003,cty0231,85.5,yes
fig-002035,poc001,100.0,yes
fig-005795,poc002,85.9,yes
fig-002987,poc003,85.5,yes
fig-011206,poc004,100.0,yes
fig-005789,poc005,100.0,yes
fig-005809,poc006,100.0,yes
fig-005813,poc007,100.0,yes
fig-005791,poc008,95.0,yes
fig-005791,poc009,95.0,yes
fig-002035,poc010,95.0,yes
fig-001274,poc011,100.0,yes
fig-002035,poc012,95.0,yes
fig-005812,poc013,100.0,yes
fig-005797,poc014,100.0,yes
fig-005788,poc015,100.0,yes
fig-005817,poc016,100.0,yes
fig-005784,poc017,100.0,yes
fig-005798,poc018,100.0,yes
fig-005818,poc019,100.0,yes
fig-000110,poc020,90.0,yes
fig-005814,poc021,100.0,yes
fig-005811,poc022,100.0,yes
fig-005799,poc023,100.0,yes
fig-005815,poc025,100.0,yes
fig-005787,poc026,100.0,yes
fig-005800,poc027,100.0,yes
fig-000005,gen038,85.5,yes
fig-005819,poc028,100.0,yes
fig-000010,ac001,85.5,yes
fig-006986,ac002,100.0,yes
fig-006985,ac003,100.0,yes
fig-000018,ac004,90.0,yes
fig-000010,ac005,85.5,yes
fig-000004,oct056,85.5,yes
fig-000005,cas485,85.5,yes
fig-000007,cas486,85.5,yes
fig-002300,cas487,90.0,yes
fig-000007,sw0315,85.5,yes
fig-000003,cty0229,85.5,yes
fig-009608,cty0232,86.8,yes
fig-000048,cty0235,85.5,yes
fig-000912,cty0237,85.5,yes
fig-000005,cty0236,85.5,yes
fig-000004,cty0233,85.5,yes
fig-000003,cty0234,85.5,yes
fig-000005,cas488,85.5,yes
fig-000053,cas489,85.5,yes
fig-000053,cas490,85.5,yes
fig-000010,cas491,85.5,yes
fig-006524,cas492,90.0,yes
fig-000005,cas493,85.5,yes
fig-000323,poc029,98.2,yes
fig-000018,ac006,90.0,yes
fig-000018,ac007,90.0,yes
fig-000005,cas494,85.5,yes
fig-000005,cas495,85.5,yes
fig-000005,cas496,85.5,yes
fig-016553,cas497,90.0,yes
fig-000004,twn137,85.5,yes
fig-000643,twn138,88.7,yes
fig-000003,twn139,85.5,yes
fig-010042,twn140,86.4,yes
fig-016076,hp125,90.0,yes
fig-000018,ac008,90.0,yes
fig-000018,ac009,90.0,yes
fig-000018,ac010,90.0,yes
fig-006997,ac011,100.0,yes
fig-003778,sw0316,90.0,yes
fig-000010,sw0317,85.5,yes
fig-000010,sw0318,85.5,yes
fig-003776,sw0319,90.0,yes
fig-000466,sw0320,92.3,yes
fig-003773,sw0321,100.0,yes
fig-016016,sw0322,90.0,yes
fig-002557,sw0324,64.3,no
fig-006992,ac012,100.0,yes
fig-000018,ac013,90.0,yes
fig-003259,cty0239,90.0,yes
fig-000010,sw0323,85.5,yes
fig-000004,31310pb05,85.5,yes
fig-000004,31310pb06,85.5,yes
fig-003767,sw0325,96.6,yes
fig-003769,sw0326,90.0,yes
fig-000005,sw0327,85.5,yes
fig-003768,sw0328,100.0,yes
fig-000004,sw0329,85.5,yes
fig-000004,sw0330,85.5,yes
fig-000003,sw0331,85.5,yes
fig-003763,sw0332,100.0,yes
fig-003764,sw0333,90.0,yes
fig-000005,sw0334,85.5,yes
fig-000010,sw0335,85.5,yes
fig-003761,sw0336,89.2,yes
fig-001786,sw0337,85.5,yes
fig-000001,tls012,85.5,yes
fig-000001,tls011,85.5,yes
fig-000001,tls010,85.5,yes
fig-000001,tls015,85.5,yes
fig-000001,tls014,85.5,yes
fig-000001,tls013,85.5,yes
fig-000007,sw0205a,85.5,yes
fig-000007,85863pb057,85.5,yes
fig-000961,85863pb058,90.0,yes
fig-015447,85863pb059,85.5,yes
fig-000007,85863pb060,85.5,yes
fig-000007,85863pb061,85.5,yes
fig-001592,85863pb062,85.5,yes
fig-001592,85863pb063,90.0,yes
fig-000007,85863pb064,85.5,yes
fig-002888,85863pb065,85.5,yes
fig-000204,85863pb066,90.0,yes
fig-000010,85863pb067,85.5,yes
fig-000838,85863pb069,85.5,yes
fig-000003,cty0240,85.5,yes
fig-000004,cty0241,85.5,yes
fig-000003,cty0242,85.5,yes
fig-001543,mba001,90.0,yes
fig-000010,hp126,85.5,yes
fig-000004,hp127,85.5,yes
fig-000004,hp128,85.5,yes
fig-000005,hp129,85.5,yes
fig-000010,hp130,85.5,yes
fig-006161,hp131,90.0,yes
fig-000004,hp132,85.5,yes
fig-001049,85863pb070,85.5,yes
fig-001319,85863pb068,90.0,yes
fig-000004,cty0244,85.5,yes
fig-000004,ovr041,85.5,yes
fig-000029,cty0243,85.5,yes
fig-000005,twn141,85.5,yes
fig-000004,oct064,85.5,yes
fig-000005,oct065,85.5,yes
fig-000004,pln168,85.5,yes
fig-003785,sw0338,88.0,yes
fig-003783,sw0339,88.0,yes
fig-000049,gen039,85.5,yes
fig-000005,cty0245,85.5,yes
fig-000018,ac014,90.0,yes
fig-000004,cty0246,85.5,yes
fig-000005,cty0247,85.5,yes
fig-000004,twn142,85.5,yes
fig-000004,cty0248,85.5,yes
fig-000004,boat012,85.5,yes
fig-000010,ac015,85.5,yes
fig-000010,ac016,85.5,yes
fig-000007,sw0341,85.5,yes
fig-000004,cty0249,85.5,yes
fig-001337,cty0250,90.0,yes
fig-000007,bob025,85.5,yes
fig-002941,bob026,90.0,yes
fig-010267,bob027,95.0,yes
fig-000144,sw0342,85.5,yes
fig-000005,sw0343,85.5,yes
fig-003698,sw0344,90.0,yes
fig-004266,sw0345,90.0,yes
fig-001957,sw0346,85.5,yes
fig-000059,sh0001,85.5,yes
fig-000898,sw0340,90.0,yes
fig-000005,sw0347,85.5,yes
fig-000007,sw0348,85.5,yes
fig-000004,sw0349,85.5,yes
fig-000010,sh0002,85.5,yes
fig-000010,bob028,85.5,yes
fig-003279,bob029,100.0,yes
fig-000072,bob030,85.5,yes
fig-003281,bob031,91.0,yes
fig-000005,cas498,85.5,yes
fig-000003,njo0026,85.5,yes
fig-000010,sw0208a,85.5,yes
fig-002577,njo0027,90.0,yes
fig-000004,cty0251,85.5,yes
fig-000003,cty0116b,85.5,yes
fig-000003,cty0117b,85.5,yes
fig-000004,trn230,85.5,yes
fig-000004,trn231,85.5,yes
fig-000004,trn232,85.5,yes
fig-002577,njo0028,90.0,yes
fig-002724,njo0029,90.0,yes
fig-000005,njo0030,85.5,yes
fig-001322,cty0252,100.0,yes
fig-000004,cty0253,85.5,yes
fig-000004,cty0254,85.5,yes
fig-000003,cty0255,85.5,yes
fig-000003,cty0256,85.5,yes
fig-000004,cas119a,85.5,yes
fig-000010,sw0350,85.5,yes
fig-003946,sw0351,76.6,no
fig-003947,sw0352,100.0,yes
fig-000004,sw0355,85.5,yes
fig-000235,sw0354,91.2,yes
fig-000003,4555pb117a,85.5,yes
fig-000003,4555pb162a,85.5,yes
fig-000003,47394pb142,85.5,yes
fig-000038,sw0356,85.5,yes
fig-001208,sw0358,90.0,yes
fig-011923,sw0357,90.0,yes
fig-000306,85863pb071,85.5,yes
fig-000023,85863pb072,85.5,yes
fig-000004,pln169,85.5,yes
fig-000003,soc012s01,85.5,yes
fig-000004,soc031s01,85.5,yes
fig-000004,pln102s,85.5,yes
fig-000049,gen040,85.5,yes
fig-001274,poc024,95.0,yes
fig-000001,tls024,85.5,yes
fig-000001,tls022,85.5,yes
fig-001071,tls023,90.0,yes
fig-008320,twn143,90.0,yes
fig-008322,twn144,90.0,yes
fig-000001,tls019,85.5,yes
fig-000001,tls020,85.5,yes
fig-000001,tls021,85.5,yes
fig-000003,twn145,85.5,yes
fig-000003,twn146,85.5,yes
fig-000004,twn147,85.5,yes
fig-000004,twn148,85.5,yes
fig-007380,twn149,95.9,yes
fig-000004,twn150,85.5,yes
fig-000004,twn151,85.5,yes
fig-005785,poc031,100.0,yes
fig-005783,poc032,100.0,yes
fig-005786,poc033,100.0,yes
fig-001327,cty0257,90.0,yes
fig-000010,hol011,85.5,yes
fig-000001,tls025,85.5,yes
fig-000001,tls026,85.5,yes
fig-000001,tls027,85.5,yes
fig-000003,pln170,85.5,yes
fig-000007,sh0003,85.5,yes
fig-000860,hol012,92.7,yes
fig-000004,twn121a,85.5,yes
fig-000007,51798,85.5,yes
fig-000007,51800,85.5,yes
fig-000005,51799s,85.5,yes
fig-000005,51801s,85.5,yes
fig-009254,51797,90.0,yes
fig-000007,51796,85.5,yes
fig-001327,aqu015a,90.0,yes
fig-001327,aqu016a,90.0,yes
fig-000004,twn152,85.5,yes
fig-002036,poc034,95.0,yes
fig-000003,47394pb143,85.5,yes
fig-001014,sp123,90.0,yes
fig-001014,sp124,90.0,yes
fig-000004,cty0258,85.5,yes
fig-000008,sh0004,100.0,yes
fig-001050,sh0005,90.0,yes
fig-000004,sh0006,85.5,yes
fig-004557,sh0007,95.5,yes
fig-002216,sh0008,88.3,yes
fig-000033,sh0009,85.5,yes
fig-004562,sh0010,90.6,yes
fig-000004,sh0011,85.5,yes
fig-004561,sh0012,90.0,yes
fig-013379,sh0013,90.0,yes
fig-011407,sh0014,90.0,yes
fig-000007,sh0015,85.5,yes
fig-000004,sh0016,85.5,yes
fig-000005,72057,85.5,yes
fig-000038,72058,85.5,yes
fig-000053,dino001,85.5,yes
fig-000010,sh0018,85.5,yes
fig-006714,cty0260,90.2,yes
fig-000898,dino002,90.0,yes
fig-000007,dino003,85.5,yes
fig-002986,njo0031,90.0,yes
fig-009552,cty0261,91.0,yes
fig-000004,cty0262,85.5,yes
fig-000880,njo0032,88.0,yes
fig-000452,njo0033,100.0,yes
fig-000149,njo0034,90.0,yes
fig-001366,njo0035,100.0,yes
fig-000004,cty0263,85.5,yes
fig-006714,cty0264,90.2,yes
fig-000004,cty0266,85.5,yes
fig-000004,cty0265,85.5,yes
fig-000005,cty0267,85.5,yes
fig-001357,mba002,90.0,yes
fig-009555,cty0268,90.8,yes
fig-000004,cty0269,85.5,yes
fig-008177,cty0270,88.2,yes
fig-000010,cty0271,85.5,yes
fig-000027,cty0272,85.5,yes
fig-001369,njo0036,100.0,yes
fig-012094,njo0037,90.0,yes
fig-000712,njo0038,100.0,yes
fig-003456,dino004,89.7,yes
fig-002470,njo0039,90.9,yes
fig-002573,njo0040,100.0,yes
fig-001208,hol013,90.0,yes
fig-003454,dino005,87.1,yes
fig-000004,pln102s01,85.5,yes
fig-000004,soc019s01,85.5,yes
fig-000004,soc025s01,85.5,yes
fig-000004,soc041s01,85.5,yes
fig-000003,4555pb086,85.5,yes
fig-007776,cty0273,85.8,yes
fig-000004,cty0274,85.5,yes
fig-000003,dino006,85.5,yes
fig-003451,dino007,88.0,yes
fig-007778,cty0276,90.1,yes
fig-000005,cty0277,85.5,yes
fig-000109,njo0041,85.5,yes
fig-000241,rac047,90.0,yes
fig-000628,rac048,90.0,yes
fig-000005,rac049,85.5,yes
fig-003055,rac050,90.0,yes
fig-000005,cty0236a,85.5,yes
fig-000004,cty0233a,85.5,yes
fig-000010,sh0019,85.5,yes
fig-001050,sh0020,90.0,yes
fig-002290,sh0021,90.0,yes
fig-002290,sh0022,90.0,yes
fig-004556,sh0023,100.0,yes
fig-000004,pln171,85.5,yes
fig-007781,cty0220a,90.2,yes
fig-000003,cty0280,85.5,yes
fig-000003,cty0278,85.5,yes
fig-000005,cty0279,85.5,yes
fig-000007,cas410a,85.5,yes
fig-006527,bob032,90.0,yes
fig-002941,bob033,90.0,yes
fig-003291,bob034,100.0,yes
fig-000004,oct066,85.5,yes
fig-000004,oct067,85.5,yes
fig-000001,tls016,85.5,yes
fig-000001,tls017,85.5,yes
fig-000001,tls018,85.5,yes
fig-001805,sh0024,90.0,yes
fig-000005,sh0025,85.5,yes
fig-000010,cty0145a,85.5,yes
fig-000004,twn123a,85.5,yes
fig-004564,sh0026,94.5,yes
fig-002574,njo0042,90.0,yes
fig-000149,njo0043,85.5,yes
fig-000417,njo0044,85.5,yes
fig-000193,njo0045,100.0,yes
fig-000426,njo0046,85.5,yes
fig-000004,cty0281,85.5,yes
fig-000004,cty0275,85.5,yes
fig-000004,47394pb144,85.5,yes
fig-000004,47394pb145,85.5,yes
fig-000004,cty0283,85.5,yes
fig-007776,cty0284,85.8,yes
fig-000004,cty0282,85.5,yes
fig-000001,tls028,85.5,yes
fig-000001,tls029,85.5,yes
fig-000001,tls030,85.5,yes
fig-000061,frnd001,85.5,yes
fig-000003,frnd002,85.5,yes
fig-000004,twn090a,85.5,yes
fig-000003,twn056a,85.5,yes
fig-000007,frnd003,85.5,yes
fig-000003,frnd004,85.5,yes
fig-000007,frnd005,85.5,yes
fig-000007,frnd006,85.5,yes
fig-000004,47394pb146,85.5,yes
fig-000003,frnd007,85.5,yes
fig-000003,frnd008,85.5,yes
fig-000920,col081,90.0,yes
fig-000416,col082,90.0,yes
fig-000211,col083,85.5,yes
fig-000004,col084,85.5,yes
fig-000048,col085,85.5,yes
fig-008415,col086,90.0,yes
fig-000211,col087,85.5,yes
fig-000048,col088,85.5,yes
fig-001020,col089,90.0,yes
fig-001005,col090,90.0,yes
fig-000048,col091,85.5,yes
fig-000930,col092,90.0,yes
fig-000931,col093,90.0,yes
fig-000048,col094,85.5,yes
fig-000048,col095,85.5,yes
fig-000048,col096,85.5,yes
fig-000004,47205pb024,85.5,yes
fig-000003,cty0285,85.5,yes
fig-000005,frnd009,85.5,yes
fig-000005,frnd010,85.5,yes
fig-000010,frnd011,85.5,yes
fig-000003,frnd012,85.5,yes
fig-000643,twn153,88.7,yes
fig-016553,cas499,90.0,yes
fig-010069,cas500,90.0,yes
fig-016553,cas501,90.0,yes
fig-016553,cas502,90.0,yes
fig-000053,cas503,85.5,yes
fig-001052,cas504,90.0,yes
fig-000010,cas505,85.5,yes
fig-006546,cas506,90.0,yes
fig-000007,frnd013,85.5,yes
fig-000005,frnd014,85.5,yes
fig-000007,frnd015,85.5,yes
fig-000005,frnd016,85.5,yes
fig-000149,njo0047,88.0,yes
fig-000083,njo0048,100.0,yes
fig-002570,njo0049,90.0,yes
fig-000005,cty0286,85.5,yes
fig-000005,cty0287,85.5,yes
fig-000003,twn154,85.5,yes
fig-000004,cty0288,85.5,yes
fig-000004,cty0289,85.5,yes
fig-000007,frnd017,85.5,yes
fig-000007,frnd018,85.5,yes
fig-000003,frnd019,85.5,yes
fig-000004,jred024s,85.5,yes
fig-002506,sw0359,100.0,yes
fig-001344,njo0050,90.0,yes
fig-000879,njo0051,90.0,yes
fig-009556,cty0290,88.6,yes
fig-000004,cty0291,85.5,yes
fig-000004,cty0292,85.5,yes
fig-000004,cty0293,85.5,yes
fig-000004,cty0294,85.5,yes
fig-000005,sw0360,85.5,yes
fig-000004,cty0295,85.5,yes
fig-000007,bob035,85.5,yes
fig-000007,bob036,85.5,yes
fig-003265,bob038,90.0,yes
fig-002941,bob037,90.0,yes
fig-005774,aqu006a,90.0,yes
fig-013694,sw0268a,90.0,yes
fig-004854,exf021,91.5,yes
fig-005279,cty0296,90.0,yes
fig-003635,sw0361,85.5,yes
fig-000380,sw0362,85.5,yes
fig-003891,sw0363,88.9,yes
fig-000005,sw0364,85.5,yes
fig-000003,sw0383,85.5,yes
fig-000053,sw0365,85.5,yes
fig-000004,sw0366,85.5,yes
fig-000004,sw0005b,85.5,yes
fig-000010,sw0367,85.5,yes
fig-000053,sw0368,85.5,yes
fig-000005,sw0369,85.5,yes
fig-003801,sw0370,100.0,yes
fig-000010,sw0371,85.5,yes
fig-000049,gen041,85.5,yes
fig-003894,sw0372,100.0,yes
fig-003893,sw0373,90.0,yes
fig-016444,sw0374,95.0,yes
fig-004163,sw0375,95.5,yes
fig-011127,sw0376,90.0,yes
fig-000004,sw0377,85.5,yes
fig-000007,sw0378,85.5,yes
fig-003898,sw0379,91.3,yes
fig-000007,sw0380,85.5,yes
fig-000020,sw0381,85.5,yes
fig-006477,sw0382,90.0,yes
fig-000004,cty0297,85.5,yes
fig-000004,cty0298,85.5,yes
fig-000004,cas020,85.5,yes
fig-000004,cty0299,85.5,yes
fig-000004,cty0300,85.5,yes
fig-000005,cty0301,85.5,yes
fig-000005,cty0302,85.5,yes
fig-000418,njo0052,85.5,yes
fig-000003,cty0303,85.5,yes
fig-002986,njo0053,100.0,yes
fig-001049,85863pb073,85.5,yes
fig-000030,85863pb074,85.5,yes
fig-000007,47394pb147,85.5,yes
fig-000004,alp017a,85.5,yes
fig-000003,47394pb148,85.5,yes
fig-000007,47394pb149,85.5,yes
fig-015881,47394pb150,90.0,yes
fig-002981,njo0054,100.0,yes
fig-000037,85863pb075,85.5,yes
fig-000898,85863pb076,90.0,yes
fig-000037,85863pb078,85.5,yes
fig-000037,85863pb079,85.5,yes
fig-000037,85863pb080,85.5,yes
fig-000898,85863pb081,90.0,yes
fig-000037,85863pb082,85.5,yes
fig-000037,85863pb083,85.5,yes
fig-000037,85863pb084,85.5,yes
fig-000037,85863pb077,85.5,yes
fig-000007,dino008,85.5,yes
fig-000005,cty0304,85.5,yes
fig-004633,twn155,90.0,yes
fig-000603,twn156,67.5,no
fig-008320,twn157,90.0,yes
fig-008322,twn158,90.0,yes
fig-000008,twn159,85.5,yes
fig-001351,twn160,90.0,yes
fig-000004,twn161,85.5,yes
fig-000004,twn162,85.5,yes
fig-000007,sh0027,85.5,yes
fig-013187,sh0028,100.0,yes
fig-000004,cty0305,85.5,yes
fig-000004,cty0306,85.5,yes
fig-000004,cty0307,85.5,yes
fig-000516,sw0386,85.5,yes
fig-002312,aqu029,90.0,yes
fig-000657,aqu001a,90.0,yes
fig-000005,scaFemY07,85.5,yes
fig-016456,aqu028,90.0,yes
fig-001325,col097,90.0,yes
fig-000572,col098,90.0,yes
fig-000936,col099,90.0,yes
fig-000048,col100,85.5,yes
fig-000211,col101,85.5,yes
fig-000048,col102,85.5,yes
fig-000211,col103,85.5,yes
fig-000939,col104,90.0,yes
fig-000940,col105,90.0,yes
fig-000935,col106,90.0,yes
fig-000048,col107,85.5,yes
fig-000211,col108,85.5,yes
fig-008770,col109,90.0,yes
fig-001489,col110,90.0,yes
fig-000171,col111,90.0,yes
fig-000942,col112,90.0,yes
fig-000001,tls031,85.5,yes
fig-000001,tls032,85.5,yes
fig-000001,tls033,85.5,yes
fig-000001,tls034,85.5,yes
fig-000001,tls035,85.5,yes
fig-000001,tls036,85.5,yes
fig-004587,sh0029,100.0,yes
fig-004586,sh0030,100.0,yes
fig-000010,sh0031,85.5,yes
fig-004582,sh0032,100.0,yes
fig-000010,sh0033,85.5,yes
fig-002207,sh0034,90.0,yes
fig-000004,sh0035,85.5,yes
fig-000003,sw0385,85.5,yes
fig-004583,sh0017,90.0,yes
fig-000366,85863pb085,90.0,yes
fig-000366,85863pb086,90.0,yes
fig-000366,85863pb087,90.0,yes
fig-000366,85863pb088,90.0,yes
fig-000007,sh0036,85.5,yes
fig-000601,sw0384,87.5,yes
fig-000004,twn163,85.5,yes
fig-001052,sw0387,90.0,yes
fig-000005,sw0388,85.5,yes
fig-000004,cty0232a,85.5,yes
fig-000003,cty0229a,85.5,yes
fig-000900,mof001,90.0,yes
fig-003303,mof002,100.0,yes
fig-000204,mof003,100.0,yes
fig-003301,mof004,100.0,yes
fig-003307,mof005,100.0,yes
fig-003299,mof006,100.0,yes
fig-003306,mof007,90.0,yes
fig-003316,mof008,100.0,yes
fig-003318,mof009,100.0,yes
fig-000004,cty0308,85.5,yes
fig-000004,pi141,85.5,yes
fig-000004,oct068,85.5,yes
fig-003298,mof010,100.0,yes
fig-003297,mof011,100.0,yes
fig-000178,mof012,100.0,yes
fig-002994,njo0055,100.0,yes
fig-002983,njo0056,100.0,yes
fig-001544,mba003,90.0,yes
fig-003884,sw0389,100.0,yes
fig-003882,sw0390,100.0,yes
fig-003883,sw0391,90.0,yes
fig-003880,sw0392,100.0,yes
fig-003881,sw0393,100.0,yes
fig-000005,lor001,85.5,yes
fig-015131,lor002,90.0,yes
fig-015131,lor003,90.0,yes
fig-015133,lor004,90.0,yes
fig-003420,lor005,90.0,yes
fig-001071,tls037,90.0,yes
fig-000001,tls038,85.5,yes
fig-000001,tls039,85.5,yes
fig-003344,tls040,90.0,yes
fig-000001,tls041,85.5,yes
fig-003344,tls042,90.0,yes
fig-001071,tls043,90.0,yes
fig-000001,tls044,85.5,yes
fig-000001,tls045,85.5,yes
fig-005276,lor006,87.5,yes
fig-005205,lor007,91.4,yes
fig-000010,lor008,85.5,yes
fig-005277,lor009,100.0,yes
fig-005278,lor010,90.0,yes
fig-005251,lor011,90.0,yes
fig-000007,lor012,85.5,yes
fig-005192,lor013,90.0,yes
fig-005249,lor014,90.0,yes
fig-005194,lor015,90.0,yes
fig-000010,sw0394,85.5,yes
fig-000004,lor016,85.5,yes
fig-005181,lor017,90.0,yes
fig-000038,lor018,85.5,yes
fig-005203,lor019,92.7,yes
fig-005201,lor020,100.0,yes
fig-005202,lor021,100.0,yes
fig-000033,lor022,85.5,yes
fig-005258,lor023,100.0,yes
fig-005187,lor024,90.0,yes
fig-005259,lor025,100.0,yes
fig-003306,mof013,100.0,yes
fig-000322,njo0057,100.0,yes
fig-000256,njo0058,90.0,yes
fig-003304,mof014,100.0,yes
fig-003305,mof015,100.0,yes
fig-005255,lor027,100.0,yes
fig-015131,lor028,90.0,yes
fig-000010,sw0395,85.5,yes
fig-000053,sw0396,85.5,yes
fig-004250,sw0397,90.0,yes
fig-004250,sw0398,90.0,yes
fig-000010,sh0037,85.5,yes
fig-000421,gen042,85.5,yes
fig-000876,njo0059,100.0,yes
fig-000010,njo0060,85.5,yes
fig-000005,cas507,85.5,yes
fig-000005,cas508,85.5,yes
fig-000007,cas509,85.5,yes
fig-001052,cas510,90.0,yes
fig-000038,cas511,85.5,yes
fig-000579,cas512,90.0,yes
fig-000005,cas513,85.5,yes
fig-016553,cas514,90.0,yes
fig-005758,sw0424,100.0,yes
fig-001953,sh0038,90.0,yes
fig-001147,sw0399,100.0,yes
fig-000010,sw0400,85.5,yes
fig-000007,sw0401,85.5,yes
fig-000004,sh0016a,85.5,yes
fig-000189,tgb001,85.5,yes
fig-000189,tgb002,85.5,yes
fig-000189,tgb003,85.5,yes
fig-000189,tgb004,85.5,yes
fig-000044,tgb005,85.5,yes
fig-000189,tgb006,85.5,yes
fig-001324,tgb007,90.0,yes
fig-000189,tgb008,85.5,yes
fig-000189,tgb009,85.5,yes
fig-000282,njo0061,100.0,yes
fig-000036,mof016,100.0,yes
fig-005166,mof017,90.0,yes
fig-000001,tls061,85.5,yes
fig-000001,tls062,85.5,yes
fig-000001,tls063,85.5,yes
fig-000004,cty0309,85.5,yes
fig-000004,cty0310,85.5,yes
fig-000004,cty0311,85.5,yes
fig-000007,sw0402,85.5,yes
fig-000003,sw0403,85.5,yes
fig-000010,sw0404,85.5,yes
fig-000010,sw0405,85.5,yes
fig-003930,sw0406,100.0,yes
fig-003934,sw0407,90.0,yes
fig-000004,sw0408,85.5,yes
fig-000001,tls046,85.5,yes
fig-000001,tls047,85.5,yes
fig-006546,tls048,90.0,yes
fig-000020,gen043,85.5,yes
fig-002763,njo0063,100.0,yes
fig-000877,njo0062,100.0,yes
fig-000040,njo0064,85.5,yes
fig-001095,njo0065,88.9,yes
fig-002982,njo0066,100.0,yes
fig-002984,njo0067,100.0,yes
fig-000004,cty0312,85.5,yes
fig-002066,sw0409,85.5,yes
fig-016016,sw0410,90.0,yes
fig-006546,tls049,90.0,yes
fig-000001,tls050,85.5,yes
fig-000001,tls051,85.5,yes
fig-000004,frnd020,85.5,yes
fig-000004,cty0313,85.5,yes
fig-000004,cty0314,85.5,yes
fig-000004,cty0315,85.5,yes
fig-000004,cty0316,85.5,yes
fig-000004,oct069,85.5,yes
fig-000004,sp004new2,85.5,yes
fig-000010,sh0039,85.5,yes
fig-000072,sw0412,85.5,yes
fig-000001,tls052,85.5,yes
fig-000001,tls053,85.5,yes
fig-000001,tls054,85.5,yes
fig-016076,hp133,90.0,yes
fig-000010,div001a,85.5,yes
fig-000898,twn164,90.0,yes
fig-005192,twn165,67.5,no
fig-003875,sw0413,100.0,yes
fig-000010,sw0414,85.5,yes
fig-000005,sw0415,85.5,yes
fig-000027,sw0411,85.5,yes
fig-000007,frnd021,85.5,yes
fig-000007,frnd022,85.5,yes
fig-000007,frnd023,85.5,yes
fig-000007,frnd024,85.5,yes
fig-000005,gen044,85.5,yes
fig-000007,sh0040,85.5,yes
fig-004593,sh0041,100.0,yes
fig-000005,sh0042,85.5,yes
fig-005620,sh0043,90.0,yes
fig-000788,sh0044,90.0,yes
fig-000974,sh0045,90.0,yes
fig-005889,lor029,90.0,yes
fig-000007,sh0046,85.5,yes
fig-000001,tls055,85.5,yes
fig-000001,tls056,85.5,yes
fig-000001,tls057,85.5,yes
fig-006546,tls058,90.0,yes
fig-000001,tls059,85.5,yes
fig-000001,tls060,85.5,yes
fig-003926,sw0416,100.0,yes
fig-000211,col113,85.5,yes
fig-000025,col114,90.0,yes
fig-001222,col115,90.0,yes
fig-000048,col116,85.5,yes
fig-000459,col117,90.0,yes
fig-000048,col118,85.5,yes
fig-001329,col119,90.0,yes
fig-000951,col120,90.0,yes
fig-000048,col121,85.5,yes
fig-000048,col122,85.5,yes
fig-000944,col123,90.0,yes
fig-000010,col124,85.5,yes
fig-001064,col125,90.0,yes
fig-000007,col126,85.5,yes
fig-001071,col127,90.0,yes
fig-008772,col128,90.0,yes
fig-003711,sw0417,85.5,yes
fig-003923,sw0418,86.2,yes
fig-002235,sw0419,85.5,yes
fig-000010,sw0420,85.5,yes
fig-003922,sw0421,90.0,yes
fig-001006,idea012,92.6,yes
fig-001208,sw0423,90.0,yes
fig-003690,sw0422,90.0,yes
fig-000005,cty0317,85.5,yes
fig-008179,cty0318,96.2,yes
fig-000004,cty0319,85.5,yes
fig-000003,frnd025,85.5,yes
fig-000003,frnd026,85.5,yes
fig-000875,njo0068,100.0,yes
fig-001240,rb001,85.5,yes
fig-001240,rb002,85.5,yes
fig-001240,rb003,85.5,yes
fig-000004,cty0320,85.5,yes
fig-001143,cty0321,85.9,yes
fig-000003,frnd028,85.5,yes
fig-003311,mof018,92.6,yes
fig-000881,njo0069,100.0,yes
fig-000005,cty0322,85.5,yes
fig-001475,85863pb089,85.5,yes
fig-015750,85863pb090,85.5,yes
fig-006477,85863pb091,90.0,yes
fig-001223,85863pb092,90.0,yes
fig-000142,sw0425,85.5,yes
fig-011127,sw0426,90.0,yes
fig-000056,sw0427,85.5,yes
fig-000184,85863pb093,85.5,yes
fig-000005,sw0430,85.5,yes
fig-010453,sw0429,95.6,yes
fig-001228,sw0431,94.1,yes
fig-003317,mof019,100.0,yes
fig-005166,mof020,90.0,yes
fig-000005,gen046,85.5,yes
fig-000004,sw0156a,85.5,yes
fig-014748,pm033,90.0,yes
fig-000091,sw0428,89.2,yes
fig-000003,4555pb245,85.5,yes
fig-000001,tls064,85.5,yes
fig-000001,tls065,85.5,yes
fig-000001,tls066,85.5,yes
fig-000003,cty0323,85.5,yes
fig-000004,oct056a,85.5,yes
fig-000004,cty0179a,85.5,yes
fig-000003,cty0324,85.5,yes
fig-000004,twn166,85.5,yes
fig-000001,tls067,85.5,yes
fig-000001,tls068,85.5,yes
fig-000001,tls069,85.5,yes
fig-000004,cty0325,85.5,yes
fig-000010,cty0326,85.5,yes
fig-000004,cty0327,85.5,yes
fig-000004,cty0328,85.5,yes
fig-007383,cty0329,91.2,yes
fig-008179,cty0330,87.2,yes
fig-000004,cty0331,85.5,yes
fig-000004,cty0332,85.5,yes
fig-000003,soc012s02,85.5,yes
fig-000007,frnd029,85.5,yes
fig-000007,frnd030,85.5,yes
fig-000004,cty0333,85.5,yes
fig-000004,cty0334,85.5,yes
fig-005915,85863pb094,90.0,yes
fig-005892,85863pb095,90.0,yes
fig-005916,85863pb096,90.0,yes
fig-000009,85863pb097,85.5,yes
fig-000144,sw0432,85.5,yes
fig-000003,frnd027,85.5,yes
fig-000004,cty0335,85.5,yes
fig-000004,cty0336,85.5,yes
fig-000003,frnd031,85.5,yes
fig-001208,hol014,90.0,yes
fig-000004,cty0337,85.5,yes
fig-000005,cty0338,85.5,yes
fig-000004,cty0339,85.5,yes
fig-000004,cty0340,85.5,yes
fig-000932,rac051,90.0,yes
fig-001378,rac053,85.5,yes
fig-000510,rac052,85.5,yes
fig-000006,njo0070,85.5,yes
fig-000596,loc001,91.0,yes
fig-000612,lor033,90.0,yes
fig-010740,tnt001,100.0,yes
fig-000061,cty0073a,85.5,yes
fig-000003,rac030as,85.5,yes
fig-000038,rac037s,85.5,yes
fig-000030,cty0341,85.5,yes
fig-000010,lor034,85.5,yes
fig-005194,lor035,90.0,yes
fig-005915,lor036,100.0,yes
fig-005916,lor037,100.0,yes
fig-005897,lor038,100.0,yes
fig-005894,lor039,90.0,yes
fig-005896,lor040,100.0,yes
fig-005893,lor041,100.0,yes
fig-001592,lor042,100.0,yes
fig-005932,lor043,95.0,yes
fig-005931,lor044,100.0,yes
fig-005935,lor045,100.0,yes
fig-005934,lor046,100.0,yes
fig-005930,lor047,100.0,yes
fig-000010,sw0433,85.5,yes
fig-003988,sw0434,100.0,yes
fig-000001,tls070,85.5,yes
fig-003420,lor031,90.0,yes
fig-000873,lor030,100.0,yes
fig-011619,lor048,90.0,yes
fig-005932,lor032,95.0,yes
fig-005891,lor051,100.0,yes
fig-005892,lor050,100.0,yes
fig-005890,lor052,100.0,yes
fig-005888,lor049,100.0,yes
fig-000865,lor053,95.0,yes
fig-005904,lor054,100.0,yes
fig-005903,lor055,90.0,yes
fig-005906,lor056,100.0,yes
fig-000005,hol024,85.5,yes
fig-006805,hol025,88.1,yes
fig-000004,hol026,85.5,yes
fig-000003,hol027,85.5,yes
fig-007009,gs001,100.0,yes
fig-014997,gs002,90.0,yes
fig-000048,col129,85.5,yes
fig-000048,col130,85.5,yes
fig-008775,col131,90.0,yes
fig-000491,col132,90.0,yes
fig-000885,col133,90.0,yes
fig-000052,col134,85.5,yes
fig-000022,col135,90.0,yes
fig-001001,col136,90.0,yes
fig-008774,col137,90.0,yes
fig-000048,col138,85.5,yes
fig-000945,col139,90.0,yes
fig-000048,col140,85.5,yes
fig-000948,col141,90.0,yes
fig-000502,col142,90.0,yes
fig-008773,col143,90.0,yes
fig-000048,col144,85.5,yes
fig-002115,gs003,85.5,yes
fig-014997,gs010,90.0,yes
fig-007007,gs011,100.0,yes
fig-007010,gs012,100.0,yes
fig-003991,sw0435,100.0,yes
fig-000010,sw0436,85.5,yes
fig-000007,sw0437,85.5,yes
fig-003975,sw0438,90.0,yes
fig-000007,sw0439,85.5,yes
fig-000056,sw0440,85.5,yes
fig-014997,gs006,90.0,yes
fig-007012,gs008,100.0,yes
fig-014997,gs007,90.0,yes
fig-014997,gs013,90.0,yes
fig-000007,frnd032,85.5,yes
fig-000007,frnd033,85.5,yes
fig-007008,gs009,100.0,yes
fig-007005,gs005,100.0,yes
fig-007000,gs004,100.0,yes
fig-000865,lor026,90.0,yes
fig-014318,cas515,86.2,yes
fig-000007,sw0441,85.5,yes
fig-000061,sw0442,85.5,yes
fig-000010,sh0047,85.5,yes
fig-000019,sh0049,85.5,yes
fig-000032,sh0050,85.5,yes
fig-000010,sw0443,85.5,yes
fig-000056,sw0444,85.5,yes
fig-001275,tnt002,85.5,yes
fig-001363,tnt003,100.0,yes
fig-003335,tnt004,100.0,yes
fig-003320,tnt005,90.0,yes
fig-011686,tnt006,90.0,yes
fig-004896,sh0051,100.0,yes
fig-004894,sh0052,100.0,yes
fig-004893,sh0053,100.0,yes
fig-004895,sh0054,100.0,yes
fig-000007,sw0445,85.5,yes
fig-000061,sh0055,85.5,yes
fig-004898,sh0056,100.0,yes
fig-003828,sw0456,87.4,yes
fig-001137,sw0457,95.0,yes
fig-000898,sw0458,90.0,yes
fig-015317,sw0455,90.0,yes
fig-003362,tnt007,100.0,yes
fig-003328,tnt008,90.0,yes
fig-003364,tnt009,97.4,yes
fig-003365,tnt010,100.0,yes
fig-003320,tnt011,90.0,yes
fig-005875,cty0344,88.9,yes
fig-001363,tnt012,90.0,yes
fig-000003,sw0446,85.5,yes
fig-000061,sw0447,85.5,yes
fig-003966,sw0448,100.0,yes
fig-000510,sw0449,85.5,yes
fig-004005,sw0450,90.0,yes
fig-014293,sw0452,90.0,yes
fig-000007,sw0453,85.5,yes
fig-003984,sw0454,100.0,yes
fig-000004,sw0451,85.5,yes
fig-003336,tnt014,100.0,yes
fig-003328,tnt015,100.0,yes
fig-003329,tnt016,100.0,yes
fig-001275,tnt017,85.5,yes
fig-003331,tnt018,100.0,yes
fig-012439,tnt013,100.0,yes
fig-000005,cty0342,85.5,yes
fig-000005,cty0343,85.5,yes
fig-000007,frnd034,85.5,yes
fig-000007,frnd035,85.5,yes
fig-000003,frnd036,85.5,yes
fig-000003,frnd037,85.5,yes
fig-000005,cty0345,85.5,yes
fig-000003,cty0346,85.5,yes
fig-000004,cty0347,85.5,yes
fig-000005,cty0348,85.5,yes
fig-000003,frnd038,85.5,yes
fig-003342,tnt020,91.0,yes
fig-004434,tnt019,85.5,yes
fig-000003,cty0349,85.5,yes
fig-000003,cty0350,85.5,yes
fig-000005,cty0351,85.5,yes
fig-004603,sh0057,90.0,yes
fig-000003,sh0048,85.5,yes
fig-004601,sh0059,91.3,yes
fig-002015,sh0060,100.0,yes
fig-001050,sh0061,90.0,yes
fig-001019,sh0058,100.0,yes
fig-003001,njo0071,90.9,yes
fig-000005,njo0072,85.5,yes
fig-000311,loc017,100.0,yes
fig-005636,loc018,90.0,yes
fig-005645,loc021,100.0,yes
fig-000007,loc014,85.5,yes
fig-005649,loc023,90.9,yes
fig-000010,loc024,85.5,yes
fig-005648,loc022,100.0,yes
fig-005651,loc019,91.0,yes
fig-005631,loc016,87.1,yes
fig-001868,loc015,100.0,yes
fig-002998,njo0076,91.3,yes
fig-000007,njo0074,85.5,yes
fig-000020,njo0075,85.5,yes
fig-000210,loc002,90.0,yes
fig-001179,loc003,100.0,yes
fig-000336,loc004,100.0,yes
fig-000007,loc005,85.5,yes
fig-005628,loc007,100.0,yes
fig-005654,loc008,90.0,yes
fig-001321,loc009,100.0,yes
fig-005626,loc010,90.0,yes
fig-000347,loc011,90.0,yes
fig-005633,loc012,90.0,yes
fig-000669,loc013,100.0,yes
fig-000007,dupmermaid01,85.5,yes
fig-000006,njo0073,85.5,yes
fig-000004,trn233,85.5,yes
fig-000004,cty0352,85.5,yes
fig-000004,trn234,85.5,yes
fig-000004,cty0353,85.5,yes
fig-000003,cty0354,85.5,yes
fig-000004,cty0355,85.5,yes
fig-005647,loc025,91.0,yes
fig-005654,loc026,100.0,yes
fig-005633,loc027,100.0,yes
fig-000772,sw0460,100.0,yes
fig-000898,sw0461,90.0,yes
fig-000142,sw0462,85.5,yes
fig-001101,sw0463,85.8,yes
fig-010455,sw0459,94.9,yes
fig-000003,twn171,85.5,yes
fig-000004,twn172,85.5,yes
fig-000007,frnd039,85.5,yes
fig-000004,47394pb151,85.5,yes
fig-001157,47394pb152,90.0,yes
fig-000004,47394pb153,85.5,yes
fig-000003,47205pb025,85.5,yes
fig-000019,njo0077,85.5,yes
fig-002574,njo0078,90.0,yes
fig-000009,njo0079,85.5,yes
fig-002997,njo0080,91.3,yes
fig-000007,frnd040,85.5,yes
fig-000005,cty0356,85.5,yes
fig-000007,cty0357,85.5,yes
fig-000007,cty0358,85.5,yes
fig-000004,twn173,85.5,yes
fig-000004,twn174,85.5,yes
fig-000004,frnd041,85.5,yes
fig-000061,gen047,85.5,yes
fig-011686,tnt021,90.0,yes
fig-000600,47394pb154,85.5,yes
fig-001475,47394pb155,85.5,yes
fig-000033,sh0062,85.5,yes
fig-001521,sh0063,95.0,yes
fig-000005,sh0064,85.5,yes
fig-000007,cty0359,85.5,yes
fig-000004,cty0360,85.5,yes
fig-000030,cty0361,85.5,yes
fig-000030,cty0362,85.5,yes
fig-000010,cty0363,85.5,yes
fig-000030,cty0364,85.5,yes
fig-000004,47205pb026,85.5,yes
fig-008219,pln172,88.0,yes
fig-000004,cty0365,85.5,yes
fig-000004,cty0366,85.5,yes
fig-006691,jbr001a,88.3,yes
fig-000005,cty0367,85.5,yes
fig-000004,cty0368,85.5,yes
fig-010071,tls071,90.0,yes
fig-000001,tls072,85.5,yes
fig-000004,cty0369,85.5,yes
fig-000004,hol015,85.5,yes
fig-000003,hol016,85.5,yes
fig-000775,twn181,85.5,yes
fig-004880,twn177,90.0,yes
fig-000001,twn178,85.5,yes
fig-001263,twn179,90.0,yes
fig-000306,twn180,85.5,yes
fig-000077,twn176,85.5,yes
fig-000004,twn175,85.5,yes
fig-000004,cas280a,85.5,yes
fig-000004,47394pb156,85.5,yes
fig-000004,47394pb157,85.5,yes
fig-000826,loc006,91.2,yes
fig-009557,cty0370,90.1,yes
fig-000005,cty0371,85.5,yes
fig-000005,cty0372,85.5,yes
fig-000004,cty0373,85.5,yes
fig-000004,cty0374,85.5,yes
fig-004892,sh0065,95.7,yes
fig-004890,sh0066,90.0,yes
fig-004891,sh0067,90.0,yes
fig-000032,njo0081,85.5,yes
fig-000005,njo0082,85.5,yes
fig-000004,twn182,85.5,yes
fig-000003,twn183,85.5,yes
fig-000003,twn184,85.5,yes
fig-000001,tls074,85.5,yes
fig-001071,tls075,90.0,yes
fig-000001,tls076,85.5,yes
fig-000030,cty0375,85.5,yes
fig-000030,cty0376,85.5,yes
fig-000030,cty0377,85.5,yes
fig-000030,cty0378,85.5,yes
fig-000004,cty0379,85.5,yes
fig-000003,cty0380,85.5,yes
fig-000005,cty0381,85.5,yes
fig-000838,tlr001,90.0,yes
fig-011608,sh0069,90.0,yes
fig-004884,sh0068,93.9,yes
fig-005018,sh0070,90.0,yes
fig-004885,sh0071,100.0,yes
fig-000001,tls073,85.5,yes
fig-004886,sh0072,92.3,yes
fig-000061,sh0073,85.5,yes
fig-005018,sh0074,90.0,yes
fig-000004,hol017,85.5,yes
fig-000004,cty0383,85.5,yes
fig-011203,sw0464,95.0,yes
fig-000004,47394pb158,85.5,yes
fig-000004,47394pb159,85.5,yes
fig-005937,lor057,95.0,yes
fig-000004,sw0465,85.5,yes
fig-003427,aqu012a,90.0,yes
fig-000010,aqu013a,85.5,yes
fig-000010,aqu014a,85.5,yes
fig-000005,sh0025a,85.5,yes
fig-001014,cty0384,90.0,yes
fig-000291,tlr002,90.0,yes
fig-005168,tlr003,100.0,yes
fig-005165,tlr004,100.0,yes
fig-005166,tlr005,100.0,yes
fig-002750,tlr006,100.0,yes
fig-005174,tlr007,100.0,yes
fig-005169,tlr008,100.0,yes
fig-005175,tlr009,100.0,yes
fig-005176,tlr010,95.0,yes
fig-000291,tlr012,90.0,yes
fig-005171,tlr013,100.0,yes
fig-005173,tlr014,100.0,yes
fig-005172,tlr015,100.0,yes
fig-005170,tlr016,100.0,yes
fig-005180,tlr011,100.0,yes
fig-005178,tlr018,100.0,yes
fig-005179,tlr017,100.0,yes
fig-000010,sh0019a,85.5,yes
fig-000211,col145,85.5,yes
fig-000048,col146,85.5,yes
fig-000952,col147,90.0,yes
fig-000023,col148,90.0,yes
fig-000047,col149,90.0,yes
fig-000211,col150,85.5,yes
fig-000955,col151,90.0,yes
fig-000048,col152,85.5,yes
fig-000694,col153,90.0,yes
fig-001016,col154,90.0,yes
fig-000211,col155,85.5,yes
fig-000957,col156,90.0,yes
fig-000708,col157,90.0,yes
fig-000953,col158,90.0,yes
fig-000211,col159,85.5,yes
fig-000958,col160,90.0,yes
fig-000211,col161,85.5,yes
fig-000003,cty0005a,85.5,yes
fig-004374,tlr019,90.0,yes
fig-004374,tlr020,90.0,yes
fig-004374,tlr021,90.0,yes
fig-000421,gen048,85.5,yes
fig-005017,sh0075,90.0,yes
fig-004911,sh0076,90.0,yes
fig-000227,sh0077,90.0,yes
fig-004911,sh0078,100.0,yes
fig-004903,sh0079,100.0,yes
fig-004899,sh0080,100.0,yes
fig-004902,sh0081,100.0,yes
fig-001397,col162,100.0,yes
fig-000005,cty0382,85.5,yes
fig-000010,sw0466,85.5,yes
fig-000247,frnd042,85.5,yes
fig-000007,frnd043,85.5,yes
fig-000003,frnd044,85.5,yes
fig-000007,sw0467,85.5,yes
fig-000010,sw0468,85.5,yes
fig-003977,sw0469,100.0,yes
fig-000005,sw0471,85.5,yes
fig-004023,sw0472,93.6,yes
fig-003800,sw0473,100.0,yes
fig-004022,sw0474,100.0,yes
fig-000020,sw0475,85.5,yes
fig-004019,sw0476,100.0,yes
fig-004017,sw0477,100.0,yes
fig-000054,sw0478,85.5,yes
fig-004162,sw0479,85.5,yes
fig-004012,sw0480,100.0,yes
fig-000007,sw0481,85.5,yes
fig-000005,sw0482,85.5,yes
fig-004009,sw0483,100.0,yes
fig-000007,sw0485,85.5,yes
fig-004008,sw0486,100.0,yes
fig-004011,sw0487,90.0,yes
fig-012927,sw0488,85.5,yes
fig-000005,sw0489,85.5,yes
fig-000053,sw0490,85.5,yes
fig-000007,sw0491,85.5,yes
fig-004005,sw0492,90.0,yes
fig-000932,sw0493,90.0,yes
fig-004000,sw0494,90.0,yes
fig-000005,cas516,85.5,yes
fig-000005,cas517,85.5,yes
fig-000005,cas520,85.5,yes
fig-000003,cas521,85.5,yes
fig-000004,cas522,85.5,yes
fig-000005,cas523,85.5,yes
fig-000004,cas524,85.5,yes
fig-000004,cas525,85.5,yes
fig-000003,cas526,85.5,yes
fig-000007,cas527,85.5,yes
fig-000005,cas528,85.5,yes
fig-000005,cas529,85.5,yes
fig-000003,cas530,85.5,yes
fig-000005,cas531,85.5,yes
fig-000005,cas532,85.5,yes
fig-000147,sh0082,100.0,yes
fig-005269,lor058,100.0,yes
fig-000612,lor059,90.0,yes
fig-005248,lor060,90.0,yes
fig-010942,lor061,90.0,yes
fig-015131,lor062,90.0,yes
fig-005186,lor063,94.1,yes
fig-005189,lor064,90.0,yes
fig-005188,lor065,95.0,yes
fig-000007,cas533,85.5,yes
fig-008777,cas534,90.0,yes
fig-000005,cas535,85.5,yes
fig-000005,cas536,85.5,yes
fig-000005,cas537,85.5,yes
fig-005185,lor066,95.0,yes
fig-000004,cty0385,85.5,yes
fig-000004,cty0386,85.5,yes
fig-000005,cty0387,85.5,yes
fig-005195,lor067,100.0,yes
fig-005187,lor068,90.0,yes
fig-005196,lor069,100.0,yes
fig-005197,lor070,100.0,yes
fig-005193,lor071,87.5,yes
fig-000227,sh0083,90.0,yes
fig-000001,tls077,85.5,yes
fig-000001,tls078,85.5,yes
fig-000001,tls079,85.5,yes
fig-000004,cty0388,85.5,yes
fig-000003,cty0389,85.5,yes
fig-000003,cty0390,85.5,yes
fig-000003,cty0391,85.5,yes
fig-000003,frnd045,85.5,yes
fig-000003,frnd046,85.5,yes
fig-000007,frnd047,85.5,yes
fig-000004,cty0392,85.5,yes
fig-000003,cty0393,85.5,yes
fig-000005,cty0394,85.5,yes
fig-004000,sw0495,88.5,yes
fig-000001,tls082,85.5,yes
fig-000001,tls081,85.5,yes
fig-000001,tls080,85.5,yes
fig-000003,47394pb160,85.5,yes
fig-000003,47394pb161,85.5,yes
fig-000003,cty0395,85.5,yes
fig-000003,cty0396,85.5,yes
fig-000003,chef021,85.5,yes
fig-000004,cty0397,85.5,yes
fig-000005,cty0398,85.5,yes
fig-000005,cty0399,85.5,yes
fig-006546,cty0400,90.0,yes
fig-000004,cty0401,85.5,yes
fig-000005,cty0402,85.5,yes
fig-000004,cty0404,85.5,yes
fig-000004,cty0405,85.5,yes
fig-000003,cty0403,85.5,yes
fig-000004,wc001s,85.5,yes
fig-000004,twn185,85.5,yes
fig-008346,twn186,85.6,yes
fig-004556,cty0406,90.0,yes
fig-000007,cty0407,85.5,yes
fig-000004,pln173,85.5,yes
fig-000019,cty0408,85.5,yes
fig-000029,cty0409,85.5,yes
fig-000005,cty0410,85.5,yes
fig-000061,cty0411,85.5,yes
fig-001327,cty0412,90.0,yes
fig-000915,cty0413,90.0,yes
fig-000061,cty0414,85.5,yes
fig-004556,cty0415,90.0,yes
fig-000061,cty0416,85.5,yes
fig-000029,cty0417,85.5,yes
fig-000005,cty0418,85.5,yes
fig-000077,85863pb098,85.5,yes
fig-000077,85863pb099,85.5,yes
fig-000077,85863pb100,85.5,yes
fig-005268,lor072,100.0,yes
fig-000010,lor073,85.5,yes
fig-005269,lor074,90.0,yes
fig-009645,cty0419,90.7,yes
fig-000004,cty0420,85.5,yes
fig-000005,cty0421,85.5,yes
fig-000005,cty0422,85.5,yes
fig-003997,sw0496,100.0,yes
fig-000010,sw0497,85.5,yes
fig-003998,sw0498,90.1,yes
fig-003994,sw0499,100.0,yes
fig-006546,sw0500,90.0,yes
fig-003992,sw0501,100.0,yes
fig-000061,sw0502,85.5,yes
fig-000004,twn188,85.5,yes
fig-000003,twn187,85.5,yes
fig-000898,cty0423,90.0,yes
fig-000005,cty0424,85.5,yes
fig-000003,sw0465a,85.5,yes
fig-000007,frnd048,85.5,yes
fig-007003,gs014,100.0,yes
fig-007001,gs015,100.0,yes
fig-000001,tls083,85.5,yes
fig-000001,tls084,85.5,yes
fig-000001,tls085,85.5,yes
fig-001491,sw0503,100.0,yes
fig-000007,sw0467b,85.5,yes
fig-007480,gen051,90.0,yes
fig-000010,loc028,85.5,yes
fig-007405,cty0425,85.8,yes
fig-000019,idea001,85.5,yes
fig-005820,idea002,90.0,yes
fig-015511,gen052,90.0,yes
fig-016004,gen053,100.0,yes
fig-001126,loc029,100.0,yes
fig-005655,loc030,100.0,yes
fig-000017,loc031,100.0,yes
fig-000033,loc032,85.5,yes
fig-005656,loc033,91.2,yes
fig-000003,cty0426,85.5,yes
fig-005568,cty0427,90.0,yes
fig-000004,cty0428,85.5,yes
fig-000007,loc034,85.5,yes
fig-000017,loc035,90.0,yes
fig-005642,loc036,75.0,no
fig-000003,frnd050,85.5,yes
fig-000007,frnd049,85.5,yes
fig-000003,frnd051,85.5,yes
fig-000007,loc037,85.5,yes
fig-000010,loc038,85.5,yes
fig-005639,loc039,100.0,yes
fig-001323,loc040,100.0,yes
fig-006550,mba004,90.0,yes
fig-006549,mba005,90.0,yes
fig-006548,mba006,90.0,yes
fig-005655,loc041,90.0,yes
fig-000053,loc042,85.5,yes
fig-000347,loc043,90.0,yes
fig-000010,loc044,85.5,yes
fig-005636,loc045,100.0,yes
fig-000211,col163,85.5,yes
fig-000211,col164,85.5,yes
fig-000080,col165,85.5,yes
fig-000211,col166,85.5,yes
fig-000968,col167,90.0,yes
fig-000004,col168,85.5,yes
fig-013084,col169,90.0,yes
fig-000048,col170,85.5,yes
fig-000518,col171,90.0,yes
fig-000048,col172,85.5,yes
fig-000211,col173,85.5,yes
fig-000536,col174,90.0,yes
fig-000959,col175,90.0,yes
fig-000048,col176,85.5,yes
fig-000211,col177,85.5,yes
fig-000543,col178,90.0,yes
fig-000005,cas518a,85.5,yes
fig-000003,sh0072a,85.5,yes
fig-000003,soc008s01,85.5,yes
fig-000004,hol018,85.5,yes
fig-000004,hol019,85.5,yes
fig-002522,sw0504,85.5,yes
fig-000005,sw0505,85.5,yes
fig-003938,sw0508,100.0,yes
fig-000007,sw0509,85.5,yes
fig-000005,frnd052,85.5,yes
fig-005279,hol020,90.0,yes
fig-000005,sw0513,85.5,yes
fig-002545,sw0510,72.0,no
fig-000007,sw0511,85.5,yes
fig-006029,pi142,90.0,yes
fig-000010,pi143,85.5,yes
fig-005562,pi144,98.1,yes
fig-005561,pi145,98.4,yes
fig-003935,sw0512,88.7,yes
fig-003541,sw0217a,87.9,yes
fig-002351,frnd042a,95.0,yes
fig-000010,sw0514,85.5,yes
fig-001208,sw0506,90.0,yes
fig-000796,sw0507,85.5,yes
fig-001315,loc046,100.0,yes
fig-000898,cty0429,90.0,yes
fig-000005,cty0430,85.5,yes
fig-000004,cty0431,85.5,yes
fig-000030,cty0432,85.5,yes
fig-000007,cty0433,85.5,yes
fig-000007,47394pb162,85.5,yes
fig-000007,47394pb163,85.5,yes
fig-010486,47205pb027,85.5,yes
fig-013593,47394pb164,90.0,yes
fig-000004,cty0434,85.5,yes
fig-000003,cty0435,85.5,yes
fig-006029,hol021,90.0,yes
fig-000004,cty0436,85.5,yes
fig-000003,47205pb028,85.5,yes
fig-000004,47394pb165,85.5,yes
fig-000007,frnd053,85.5,yes
fig-000003,frnd054,85.5,yes
fig-000010,85863pb101,85.5,yes
fig-000010,85863pb102,85.5,yes
fig-000010,85863pb103,85.5,yes
fig-000010,85863pb104,85.5,yes
fig-000010,85863pb105,85.5,yes
fig-001050,85863pb106,90.0,yes
fig-000010,85863pb107,85.5,yes
fig-000010,85863pb108,85.5,yes
fig-000004,47394pb166,85.5,yes
fig-000003,hol022,85.5,yes
fig-000004,hol023,85.5,yes
fig-000004,pln174,85.5,yes
fig-011686,tnt022,90.0,yes
fig-000001,tls086,85.5,yes
fig-010448,sw0211a,90.0,yes
fig-000004,cty0437,85.5,yes
fig-000003,cty0438,85.5,yes
fig-000004,cty0439,85.5,yes
fig-000004,cty0440,85.5,yes
fig-000004,cty0441,85.5,yes
fig-000003,cty0442,85.5,yes
fig-000004,cty0443,85.5,yes
fig-000004,cty0444,85.5,yes
fig-000004,cty0445,85.5,yes
fig-000003,sw0515,85.5,yes
fig-000005,hol028,85.5,yes
fig-000004,hol029,85.5,yes
fig-001319,spd005a,90.0,yes
fig-000004,hol030,85.5,yes
fig-000004,hol031,85.5,yes
fig-016229,sh0084,90.0,yes
fig-000003,hol032,85.5,yes
fig-000049,tlm008,85.5,yes
fig-000021,tlm009,85.5,yes
fig-000049,tlm015,85.5,yes
fig-000049,tlm005,85.5,yes
fig-000049,tlm012,85.5,yes
fig-000021,tlm010,85.5,yes
fig-007024,tlm002,90.0,yes
fig-000049,tlm001,85.5,yes
fig-000021,tlm016,85.5,yes
fig-000049,tlm004,85.5,yes
fig-000049,tlm007,85.5,yes
fig-000049,tlm011,85.5,yes
fig-000040,tlm003,85.5,yes
fig-000045,tlm013,85.5,yes
fig-000049,tlm006,85.5,yes
fig-000049,tlm014,85.5,yes
fig-000004,hol033,85.5,yes
fig-010456,sw0516,100.0,yes
fig-000010,sw0517,85.5,yes
fig-000005,sw0446a,85.5,yes
fig-000053,loc047,85.5,yes
fig-003541,sw0527,87.9,yes
fig-000003,sw0525,85.5,yes
fig-005907,lor075,100.0,yes
fig-005909,lor076,100.0,yes
fig-005908,lor077,100.0,yes
fig-005923,lor078,100.0,yes
fig-005924,lor079,100.0,yes
fig-005922,lor080,95.0,yes
fig-005912,lor081,100.0,yes
fig-001090,lor087,100.0,yes
fig-005913,lor082,90.0,yes
fig-005914,lor090,92.3,yes
fig-005920,lor085,100.0,yes
fig-001260,lor086,100.0,yes
fig-000145,lor084,100.0,yes
fig-005921,lor083,86.6,yes
fig-005911,lor088,100.0,yes
fig-005910,lor089,91.1,yes
fig-000004,4943pb011a,85.5,yes
fig-000010,sh0085,85.5,yes
fig-004630,sh0086,100.0,yes
fig-000007,frnd055,85.5,yes
fig-000003,frnd056,85.5,yes
fig-000003,frnd058,85.5,yes
fig-000061,frnd059,85.5,yes
fig-000003,frnd060,85.5,yes
fig-000003,chef022,85.5,yes
fig-000004,cty0447,85.5,yes
fig-000004,47394pb167,85.5,yes
fig-000004,cty0448,85.5,yes
fig-000030,cty0449,85.5,yes
fig-000010,sw0526,85.5,yes
fig-004029,sw0534,95.0,yes
fig-000005,sw0520,85.5,yes
fig-012447,sw0521,90.0,yes
fig-000007,sw0519,85.5,yes
fig-000007,sw0518,85.5,yes
fig-000007,sw0522,85.5,yes
fig-000007,sw0523,85.5,yes
fig-000007,sw0524,85.5,yes
fig-004028,sw0535,86.7,yes
fig-004025,sw0536,100.0,yes
fig-010457,sw0533,95.1,yes
fig-000053,sw0532,85.5,yes
fig-000007,sw0528,85.5,yes
fig-004042,sw0530,100.0,yes
fig-004040,sw0540,87.4,yes
fig-000007,sw0537,85.5,yes
fig-000010,sw0538,85.5,yes
fig-000048,sw0542,85.5,yes
fig-000007,sw0531,85.5,yes
fig-000061,sw0541,85.5,yes
fig-000010,sw0539,85.5,yes
fig-013694,sw0543,90.0,yes
fig-001147,sw0544,90.0,yes
fig-000010,sw0545,85.5,yes
fig-000009,sh0087,100.0,yes
fig-005012,sh0088,92.7,yes
fig-000007,sh0089,85.5,yes
fig-000007,cty0450,85.5,yes
fig-001149,cty0451,90.0,yes
fig-000005,cty0452,85.5,yes
fig-000004,pln175,85.5,yes
fig-000007,frnd061,85.5,yes
fig-010623,col038a,95.0,yes
fig-016375,col037a,90.0,yes
fig-000003,frnd062,85.5,yes
fig-000007,cty0453,85.5,yes
fig-000005,cty0454,85.5,yes
fig-000005,cty0455,85.5,yes
fig-001910,tlm017,90.0,yes
fig-000005,tlm018,85.5,yes
fig-000007,frnd063,85.5,yes
fig-000005,sw0529,85.5,yes
fig-000007,dp001,85.5,yes
fig-001370,dp002,90.0,yes
fig-001461,dp003,90.0,yes
fig-000003,dp004,85.5,yes
fig-000003,dp005,85.5,yes
fig-000004,cty0456,85.5,yes
fig-000007,cty0457,85.5,yes
fig-000007,cty0458,85.5,yes
fig-000003,frnd064,85.5,yes
fig-000003,47394pb168,85.5,yes
fig-000004,47394pb169,85.5,yes
fig-000004,cty0461,85.5,yes
fig-000004,cty0460,85.5,yes
fig-000004,cty0459,85.5,yes
fig-000007,frnd065,85.5,yes
fig-002167,tlm023,100.0,yes
fig-002168,tlm024,100.0,yes
fig-000007,tlm025,85.5,yes
fig-000004,twn189,85.5,yes
fig-000003,twn190,85.5,yes
fig-000951,twn191,90.0,yes
fig-000003,twn192,85.5,yes
fig-002233,twn193,85.5,yes
fig-001149,cty0462,90.0,yes
fig-000007,cty0463,85.5,yes
fig-000005,cty0464,85.5,yes
fig-000005,cty0465,85.5,yes
fig-003004,njo0083,100.0,yes
fig-003003,njo0084,100.0,yes
fig-000061,njo0085,85.5,yes
fig-003005,njo0086,91.2,yes
fig-000007,dp006,85.5,yes
fig-003492,dp007,95.0,yes
fig-000053,loc048,85.5,yes
fig-000006,njo0087,85.5,yes
fig-013793,njo0088,90.0,yes
fig-000004,sp053a,85.5,yes
fig-000065,sp054b,90.0,yes
fig-010942,sw0475a,90.0,yes
fig-000005,tlm026,85.5,yes
fig-001910,tlm027,90.0,yes
fig-002162,tlm028,100.0,yes
fig-006655,tlm077,90.0,yes
fig-000004,cty0466,85.5,yes
fig-000004,cty0467,85.5,yes
fig-000004,cty0468,85.5,yes
fig-000004,cty0469,85.5,yes
fig-002169,tlm031,100.0,yes
fig-002170,tlm032,100.0,yes
fig-002171,tlm033,100.0,yes
fig-000007,sw0441a,85.5,yes
fig-000072,njo0089,85.5,yes
fig-000072,njo0090,85.5,yes
fig-000932,rac051s,90.0,yes
fig-000005,rac052s,85.5,yes
fig-000038,rac053s,85.5,yes
fig-002163,tlm034,100.0,yes
fig-002166,tlm035,100.0,yes
fig-002165,tlm036,100.0,yes
fig-002164,tlm037,90.0,yes
fig-000072,njo0091,85.5,yes
fig-002508,njo0092,92.3,yes
fig-003060,njo0093,100.0,yes
fig-002174,tlm038,100.0,yes
fig-002173,tlm039,100.0,yes
fig-002172,tlm040,100.0,yes
fig-002179,tlm019,100.0,yes
fig-002178,tlm020,100.0,yes
fig-002177,tlm021,100.0,yes
fig-002183,tlm022,100.0,yes
fig-010364,tlm075,95.7,yes
fig-002185,tlm029,90.0,yes
fig-000347,loc049,90.0,yes
fig-000017,loc050,90.0,yes
fig-000007,loc051,85.5,yes
fig-000151,loc052,91.0,yes
fig-000061,loc058,85.5,yes
fig-005667,loc054,100.0,yes
fig-000072,loc055,85.5,yes
fig-005665,loc064,100.0,yes
fig-000017,loc068,90.0,yes
fig-005624,loc053,100.0,yes
fig-005661,loc059,100.0,yes
fig-005662,loc060,100.0,yes
fig-005663,loc061,100.0,yes
fig-000347,loc062,90.0,yes
fig-000007,loc063,85.5,yes
fig-005658,loc056,100.0,yes
fig-005672,loc065,100.0,yes
fig-000347,loc066,90.0,yes
fig-000072,loc067,85.5,yes
fig-001172,loc057,100.0,yes
fig-005678,loc069,90.0,yes
fig-005679,loc070,100.0,yes
fig-002574,njo0094,90.0,yes
fig-000061,njo0095,85.5,yes
fig-003007,njo0096,100.0,yes
fig-000005,cty0470,85.5,yes
fig-001208,hol034,90.0,yes
fig-002193,tlm030,100.0,yes
fig-002195,tlm041,100.0,yes
fig-001452,tlm042,77.1,no
fig-002194,tlm043,100.0,yes
fig-000059,tlm044,85.5,yes
fig-000007,tlm045,85.5,yes
fig-000004,cty0471,85.5,yes
fig-005181,85863pb109,90.0,yes
fig-005192,85863pb110,90.0,yes
fig-000021,85863pb111,85.5,yes
fig-005202,85863pb112,90.0,yes
fig-005201,85863pb113,90.0,yes
fig-005194,85863pb114,90.0,yes
fig-000021,85863pb115,85.5,yes
fig-005276,85863pb116,90.0,yes
fig-005276,85863pb117,90.0,yes
fig-002565,85863pb118,90.0,yes
fig-005276,85863pb119,90.0,yes
fig-000006,njo0097,85.5,yes
fig-001771,njo0098,87.5,yes
fig-000072,njo0099,85.5,yes
fig-014583,dp008,90.0,yes
fig-015881,dp009,90.0,yes
fig-002358,frnd066,95.0,yes
fig-000003,frnd067,85.5,yes
fig-002189,tlm047,100.0,yes
fig-002987,tlm048,85.5,yes
fig-000007,tlm046,85.5,yes
fig-000003,frnd068,85.5,yes
fig-000010,frnd069,85.5,yes
fig-004542,sim001,86.0,yes
fig-004544,sim002,91.3,yes
fig-004546,sim004,90.0,yes
fig-001487,sim003,90.0,yes
fig-004537,sim005,95.0,yes
fig-004545,sim006,90.9,yes
fig-000003,47394pb170,85.5,yes
fig-000003,47394pb171,85.5,yes
fig-000004,47394pb173,85.5,yes
fig-000004,cty0472,85.5,yes
fig-000004,cty0473,85.5,yes
fig-000007,47394pb172,85.5,yes
fig-006291,hf001,90.0,yes
fig-006293,hf002,90.0,yes
fig-000019,hf003,85.5,yes
fig-000010,hf004,85.5,yes
fig-000061,hf005,85.5,yes
fig-004556,cty0474,90.0,yes
fig-000115,sw0546,90.0,yes
fig-011923,sh0091,90.0,yes
fig-000010,sh0092,85.5,yes
fig-000005,sh0093,85.5,yes
fig-001050,sh0094,90.0,yes
fig-002211,tlm049,100.0,yes
fig-002210,tlm050,100.0,yes
fig-002209,tlm051,100.0,yes
fig-005015,sh0096,90.9,yes
fig-002201,tlm052,100.0,yes
fig-002200,tlm053,100.0,yes
fig-002199,tlm054,100.0,yes
fig-000005,tlm055,85.5,yes
fig-001140,tlm056,90.0,yes
fig-013379,sh0095,90.0,yes
fig-000019,sh0098,85.5,yes
fig-009690,sh0099,90.0,yes
fig-005039,sh0100,91.9,yes
fig-005038,sh0101,100.0,yes
fig-001319,sh0102,90.0,yes
fig-004914,sh0103,85.7,yes
fig-005044,sh0104,100.0,yes
fig-000019,sh0105,85.5,yes
fig-000003,cty0475,85.5,yes
fig-000010,sh0097,85.5,yes
fig-011407,sh0106,90.0,yes
fig-007014,tlm057,100.0,yes
fig-005042,sh0107,90.0,yes
fig-002290,sh0108,90.0,yes
fig-000007,tlm076,85.5,yes
fig-005004,sh0109,100.0,yes
fig-000003,sh0110,85.5,yes
fig-000030,cty0476,85.5,yes
fig-000005,sh0111,85.5,yes
fig-000007,frnd057a,85.5,yes
fig-000005,hf006,85.5,yes
fig-000264,tlm058,100.0,yes
fig-000061,loc071,85.5,yes
fig-000061,tlm059,85.5,yes
fig-000007,sh0112,85.5,yes
fig-000072,tlm060,85.5,yes
fig-000262,tlm061,89.7,yes
fig-001723,gen054,85.5,yes
fig-010656,sh0113,90.0,yes
fig-000267,tlm062,93.0,yes
fig-002118,min002,90.0,yes
fig-006478,min001,90.0,yes
fig-015417,min004,95.0,yes
fig-006477,min005,90.0,yes
fig-012543,min006,77.4,no
fig-006477,min007,90.0,yes
fig-000223,sh0114,90.0,yes
fig-000007,dp010,85.5,yes
fig-000004,con008,85.5,yes
fig-000004,jail005,85.5,yes
fig-000004,cop054,85.5,yes
fig-000004,cop055,85.5,yes
fig-000003,rac054,85.5,yes
fig-005879,rac055,87.2,yes
fig-000003,frnd070,85.5,yes
fig-000007,tnt023,85.5,yes
fig-000946,tnt024,72.0,no
fig-003345,tnt025,100.0,yes
fig-003328,tnt026,90.0,yes
fig-000030,cty0477,85.5,yes
fig-001149,cty0478,90.0,yes
fig-000004,cty0479,85.5,yes
fig-005889,lor091,90.0,yes
fig-016255,hf007,90.7,yes
fig-016256,hf008,91.1,yes
fig-016258,hf009,90.5,yes
fig-003344,tnt027,100.0,yes
fig-000007,cty0480,85.5,yes
fig-000004,cty0481,85.5,yes
fig-003360,tnt028,90.9,yes
fig-001363,tnt029,90.0,yes
fig-002199,tnt030,85.5,yes
fig-003353,tnt031,93.3,yes
fig-003355,tnt032,93.0,yes
fig-003354,tnt033,100.0,yes
fig-011686,tnt034,90.0,yes
fig-000566,twn194,90.9,yes
fig-000053,loc072,85.5,yes
fig-003340,tnt035,91.3,yes
fig-003320,tnt036,90.0,yes
fig-003328,tnt037,90.0,yes
fig-001363,tnt038,90.0,yes
fig-000012,twn195,90.0,yes
fig-010043,twn196,90.3,yes
fig-010042,twn197,89.7,yes
fig-000898,cty0482,90.0,yes
fig-001953,sh0115,90.0,yes
fig-000004,cty0483,85.5,yes
fig-002688,cas538,90.0,yes
fig-000075,sim007,85.5,yes
fig-001487,sim008,90.0,yes
fig-004549,sim009,90.0,yes
fig-004546,sim010,90.0,yes
fig-000075,sim011,85.5,yes
fig-000075,sim012,85.5,yes
fig-000075,sim013,85.5,yes
fig-000021,sim014,85.5,yes
fig-000035,sim015,85.5,yes
fig-000041,sim016,90.0,yes
fig-004552,sim017,90.0,yes
fig-000075,sim018,85.5,yes
fig-000211,sim019,85.5,yes
fig-000075,sim020,85.5,yes
fig-004550,sim021,90.0,yes
fig-000075,sim022,85.5,yes
fig-000030,cty0484,85.5,yes
fig-000004,cty0485,85.5,yes
fig-000007,cty0486,85.5,yes
fig-000030,cty0487,85.5,yes
fig-000003,47205pb029,85.5,yes
fig-001162,sw0547,100.0,yes
fig-000029,cty0488,85.5,yes
fig-006465,old051,97.9,yes
fig-000007,sw0560,85.5,yes
fig-010462,sw0589,100.0,yes
fig-003907,sw0559,90.0,yes
fig-000010,sw0562,85.5,yes
fig-010440,sw0550,90.0,yes
fig-005025,sh0116,90.0,yes
fig-000615,sh0117,90.0,yes
fig-004583,sh0118,90.0,yes
fig-000010,sh0119,85.5,yes
fig-000003,cty0489,85.5,yes
fig-004050,sw0555,100.0,yes
fig-000003,pln157a,85.5,yes
fig-005985,twn198,90.0,yes
fig-000170,twn199,85.5,yes
fig-000170,twn200,85.5,yes
fig-005985,twn201,90.0,yes
fig-000012,twn202,90.0,yes
fig-000170,twn203,85.5,yes
fig-000004,twn208,85.5,yes
fig-000003,twn209,85.5,yes
fig-000004,twn204,85.5,yes
fig-000004,twn205,85.5,yes
fig-000004,twn206,85.5,yes
fig-000004,twn207,85.5,yes
fig-000007,tlm074,85.5,yes
fig-007039,tlm073,93.0,yes
fig-014997,tlm063,80.0,no
fig-000102,tlm064,85.5,yes
fig-000898,tlm065,90.0,yes
fig-005683,loc073,93.3,yes
fig-000019,loc074,85.5,yes
fig-001374,loc075,90.0,yes
fig-005685,loc076,100.0,yes
fig-005687,loc077,100.0,yes
fig-000016,loc078,100.0,yes
fig-000010,loc079,85.5,yes
fig-000004,twn210,85.5,yes
fig-009537,gen055,95.0,yes
fig-005676,loc080,90.0,yes
fig-000010,loc081,85.5,yes
fig-001188,gen057,85.5,yes
fig-000003,sw0551,85.5,yes
fig-000048,sw0552,85.5,yes
fig-002545,sw0553,76.0,no
fig-004065,sw0554,100.0,yes
fig-000075,sw0548,90.0,yes
fig-000059,frnd071,85.5,yes
fig-001175,loc082,90.9,yes
fig-004072,sw0556,85.5,yes
fig-004075,sw0557,100.0,yes
fig-000010,sw0558,85.5,yes
fig-000003,frnd072,85.5,yes
fig-000003,frnd073,85.5,yes
fig-000898,cty0490,90.0,yes
fig-001288,cty0491,90.0,yes
fig-001288,cty0492,90.0,yes
fig-000043,gb002,85.5,yes
fig-000007,gb003,85.5,yes
fig-006284,gb001,90.0,yes
fig-000005,frnd074,85.5,yes
fig-001288,cty0493,90.0,yes
fig-000898,cty0495,90.0,yes
fig-000962,cty0494,90.0,yes
fig-000167,cty0496,85.5,yes
fig-001288,cty0497,90.0,yes
fig-000005,sw0561,85.5,yes
fig-005694,loc083,90.0,yes
fig-005690,loc084,100.0,yes
fig-005699,loc085,90.0,yes
fig-005673,loc086,90.0,yes
fig-000015,loc087,90.0,yes
fig-000019,loc088,85.5,yes
fig-000053,loc089,85.5,yes
fig-000007,loc090,85.5,yes
fig-000017,loc091,90.0,yes
fig-000027,loc092,85.5,yes
fig-000347,loc093,90.0,yes
fig-000005,sw0590,85.5,yes
fig-000005,frnd077,85.5,yes
fig-000003,frnd078,85.5,yes
fig-000005,frnd079,85.5,yes
fig-000061,tlm066,85.5,yes
fig-014205,sw0565,86.2,yes
fig-000005,frnd080,85.5,yes
fig-000010,frnd081,85.5,yes
fig-000061,sw0566,85.5,yes
fig-000072,sw0567,85.5,yes
fig-000003,sw0568,85.5,yes
fig-004069,sw0570,90.0,yes
fig-005025,sw0571,90.0,yes
fig-004070,sw0572,100.0,yes
fig-004068,sw0573,86.7,yes
fig-000336,loc094,90.0,yes
fig-003401,uagt001,100.0,yes
fig-003402,uagt002,100.0,yes
fig-003395,uagt003,100.0,yes
fig-003396,uagt004,100.0,yes
fig-000005,frnd082,85.5,yes
fig-000004,frnd083,85.5,yes
fig-000007,frnd084,85.5,yes
fig-000003,frnd085,85.5,yes
fig-000010,sw0569,85.5,yes
fig-003401,uagt005,90.0,yes
fig-003391,uagt006,100.0,yes
fig-003390,uagt007,100.0,yes
fig-000005,uagt008,85.5,yes
fig-003394,uagt009,100.0,yes
fig-003376,uagt010,100.0,yes
fig-000003,twn211,85.5,yes
fig-003398,uagt011,100.0,yes
fig-003397,uagt012,100.0,yes
fig-003377,uagt013,90.0,yes
fig-003400,uagt014,100.0,yes
fig-000004,twn212,85.5,yes
fig-000004,twn213,85.5,yes
fig-005028,sh0120,100.0,yes
fig-005033,sh0121,90.0,yes
fig-000004,sh0122,85.5,yes
fig-004104,sw0574,90.0,yes
fig-004061,sw0575,85.5,yes
fig-000504,sw0576,90.0,yes
fig-000010,sw0577,85.5,yes
fig-000004,sw0578,85.5,yes
fig-006286,gb001i,94.9,yes
fig-006287,gb002i,94.9,yes
fig-000043,gb003i,85.5,yes
fig-006285,gb004i,87.5,yes
fig-001099,tnt039,92.4,yes
fig-000029,sh0123,85.5,yes
fig-015358,sh0124,90.0,yes
fig-005027,sh0125,90.0,yes
fig-000010,sh0126,85.5,yes
fig-000016,loc095,90.0,yes
fig-001174,loc096,91.8,yes
fig-011611,sw0579,90.9,yes
fig-002507,sw0580,85.5,yes
fig-000010,sw0581,85.5,yes
fig-011127,sw0582,90.0,yes
fig-015313,sw0583,90.0,yes
fig-000010,sw0584,85.5,yes
fig-000004,sw0585,85.5,yes
fig-000516,sw0586,85.5,yes
fig-003405,uagt015,100.0,yes
fig-003404,uagt017,100.0,yes
fig-003403,uagt016,100.0,yes
fig-000003,tlm068,85.5,yes
fig-000005,tlm067,85.5,yes
fig-000059,tlm069,85.5,yes
fig-000005,tlm070,85.5,yes
fig-000029,sh0127,85.5,yes
fig-005034,sh0128,100.0,yes
fig-010460,sw0587,100.0,yes
fig-002177,tlm071,90.0,yes
fig-000898,cty0498,90.0,yes
fig-001771,njo0100,90.0,yes
fig-003006,njo0101,90.6,yes
fig-005655,loc097,90.0,yes
fig-000020,loc098,85.5,yes
fig-000007,loc099,85.5,yes
fig-004104,sw0574a,90.0,yes
fig-000125,loc100,89.1,yes
fig-000347,loc101,90.0,yes
fig-000015,loc102,100.0,yes
fig-005720,loc103,89.4,yes
fig-001363,tnt040,90.0,yes
fig-003328,tnt041,90.0,yes
fig-003349,tnt042,90.0,yes
fig-003320,tnt043,90.0,yes
fig-003325,tnt044,85.5,yes
fig-003328,tnt045,90.0,yes
fig-000038,tnt046,85.5,yes
fig-000004,tnt047,85.5,yes
fig-003320,tnt048,90.0,yes
fig-001621,tnt049,85.5,yes
fig-000005,tnt050,85.5,yes
fig-001374,loc104,100.0,yes
fig-000003,WC016s,85.5,yes
fig-000003,wc024s,85.5,yes
fig-000010,tlm072,85.5,yes
fig-000005,frnd075,85.5,yes
fig-000003,frnd076,85.5,yes
fig-003391,uagt018,90.0,yes
fig-000059,tlm079,85.5,yes
fig-000005,tlm078,85.5,yes
fig-000007,njo0103,85.5,yes
fig-001344,njo0105,90.0,yes
fig-000006,njo0104,85.5,yes
fig-000053,njo0106,85.5,yes
fig-000061,njo0107,85.5,yes
fig-000004,cty0499,85.5,yes
fig-000004,cty0500,85.5,yes
fig-000004,trn235,85.5,yes
fig-000004,trn236,85.5,yes
fig-012484,loc105,90.0,yes
fig-003362,tnt051,90.0,yes
fig-000004,sp075new,85.5,yes
fig-000004,twn214,85.5,yes
fig-003279,twn215,85.5,yes
fig-005743,loc106,91.3,yes
fig-000003,sp006new2,85.5,yes
fig-000003,frnd086,85.5,yes
fig-000010,cty0501,85.5,yes
fig-000007,tnt052,85.5,yes
fig-000003,cty0502,85.5,yes
fig-000004,cty0503,85.5,yes
fig-000003,cty0504,85.5,yes
fig-000004,cty0505,85.5,yes
fig-000004,cty0506,85.5,yes
fig-005688,loc107,91.6,yes
fig-000003,frnd087,85.5,yes
fig-010461,sw0588,100.0,yes
fig-000004,twn216,85.5,yes
fig-014065,crs051,90.0,yes
fig-016462,crs055,85.5,yes
fig-004064,crs058,90.0,yes
fig-014059,crs056,90.0,yes
fig-000061,gb004,85.5,yes
fig-006301,hf010,91.2,yes
fig-000053,hf011,85.5,yes
fig-016257,hf012,90.5,yes
fig-016259,hf013,90.9,yes
fig-000336,loc109,90.0,yes
fig-000038,hf014,85.5,yes
fig-000010,hf015,85.5,yes
fig-000007,hf017,85.5,yes
fig-000019,hf018,85.5,yes
fig-000003,47394pb174,85.5,yes
fig-004044,sw0591,100.0,yes
fig-000091,sw0592,85.5,yes
fig-016016,sw0593,90.0,yes
fig-004663,sw0594,95.0,yes
fig-000005,idea007,85.5,yes
fig-000005,idea008,85.5,yes
fig-000962,idea010,90.0,yes
fig-000962,idea011,90.0,yes
fig-000962,idea009,90.0,yes
fig-013742,sw0595,87.5,yes
fig-000061,hf019,85.5,yes
fig-000010,hf020,85.5,yes
fig-000026,loc110,100.0,yes
fig-000355,loc111,100.0,yes
fig-000049,fst016,85.5,yes
fig-000049,fst017,85.5,yes
fig-000005,fst018,85.5,yes
fig-010402,sh0129,90.0,yes
fig-000279,sh0130,90.0,yes
fig-000061,tlm080,85.5,yes
fig-000061,tlm081,85.5,yes
fig-000145,lor092,90.0,yes
fig-000019,hf021,85.5,yes
fig-000005,sh0132,85.5,yes
fig-001050,sh0133,90.0,yes
fig-000816,sh0090,85.8,yes
fig-005937,lor093,100.0,yes
fig-005888,lor094,90.0,yes
fig-005892,lor095,90.0,yes
fig-005916,lor096,90.0,yes
fig-005915,lor097,90.0,yes
fig-003377,uagt013s,90.0,yes
fig-001554,sh0138,90.0,yes
fig-000004,sh0137,85.5,yes
fig-001953,sh0139,90.0,yes
fig-011689,sh0140,85.5,yes
fig-005875,cty0507,90.5,yes
fig-005874,cty0508,90.9,yes
fig-001566,sw0602,86.0,yes
fig-016508,min008,90.0,yes
fig-000004,sw0548a,85.5,yes
fig-000340,cty0509,100.0,yes
fig-000010,sw0596,85.5,yes
fig-000003,sw0597,85.5,yes
fig-009479,sw0598,90.0,yes
fig-001208,sw0599,90.0,yes
fig-000005,sw0600,85.5,yes
fig-000003,gg002s,85.5,yes
fig-001216,gg005s,90.0,yes
fig-001216,gg006s,90.0,yes
fig-001216,gg008s,90.0,yes
fig-000003,gg009s,85.5,yes
fig-000005,rac031bs,85.5,yes
fig-000005,rac025bs,85.5,yes
fig-000005,rac032bs,85.5,yes
fig-000005,rac037bs,85.5,yes
fig-000003,rac030bs,85.5,yes
fig-000004,hol036,85.5,yes
fig-000003,hol035,85.5,yes
fig-000003,hol037,85.5,yes
fig-000004,hol038,85.5,yes
fig-000004,hol039,85.5,yes
fig-000007,hol040,85.5,yes
fig-000004,hol041,85.5,yes
fig-000029,hol042,85.5,yes
fig-000005,frnd088,85.5,yes
fig-000003,frnd089,85.5,yes
fig-000211,col194,85.5,yes
fig-000227,47394pb175,90.0,yes
fig-000004,trn237,85.5,yes
fig-000005,cty0511,85.5,yes
fig-000004,cty0510,85.5,yes
fig-000048,col179,85.5,yes
fig-000592,col180,90.0,yes
fig-008776,col181,90.0,yes
fig-000089,col182,85.5,yes
fig-000378,col183,90.0,yes
fig-000255,col184,90.0,yes
fig-000211,col185,85.5,yes
fig-001239,col186,90.0,yes
fig-000048,col187,85.5,yes
fig-000551,col188,90.0,yes
fig-000211,col189,85.5,yes
fig-000211,col190,85.5,yes
fig-000583,col191,90.0,yes
fig-000211,col192,85.5,yes
fig-001241,col193,90.0,yes
fig-000865,hol045,85.5,yes
fig-000907,hol044,90.0,yes
fig-000907,hol046,90.0,yes
fig-000053,hol047,85.5,yes
fig-000010,hol048,85.5,yes
fig-005741,loc112,91.2,yes
fig-000206,gen058,85.5,yes
fig-000004,gen059,85.5,yes
fig-000004,gen060,85.5,yes
fig-000004,gen061,85.5,yes
fig-007383,gen062,86.9,yes
fig-000010,gen063,85.5,yes
fig-000004,gen064,85.5,yes
fig-000007,tlm087,85.5,yes
fig-002177,tlm086,90.0,yes
fig-010367,tlm088,90.0,yes
fig-010367,tlm089,90.0,yes
fig-001910,tlm083,90.0,yes
fig-000004,tlm082,85.5,yes
fig-007024,tlm084,90.0,yes
fig-003531,sw0601,95.0,yes
fig-007044,tlm085,95.4,yes
fig-000010,lor098,85.5,yes
fig-000145,lor099,90.0,yes
fig-005898,lor100,95.0,yes
fig-005901,lor101,90.2,yes
fig-011619,lor102,90.0,yes
fig-005942,lor103,100.0,yes
fig-005943,lor104,100.0,yes
fig-000007,lor105,85.5,yes
fig-000004,47205pb030,85.5,yes
fig-000010,lor106,85.5,yes
fig-005925,lor107,100.0,yes
fig-005927,lor109,100.0,yes
fig-005926,lor110,100.0,yes
fig-000001,47394pb176,85.5,yes
fig-000019,hol049,85.5,yes
fig-000010,hol050,85.5,yes
fig-000004,sh0141,85.5,yes
fig-000005,min009,85.5,yes
fig-006477,min010,90.0,yes
fig-001327,div002a,90.0,yes
fig-002229,min011,85.5,yes
fig-006478,min012,100.0,yes
fig-000004,min013,85.5,yes
fig-000003,pln176,85.5,yes
fig-002018,sh0142,100.0,yes
fig-000003,shell015,85.5,yes
fig-016508,min014,90.0,yes
fig-000004,min015,85.5,yes
fig-012484,loc113,90.0,yes
fig-000004,pln177,85.5,yes
fig-000005,rac056,85.5,yes
fig-000005,rac045s,85.5,yes
fig-000005,rac024bs,85.5,yes
fig-011649,sh0143,100.0,yes
fig-006254,njo0108,100.0,yes
fig-000010,loc114,85.5,yes
fig-006253,cty0512,87.8,yes
fig-000003,hol052,85.5,yes
fig-000004,hol051,85.5,yes
fig-000004,twn204a,85.5,yes
fig-000004,fus001,85.5,yes
fig-000305,sw0618,85.5,yes
fig-000007,dp011,85.5,yes
fig-000771,dp012,90.0,yes
fig-000010,loc115,85.5,yes
fig-005732,loc116,100.0,yes
fig-005731,loc117,100.0,yes
fig-005727,loc118,100.0,yes
fig-005728,loc119,87.4,yes
fig-005728,loc120,87.4,yes
fig-005725,loc121,100.0,yes
fig-005724,loc122,87.6,yes
fig-005724,loc123,87.6,yes
fig-005721,loc124,100.0,yes
fig-005723,loc125,92.6,yes
fig-005723,loc126,92.6,yes
fig-000005,cas539,85.5,yes
fig-000005,cas540,85.5,yes
fig-000005,cas541,85.5,yes
fig-000932,gen066,90.0,yes
fig-005625,loc127,100.0,yes
fig-000007,dp014,85.5,yes
fig-003566,dp013,90.0,yes
fig-005687,loc128,90.0,yes
fig-000061,loc129,85.5,yes
fig-000033,loc130,85.5,yes
fig-000017,loc131,90.0,yes
fig-000355,loc132,90.0,yes
fig-000004,loc133,85.5,yes
fig-000061,loc135,85.5,yes
fig-001367,loc134,100.0,yes
fig-005711,loc136,100.0,yes
fig-005710,loc137,100.0,yes
fig-000004,47394pb177,85.5,yes
fig-003569,dp017,100.0,yes
fig-005957,dp016,100.0,yes
fig-000061,dp015,85.5,yes
fig-000072,loc138,85.5,yes
fig-005708,loc139,100.0,yes
fig-000007,loc140,85.5,yes
fig-005705,loc141,100.0,yes
fig-000007,loc143,85.5,yes
fig-000004,cty0513,85.5,yes
fig-000005,cty0514,85.5,yes
fig-000005,cty0515,85.5,yes
fig-000007,cty0516,85.5,yes
fig-000007,cty0517,85.5,yes
fig-005921,cty0518,90.0,yes
fig-000007,cty0519,85.5,yes
fig-005025,sw0603,90.0,yes
fig-004095,sw0604,100.0,yes
fig-001771,njo0109,90.0,yes
fig-003071,njo0110,90.0,yes
fig-005048,sh0144,100.0,yes
fig-000029,sh0145,85.5,yes
fig-000032,sh0146,85.5,yes
fig-000007,tlm090,85.5,yes
fig-000053,tlm091,85.5,yes
fig-001314,col195,90.0,yes
fig-000048,col196,85.5,yes
fig-001317,col197,90.0,yes
fig-001318,col198,90.0,yes
fig-000048,col199,85.5,yes
fig-001358,col200,90.0,yes
fig-006985,col201,90.0,yes
fig-001336,col202,90.0,yes
fig-000211,col203,85.5,yes
fig-008779,col204,90.0,yes
fig-000048,col205,85.5,yes
fig-000048,col206,85.5,yes
fig-001347,col207,90.0,yes
fig-001350,col208,90.0,yes
fig-001353,col209,90.0,yes
fig-001356,col210,90.0,yes
fig-000007,sw0605,85.5,yes
fig-000007,sw0606,85.5,yes
fig-000010,sw0607,85.5,yes
fig-000013,sh0147,100.0,yes
fig-000011,sh0148,100.0,yes
fig-000012,sh0149,90.0,yes
fig-000008,sh0150,90.0,yes
fig-000004,sh0151,85.5,yes
fig-005050,sh0152,90.0,yes
fig-001554,sh0153,90.0,yes
fig-005051,sh0154,100.0,yes
fig-000010,sh0155,85.5,yes
fig-000004,sh0156,85.5,yes
fig-003439,sh0157,100.0,yes
fig-006974,sh0158,90.0,yes
fig-005254,sh0159,90.0,yes
fig-000004,47394pb178,85.5,yes
fig-000003,47394pb179,85.5,yes
fig-000003,47394pb181,85.5,yes
fig-002177,tlm092,90.0,yes
fig-000053,tlm093,85.5,yes
fig-007014,tlm094,90.0,yes
fig-007024,tlm095,90.0,yes
fig-000029,tlm096,85.5,yes
fig-000010,sh0160,85.5,yes
fig-001150,sh0161,85.5,yes
fig-000004,sh0162,85.5,yes
fig-000486,cty0520,85.5,yes
fig-000004,sh0003a,85.5,yes
fig-000004,sw0608,85.5,yes
fig-000004,sw0609,85.5,yes
fig-000004,trn235a,85.5,yes
fig-000061,njo0111,85.5,yes
fig-000038,njo0112,85.5,yes
fig-003051,njo0113,80.0,no
fig-000005,sw0610,85.5,yes
fig-000020,tlm098,85.5,yes
fig-001910,tlm099,90.0,yes
fig-000053,tlm100,85.5,yes
fig-012484,loc144,90.0,yes
fig-005734,loc145,100.0,yes
fig-000004,47394pb180,85.5,yes
fig-000005,85363pb003,85.5,yes
fig-000005,frnd090,85.5,yes
fig-000007,frnd091,85.5,yes
fig-000007,frnd092,85.5,yes
fig-000003,frnd093,85.5,yes
fig-000005,frnd094,85.5,yes
fig-000010,sw0611,85.5,yes
fig-000003,sw0612,85.5,yes
fig-000003,frnd095,85.5,yes
fig-009557,twn217,87.1,yes
fig-000004,twn445,85.5,yes
fig-004105,sw0616,90.2,yes
fig-004109,sw0613,96.0,yes
fig-004110,sw0614,94.9,yes
fig-000004,sw0617,85.5,yes
fig-000029,sw0615,85.5,yes
fig-000005,cty0522,85.5,yes
fig-000010,cty0523,85.5,yes
fig-000005,cty0524,85.5,yes
fig-000005,cty0525,85.5,yes
fig-000005,cty0526,85.5,yes
fig-000168,twn218,85.5,yes
fig-000004,twn219,85.5,yes
fig-000005,twn220,85.5,yes
fig-000021,twn221,85.5,yes
fig-005985,twn222,90.0,yes
fig-000888,twn223,90.0,yes
fig-000010,sw0619,85.5,yes
fig-004093,sw0620,87.0,yes
fig-000898,sw0621,90.0,yes
fig-011127,sw0623,90.0,yes
fig-004091,sw0622,90.0,yes
fig-000506,sw0624,90.0,yes
fig-004089,sw0625,95.1,yes
fig-004087,sw0626,90.0,yes
fig-001235,sw0627,90.0,yes
fig-000004,cty0527,85.5,yes
fig-000004,cty0528,85.5,yes
fig-000004,cty0529,85.5,yes
fig-000004,cty0530,85.5,yes
fig-000007,njo0114,85.5,yes
fig-002219,njo0115,100.0,yes
fig-000004,twn224,85.5,yes
fig-000004,sw0629,85.5,yes
fig-000874,sw0628,90.0,yes
fig-000003,cty0531,85.5,yes
fig-000003,cty0532,85.5,yes
fig-000004,cty0533,85.5,yes
fig-000004,47205pb031,85.5,yes
fig-000004,47205pb032,85.5,yes
fig-000003,twn225,85.5,yes
fig-000004,twn226,85.5,yes
fig-000005,frnd096,85.5,yes
fig-000003,frnd097,85.5,yes
fig-003366,uagt019,100.0,yes
fig-003367,uagt020,100.0,yes
fig-000005,frnd098,85.5,yes
fig-000005,frnd099,85.5,yes
fig-000004,cty0534,85.5,yes
fig-000007,frnd100,85.5,yes
fig-000005,frnd101,85.5,yes
fig-000003,frnd102,85.5,yes
fig-003413,uagt021,100.0,yes
fig-003370,uagt022,100.0,yes
fig-000005,cty0535,85.5,yes
fig-000007,frnd103,85.5,yes
fig-000003,frnd104,85.5,yes
fig-005740,loc146,86.4,yes
fig-002218,njo0116,100.0,yes
fig-000007,njo0117,85.5,yes
fig-002220,njo0118,90.0,yes
fig-000012,rac057,85.5,yes
fig-000012,rac058,85.5,yes
fig-000030,cty0536,85.5,yes
fig-000004,cty0537,85.5,yes
fig-000005,cty0538,85.5,yes
fig-000898,cty0539,90.0,yes
fig-000004,twn227,85.5,yes
fig-003408,uagt023,100.0,yes
fig-003407,uagt025,100.0,yes
fig-003371,uagt024,94.4,yes
fig-000020,njo0119,85.5,yes
fig-003377,uagt026,90.0,yes
fig-003411,uagt027,100.0,yes
fig-000004,cty0541,85.5,yes
fig-000004,cty0540,85.5,yes
fig-000004,hol053,85.5,yes
fig-000004,hol054,85.5,yes
fig-001307,njo0120,100.0,yes
fig-000007,njo0121,85.5,yes
fig-000004,cty0543,85.5,yes
fig-001071,pi148,100.0,yes
fig-006527,pi147,90.0,yes
fig-000005,cty0544,85.5,yes
fig-000004,cty0545,85.5,yes
fig-000004,cty0546,85.5,yes
fig-000004,cty0547,85.5,yes
fig-000003,hol037a,85.5,yes
fig-000030,cty0548,85.5,yes
fig-003019,njo0122,100.0,yes
fig-000006,njo0123,85.5,yes
fig-002744,njo0125,100.0,yes
fig-000061,njo0124,85.5,yes
fig-001773,njo0126,90.0,yes
fig-003019,njo0127,90.0,yes
fig-000061,njo0128,85.5,yes
fig-000006,njo0129,85.5,yes
fig-000003,cty0389a,85.5,yes
fig-000244,sh0163,100.0,yes
fig-000004,cty0542,85.5,yes
fig-000004,pi146,85.5,yes
fig-005053,sh0164,95.7,yes
fig-005055,sh0165,100.0,yes
fig-005054,sh0166,100.0,yes
fig-003374,uagt028,100.0,yes
fig-003373,uagt029,93.5,yes
fig-003395,uagt030,90.0,yes
fig-005625,loc147,90.0,yes
fig-005025,sw0630,90.0,yes
fig-005064,sh0167,95.7,yes
fig-000005,sh0168,85.5,yes
fig-015925,sh0169,90.0,yes
fig-001348,elf001,90.0,yes
fig-003474,elf002,92.4,yes
fig-001354,elf003,90.0,yes
fig-003473,elf004,100.0,yes
fig-000019,elf005,85.5,yes
fig-003465,elf006,90.0,yes
fig-012464,njo0130,100.0,yes
fig-000003,njo0131,85.5,yes
fig-001344,njo0132,90.0,yes
fig-002574,njo0133,90.0,yes
fig-000010,sh0170,85.5,yes
fig-000004,cty0549,85.5,yes
fig-000004,cty0550,85.5,yes
fig-000005,gen067,85.5,yes
fig-002290,sh0171,90.0,yes
fig-000005,sh0173,85.5,yes
fig-015928,sh0174,90.0,yes
fig-005065,sh0175,100.0,yes
fig-011407,sh0177,90.0,yes
fig-000010,sh0178,85.5,yes
fig-005063,sh0176,90.0,yes
fig-005243,sh0180,100.0,yes
fig-005244,sh0179,100.0,yes
fig-000004,sh0172,85.5,yes
fig-004610,sh0183,90.0,yes
fig-011407,sh0184,90.0,yes
fig-004898,sh0185,90.0,yes
fig-000004,sh0186,85.5,yes
fig-000007,frnd105,85.5,yes
fig-000004,47394pb182,85.5,yes
fig-005747,tnt053,91.3,yes
fig-000007,frnd106,85.5,yes
fig-002736,njo0134,90.0,yes
fig-000007,njo0135,85.5,yes
fig-001773,njo0136,100.0,yes
fig-003947,pi149a,85.5,yes
fig-000010,pi150,85.5,yes
fig-000034,pi151,85.5,yes
fig-004715,pi152,87.7,yes
fig-004716,pi153,89.6,yes
fig-000072,pi154,85.5,yes
fig-000053,pi155,85.5,yes
fig-004718,pi156,85.5,yes
fig-016276,pi157,80.0,no
fig-000010,pi158,85.5,yes
fig-000007,pi159,85.5,yes
fig-005084,pi160,86.0,yes
fig-005095,pi161,86.0,yes
fig-006527,pi162,90.0,yes
fig-002560,pi163,100.0,yes
fig-005515,pi164,95.0,yes
fig-006527,pi165,90.0,yes
fig-000463,sh0181,90.0,yes
fig-004898,90398pb005,90.0,yes
fig-002207,90398pb003,90.0,yes
fig-005075,90398pb006,90.0,yes
fig-011407,90398pb002,90.0,yes
fig-000166,90398pb004c01,85.5,yes
fig-000003,47394pb183,85.5,yes
fig-000486,sc001,85.5,yes
fig-000337,47394pb184,85.5,yes
fig-000935,47394pb185,85.5,yes
fig-000005,cty0551,85.5,yes
fig-000962,cty0552,90.0,yes
fig-000012,sc002,85.5,yes
fig-016099,sc003,94.1,yes
fig-000005,cty0553,85.5,yes
fig-001288,cty0554,90.0,yes
fig-000012,sc004,85.5,yes
fig-000061,sc005,85.5,yes
fig-000061,sc006,85.5,yes
fig-000012,sc007,85.5,yes
fig-000004,cty0555,85.5,yes
fig-000001,47394pb186,85.5,yes
fig-000020,njo0137,85.5,yes
fig-003051,njo0138,100.0,yes
fig-000012,sc008,85.5,yes
fig-000012,sc009,85.5,yes
fig-000004,sc010,85.5,yes
fig-000004,sc011,85.5,yes
fig-000004,hol055,85.5,yes
fig-000004,hol056,85.5,yes
fig-000005,pln178,85.5,yes
fig-005089,pi166,88.0,yes
fig-005089,pi167,88.0,yes
fig-000004,pi168,85.5,yes
fig-005085,pi169,86.2,yes
fig-005086,pi170,86.0,yes
fig-006527,pi171,90.0,yes
fig-001052,pi172,90.0,yes
fig-000048,pi173,85.5,yes
fig-000010,pi174,85.5,yes
fig-000007,pi175,85.5,yes
fig-004722,pi176,90.0,yes
fig-001052,pi177,90.0,yes
fig-000020,tls087,85.5,yes
fig-000012,sc012,85.5,yes
fig-000012,sc013,90.0,yes
fig-000005,sc015,85.5,yes
fig-000061,sc017,85.5,yes
fig-000007,sc014,85.5,yes
fig-000059,sc016,85.5,yes
fig-000004,cty0556,85.5,yes
fig-001310,elf002a,90.0,yes
fig-000003,frnd107,85.5,yes
fig-000306,twn228,85.5,yes
fig-000002,twn229,85.5,yes
fig-006241,lor111,90.0,yes
fig-000004,pln178s,85.5,yes
fig-001418,loc148,91.3,yes
fig-000004,twn230,85.5,yes
fig-000004,47205pb033,85.5,yes
fig-000003,47205pb034,85.5,yes
fig-003947,pi149,85.5,yes
fig-004550,sim023,90.0,yes
fig-004553,sim024,100.0,yes
fig-004552,sim025,90.0,yes
fig-001487,sim026,100.0,yes
fig-004549,sim027,90.0,yes
fig-000075,sim028,85.5,yes
fig-000075,sim029,85.5,yes
fig-000211,sim030,85.5,yes
fig-000075,sim031,85.5,yes
fig-000045,sim032,85.5,yes
fig-000075,sim033,85.5,yes
fig-001475,sim034,90.0,yes
fig-000075,sim035,85.5,yes
fig-000075,sim036,85.5,yes
fig-000211,sim037,85.5,yes
fig-000211,sim038,85.5,yes
fig-000045,sim039,85.5,yes
fig-000060,sim040,85.5,yes
fig-000075,sim041,85.5,yes
fig-000043,sim042,85.5,yes
fig-013694,sw0632,90.0,yes
fig-000072,sw0631,85.5,yes
fig-001291,sw0633,85.5,yes
fig-000061,loc149,85.5,yes
fig-000070,LLP001,85.5,yes
fig-000053,njo0139,85.5,yes
fig-000007,jw001,85.5,yes
fig-005990,jw002,90.0,yes
fig-005992,jw003,90.0,yes
fig-000004,jw004,85.5,yes
fig-005974,jw005,86.7,yes
fig-010942,jw006,90.0,yes
fig-000004,jw007,85.5,yes
fig-005984,jw008,90.0,yes
fig-000007,jw009,85.5,yes
fig-000007,jw010,85.5,yes
fig-001846,jw011,90.0,yes
fig-008910,jw012,92.0,yes
fig-000004,jw013,85.5,yes
fig-005976,jw014,90.0,yes
fig-002935,jw015,90.0,yes
fig-005977,jw016,88.7,yes
fig-000004,twn231,85.5,yes
fig-000004,twn232,85.5,yes
fig-000007,cty0517a,85.5,yes
fig-001327,cty0558,90.0,yes
fig-001327,cty0559,90.0,yes
fig-001189,cty0560,95.0,yes
fig-001275,sw0634,90.0,yes
fig-000010,sw0635,85.5,yes
fig-000034,sw0636,85.5,yes
fig-000005,frnd108,85.5,yes
fig-001014,cty0561,90.0,yes
fig-001871,cty0562,95.0,yes
fig-000962,cty0563,90.0,yes
fig-000003,cty0557,85.5,yes
fig-005882,twn233,97.0,yes
fig-005884,twn234,92.7,yes
fig-000020,twn235,85.5,yes
fig-003395,uagt031,90.0,yes
fig-003409,uagt032,100.0,yes
fig-000003,frnd109,85.5,yes
fig-000003,frnd110,85.5,yes
fig-000010,sw0637,85.5,yes
fig-000003,frnd111,85.5,yes
fig-000010,frnd112,85.5,yes
fig-007383,twn236,90.0,yes
fig-015333,twn237,77.1,no
fig-000004,twn238,85.5,yes
fig-000199,twn239,85.5,yes
fig-003279,twn240,90.0,yes
fig-000004,twn241,85.5,yes
fig-006827,twn242,87.7,yes
fig-000956,twn243,90.0,yes
fig-007394,twn244,88.5,yes
fig-000010,twn245,85.5,yes
fig-000005,sw0637a,85.5,yes
fig-005097,sh0189,100.0,yes
fig-005609,sh0187,90.0,yes
fig-005075,sh0188,90.0,yes
fig-001953,sh0190,90.0,yes
fig-000061,loc150,85.5,yes
fig-005069,sh0191,90.0,yes
fig-005661,loc151,90.0,yes
fig-005739,loc152,100.0,yes
fig-005736,loc153,89.7,yes
fig-005070,sh0192,100.0,yes
fig-005071,sh0193,90.0,yes
fig-005059,sh0194,100.0,yes
fig-000007,sh0195,85.5,yes
fig-011101,sh0196,90.0,yes
fig-001634,sh0197,100.0,yes
fig-003428,sh0198,100.0,yes
fig-001805,sh0199,90.0,yes
fig-000038,sh0200,85.5,yes
fig-016248,sh0201,90.0,yes
fig-001721,sh0202,90.0,yes
fig-000010,frnd113,85.5,yes
fig-000003,frnd114,85.5,yes
fig-000003,frnd115,85.5,yes
fig-000007,frnd116,85.5,yes
fig-000010,frnd117,85.5,yes
fig-000007,frnd118,85.5,yes
fig-000007,frnd119,85.5,yes
fig-000030,sh0203,85.5,yes
fig-004588,47394pb188,85.5,yes
fig-000007,47394pb187,85.5,yes
fig-000004,twn246,85.5,yes
fig-000003,twn247,85.5,yes
fig-003377,uagt033,100.0,yes
fig-003408,uagt034,90.0,yes
fig-000007,frnd120,85.5,yes
fig-000007,frnd121,85.5,yes
fig-004103,sw0638,86.7,yes
fig-004102,sw0639,100.0,yes
fig-000004,sw0640,85.5,yes
fig-004100,sw0641,96.4,yes
fig-000004,sw0642,85.5,yes
fig-002522,sw0643,85.5,yes
fig-000509,sw0644,85.5,yes
fig-000305,sw0645,85.5,yes
fig-000034,sw0646,85.5,yes
fig-000004,sh0204,85.5,yes
fig-001953,sh0205,90.0,yes
fig-000003,frnd122,85.5,yes
fig-000003,frnd123,85.5,yes
fig-000038,cty0565,85.5,yes
fig-000007,frnd124,85.5,yes
fig-000003,frnd125,85.5,yes
fig-000007,frnd126,85.5,yes
fig-000049,fst019,85.5,yes
fig-000049,fst020,85.5,yes
fig-004144,sw0647,94.7,yes
fig-004143,sw0648,95.0,yes
fig-000010,cty0566,85.5,yes
fig-001014,cty0567,90.0,yes
fig-001014,cty0568,90.0,yes
fig-005090,pi168a,87.0,yes
fig-000007,pi175a,85.5,yes
fig-009467,edu004,90.0,yes
fig-000005,edu003,85.5,yes
fig-000004,sw0642s,85.5,yes
fig-000005,frnd127,85.5,yes
fig-000003,frnd128,85.5,yes
fig-000007,frnd129,85.5,yes
fig-000038,frnd130,85.5,yes
fig-000003,frnd131,85.5,yes
fig-005625,loc154,90.0,yes
fig-000347,loc155,90.0,yes
fig-005710,loc156,90.0,yes
fig-005699,loc157,100.0,yes
fig-005697,loc158,93.9,yes
fig-005690,loc159,90.0,yes
fig-000898,cty0569,90.0,yes
fig-000004,cty0570,85.5,yes
fig-000012,cty0571,85.5,yes
fig-001604,chef023,90.0,yes
fig-000004,cty0572,85.5,yes
fig-001237,cty0573,90.0,yes
fig-000004,cty0574,85.5,yes
fig-000003,cty0575,85.5,yes
fig-009433,cty0576,89.0,yes
fig-000004,cty0577,85.5,yes
fig-000049,cty0578,90.0,yes
fig-000001,cty0579,85.5,yes
fig-000004,cty0580,85.5,yes
fig-000898,cty0581,90.0,yes
fig-000007,cty0583,85.5,yes
fig-000007,cty0582,85.5,yes
fig-000061,njo0140,85.5,yes
fig-001406,njo0141,100.0,yes
fig-001050,sh0206,90.0,yes
fig-000007,njo0142,85.5,yes
fig-003053,njo0143,95.0,yes
fig-000007,njo0144,85.5,yes
fig-003052,njo0145,100.0,yes
fig-000004,trn238,85.5,yes
fig-000004,trn239,85.5,yes
fig-000004,cty0584,85.5,yes
fig-000368,njo0146,100.0,yes
fig-003008,njo0147,98.2,yes
fig-000061,njo0148,85.5,yes
fig-001281,njo0149,90.0,yes
fig-003041,njo0150,91.2,yes
fig-000061,njo0151,85.5,yes
fig-000061,njo0152,85.5,yes
fig-000004,cty0587,85.5,yes
fig-000003,cty0588,85.5,yes
fig-000007,njo0153,85.5,yes
fig-003011,njo0154,96.8,yes
fig-002721,njo0155,98.0,yes
fig-000023,njo0156,85.5,yes
fig-000072,njo0157,85.5,yes
fig-000004,con009,85.5,yes
fig-000004,con010,85.5,yes
fig-001398,njo0158,90.0,yes
fig-000072,njo0159,85.5,yes
fig-000003,pi178,85.5,yes
fig-005625,loc160,90.0,yes
fig-003467,elf011,100.0,yes
fig-001310,elf010,95.0,yes
fig-000010,elf009,85.5,yes
fig-001348,elf008,95.0,yes
fig-003470,elf007,95.0,yes
fig-011678,sh0207,90.0,yes
fig-011407,sh0208,90.0,yes
fig-005616,sh0209,100.0,yes
fig-000003,frnd132,85.5,yes
fig-001422,scd001,91.5,yes
fig-003247,scd002,100.0,yes
fig-000211,col211,85.5,yes
fig-001436,col212,90.0,yes
fig-001438,col213,90.0,yes
fig-001444,col214,90.0,yes
fig-001446,col215,90.0,yes
fig-001448,col216,90.0,yes
fig-000048,col217,85.5,yes
fig-001456,col218,90.0,yes
fig-001459,col219,90.0,yes
fig-000211,col220,85.5,yes
fig-001464,col221,90.0,yes
fig-001466,col222,90.0,yes
fig-000951,col223,90.0,yes
fig-000048,col224,85.5,yes
fig-001470,col225,90.0,yes
fig-006437,col226,90.0,yes
fig-001016,cty0597,95.0,yes
fig-001327,cty0598,90.0,yes
fig-001327,cty0599,90.0,yes
fig-003244,scd003,90.0,yes
fig-003260,scd012,92.7,yes
fig-003252,scd004,100.0,yes
fig-003259,scd013,100.0,yes
fig-003258,scd014,100.0,yes
fig-003255,scd005,100.0,yes
fig-003251,scd006,100.0,yes
fig-003253,scd007,100.0,yes
fig-003254,scd011,100.0,yes
fig-006673,idea014,100.0,yes
fig-006670,idea013,100.0,yes
fig-006672,idea015,100.0,yes
fig-006674,idea016,100.0,yes
fig-006671,idea017,100.0,yes
fig-006675,idea018,100.0,yes
fig-006676,idea019,100.0,yes
fig-004134,sw0649,95.1,yes
fig-000010,sw0650,85.5,yes
fig-014988,sw0651,96.4,yes
fig-010451,sw0652,95.0,yes
fig-003243,scd008,100.0,yes
fig-003245,scd009,100.0,yes
fig-003256,scd010,100.0,yes
fig-000007,njo0114a,85.5,yes
fig-000020,njo0162,85.5,yes
fig-000072,njo0161,85.5,yes
fig-000072,njo0160,85.5,yes
fig-006479,min023,100.0,yes
fig-000004,min016,85.5,yes
fig-001683,min017,90.0,yes
fig-000010,min018,85.5,yes
fig-000010,min019,85.5,yes
fig-000004,min020,85.5,yes
fig-006497,min021,100.0,yes
fig-006498,min022,90.0,yes
fig-001398,njo0163,90.0,yes
fig-000061,njo0165,85.5,yes
fig-000006,njo0167,85.5,yes
fig-001050,47394pb189,90.0,yes
fig-000003,cty0600,85.5,yes
fig-001344,njo0166,90.0,yes
fig-000010,njo0168,85.5,yes
fig-003071,njo0170,90.0,yes
fig-003069,njo0172,100.0,yes
fig-003068,njo0164,100.0,yes
fig-003072,njo0169,100.0,yes
fig-003070,njo0171,100.0,yes
fig-003039,njo0173,91.6,yes
fig-011302,njo0174,90.0,yes
fig-000004,47205pb035,85.5,yes
fig-000007,sw0653,85.5,yes
fig-000007,njo0175,85.5,yes
fig-000004,cty0360a,85.5,yes
fig-001130,sh0210,100.0,yes
fig-003368,uagt035,91.3,yes
fig-003391,uagt037,95.0,yes
fig-002873,sw0655,85.5,yes
fig-000166,sw0656,85.5,yes
fig-000020,sw0657,85.5,yes
fig-002955,sw0661,72.0,no
fig-001078,sw0658,85.5,yes
fig-004157,sw0659,100.0,yes
fig-004155,sw0660,90.0,yes
fig-004147,sw0662,90.9,yes
fig-004455,sw0663,85.5,yes
fig-000164,sw0664,85.5,yes
fig-002547,sw0673,90.0,yes
fig-002548,sw0674,100.0,yes
fig-000509,sw0675,85.5,yes
fig-000010,sw0676,85.5,yes
fig-000010,sw0677,85.5,yes
fig-000003,sw0678,85.5,yes
fig-010464,sw0679,100.0,yes
fig-001208,sw0680,90.0,yes
fig-010465,sw0681,100.0,yes
fig-010466,sw0682,100.0,yes
fig-000003,sw0683,85.5,yes
fig-000005,gen069,85.5,yes
fig-004149,sw0665,86.2,yes
fig-000007,frnd133,85.5,yes
fig-000003,frnd134,85.5,yes
fig-000004,47394pb190,85.5,yes
fig-000004,sw0654,85.5,yes
fig-000004,hol062,85.5,yes
fig-007581,hol057,89.1,yes
fig-010042,hol058,90.9,yes
fig-007577,hol059,91.1,yes
fig-000007,hol061,85.5,yes
fig-011648,sh0211,100.0,yes
fig-002721,njo0178,86.4,yes
fig-000061,njo0179,85.5,yes
fig-004151,sw0684,90.0,yes
fig-004154,sw0666,90.0,yes
fig-000164,sw0667,85.5,yes
fig-004279,sw0668,90.0,yes
fig-004152,sw0669,87.5,yes
fig-002222,njo0176,100.0,yes
fig-002223,njo0177,100.0,yes
fig-000007,sw0670,85.5,yes
fig-000007,sw0671,85.5,yes
fig-013694,sw0672,90.0,yes
fig-000007,dim001,85.5,yes
fig-000004,dim002,85.5,yes
fig-000005,cty0601,85.5,yes
fig-000001,tls088,85.5,yes
fig-003417,dim006,100.0,yes
fig-000059,dim004,85.5,yes
fig-001433,dim005,100.0,yes
fig-000072,dim003,85.5,yes
fig-005192,dim007,100.0,yes
fig-006477,col227,90.0,yes
fig-000053,njo0180,85.5,yes
fig-000010,hol063,85.5,yes
fig-000010,hol064,85.5,yes
fig-000004,hol065,85.5,yes
fig-007342,hol066,88.2,yes
fig-005279,hol067,90.0,yes
fig-007340,hol068,90.3,yes
fig-000004,hol069,85.5,yes
fig-000757,hol070,90.0,yes
fig-005194,dim008,90.0,yes
fig-001344,njo0181,90.0,yes
fig-010264,cty0602,90.0,yes
fig-000010,cty0603,85.5,yes
fig-000020,cty0605,85.5,yes
fig-000898,cty0604,90.0,yes
fig-000004,hol071,85.5,yes
fig-000004,hol072,85.5,yes
fig-000005,sh0212,85.5,yes
fig-000004,47394pb191,85.5,yes
fig-001484,dim009,90.0,yes
fig-003016,njo0182,100.0,yes
fig-003015,njo0183,100.0,yes
fig-000007,njo0184,85.5,yes
fig-000061,dim010,85.5,yes
fig-000061,dim011,85.5,yes
fig-000003,sw0175b,85.5,yes
fig-012094,njo0185,90.0,yes
fig-000003,hol073,85.5,yes
fig-000004,hol074,85.5,yes
fig-001953,47394pb192,90.0,yes
fig-000029,sw0685,85.5,yes
fig-011101,47394pb193,90.0,yes
fig-000053,sw0517a,85.5,yes
fig-000019,cty0606,85.5,yes
fig-003369,uagt036,90.0,yes
fig-006403,idea020,90.0,yes
fig-000009,idea021,85.5,yes
fig-005821,idea022,100.0,yes
fig-005824,idea023,100.0,yes
fig-000005,cty0608,85.5,yes
fig-000898,cty0607,90.0,yes
fig-000004,cty0609,85.5,yes
fig-009807,cty0610,88.4,yes
fig-000053,njo0186,85.5,yes
fig-000010,sw0686,85.5,yes
fig-000004,cty0612,85.5,yes
fig-000004,cty0613,85.5,yes
fig-000061,cty0614,85.5,yes
fig-000010,cty0611,85.5,yes
fig-000004,cty0616,85.5,yes
fig-000007,cty0615,85.5,yes
fig-000007,47394pb194,85.5,yes
fig-000007,47394pb195,85.5,yes
fig-000003,47394pb196,85.5,yes
fig-010801,loc161,100.0,yes
fig-001327,cty0617,90.0,yes
fig-000170,sh0213,85.5,yes
fig-011407,sh0214,95.0,yes
fig-005223,sh0215,100.0,yes
fig-001327,sh0216,90.0,yes
fig-000004,cty0618,85.5,yes
fig-000004,cty0619,85.5,yes
fig-000004,cty0620,85.5,yes
fig-000004,cty0621,85.5,yes
fig-013847,dp018,90.0,yes
fig-005957,dp019,90.0,yes
fig-000004,dp020,85.5,yes
fig-003579,dp021,90.0,yes
fig-004192,sw0689,91.2,yes
fig-000010,sw0688,85.5,yes
fig-004191,sw0687,100.0,yes
fig-004194,sw0690,95.0,yes
fig-000007,sh0217,85.5,yes
fig-000004,sh0218,85.5,yes
fig-000227,sh0219,90.0,yes
fig-000227,sh0220,90.0,yes
fig-000008,sh0221,90.0,yes
fig-000007,sh0222,85.5,yes
fig-002290,sh0223,90.0,yes
fig-002290,sh0224,90.0,yes
fig-005228,sh0225,90.5,yes
fig-005313,sh0226,91.0,yes
fig-005314,sh0227,100.0,yes
fig-011407,sh0228,95.0,yes
fig-000102,sh0229,85.5,yes
fig-000007,sh0230,85.5,yes
fig-003218,nex009,90.9,yes
fig-000007,nex010,85.5,yes
fig-000005,nex004,85.5,yes
fig-003188,nex017,100.0,yes
fig-003200,nex001,94.5,yes
fig-003205,nex013,91.5,yes
fig-003174,nex003,100.0,yes
fig-000003,nex002,85.5,yes
fig-001296,nex012,90.0,yes
fig-000575,nex019,90.0,yes
fig-003180,nex005,91.3,yes
fig-000007,nex021,85.5,yes
fig-000007,nex023,85.5,yes
fig-003186,nex022,90.0,yes
fig-013088,cty0622,90.0,yes
fig-000004,cty0623,85.5,yes
fig-003186,nex008,100.0,yes
fig-000010,nex016,85.5,yes
fig-003105,nex006,100.0,yes
fig-001052,nex018,90.0,yes
fig-003178,nex020,90.0,yes
fig-000019,nex011,85.5,yes
fig-002466,nex015,85.5,yes
fig-000053,nex014,85.5,yes
fig-000010,nex007,85.5,yes
fig-000049,fst021,85.5,yes
fig-000049,fst022,85.5,yes
fig-000166,sw0691,85.5,yes
fig-004189,sw0692,90.0,yes
fig-000010,sw0693,85.5,yes
fig-000005,sw0694,85.5,yes
fig-000164,sw0695,85.5,yes
fig-000061,sw0696,85.5,yes
fig-000007,sw0697,85.5,yes
fig-000061,sw0698,85.5,yes
fig-004198,sw0699,85.7,yes
fig-005825,idea024,100.0,yes
fig-000029,sw0700,85.5,yes
fig-009490,gen070,90.0,yes
fig-000029,cty0624,85.5,yes
fig-009549,cty0625,86.7,yes
fig-001135,sw0701,85.5,yes
fig-001817,sw0702,90.0,yes
fig-002066,sw0704,85.5,yes
fig-004157,sw0705,90.0,yes
fig-004178,sw0703,100.0,yes
fig-000005,sw0707,85.5,yes
fig-000003,sw0708,85.5,yes
fig-000010,sw0709,85.5,yes
fig-000019,sw0710,85.5,yes
fig-000005,sw0711,85.5,yes
fig-010482,sw0712,90.0,yes
fig-001235,sw0713,100.0,yes
fig-000347,dim012,90.0,yes
fig-000061,dim013,85.5,yes
fig-000003,47394pb197,85.5,yes
fig-000003,sw0714,85.5,yes
fig-000005,47394pb198,85.5,yes
fig-000071,47394pb199,85.5,yes
fig-000004,47394pb200,85.5,yes
fig-000003,47205pb036,85.5,yes
fig-000098,47394pb201,85.5,yes
fig-000772,sw0715,85.5,yes
fig-014049,sw0716,85.5,yes
fig-010942,sw0717,90.0,yes
fig-004174,sw0718,90.0,yes
fig-000510,sw0719,85.5,yes
fig-000003,cty0627,85.5,yes
fig-000003,cty0626,85.5,yes
fig-000003,cty0628,85.5,yes
fig-000003,cty0629,85.5,yes
fig-000004,cty0630,85.5,yes
fig-006276,gb006,100.0,yes
fig-006278,gb008,90.0,yes
fig-006280,gb007,100.0,yes
fig-000178,gb009,90.0,yes
fig-006279,gb010,100.0,yes
fig-000053,gb011,85.5,yes
fig-000007,gb005,85.5,yes
fig-000048,col243,85.5,yes
fig-000211,col235,85.5,yes
fig-001049,col242,90.0,yes
fig-000211,col232,85.5,yes
fig-000211,col237,85.5,yes
fig-001022,col233,90.0,yes
fig-000048,col234,85.5,yes
fig-001465,col230,90.0,yes
fig-001349,col241,90.0,yes
fig-001355,col240,90.0,yes
fig-001460,col231,90.0,yes
fig-001034,col239,90.0,yes
fig-000211,col229,85.5,yes
fig-001037,col238,90.0,yes
fig-000048,col236,85.5,yes
fig-000048,col228,85.5,yes
fig-004904,twn248,85.5,yes
fig-000005,twn249,85.5,yes
fig-000020,twn250,85.5,yes
fig-001006,twn251,85.5,yes
fig-004904,twn252,85.5,yes
fig-000049,gen071,85.5,yes
fig-004017,sw0706,85.7,yes
fig-000003,sp125,85.5,yes
fig-006284,gb012,90.0,yes
fig-000007,gb013,85.5,yes
fig-000061,gb014,85.5,yes
fig-001296,nex027,90.0,yes
fig-000007,frnd135,85.5,yes
fig-000007,nex028,85.5,yes
fig-003541,sw0527a,87.9,yes
fig-000003,frnd136,85.5,yes
fig-000010,cty0631,85.5,yes
fig-000010,cty0632,85.5,yes
fig-000007,cty0633,85.5,yes
fig-000005,frnd137,85.5,yes
fig-000030,cop056,85.5,yes
fig-000007,jail006,85.5,yes
fig-001899,dp022,95.0,yes
fig-000010,sh0231,85.5,yes
fig-000061,njo0187,85.5,yes
fig-000007,sw0720,85.5,yes
fig-000010,sw0721,85.5,yes
fig-000019,twn254,85.5,yes
fig-013489,twn253,85.5,yes
fig-006284,gb012a,90.0,yes
fig-000007,gb005a,85.5,yes
fig-000007,gb013a,85.5,yes
fig-000061,gb014b,85.5,yes
fig-000005,frnd139,85.5,yes
fig-000007,frnd138,85.5,yes
fig-000005,frnd140,85.5,yes
fig-000005,frnd141,85.5,yes
fig-000003,frnd142,85.5,yes
fig-000003,frnd143,85.5,yes
fig-000005,frnd144,85.5,yes
fig-000823,dim014,90.0,yes
fig-000003,frnd145,85.5,yes
fig-000005,frnd146,85.5,yes
fig-000005,col339,85.5,yes
fig-005820,dim015,90.0,yes
fig-000061,sh0232,85.5,yes
fig-001050,dim017,90.0,yes
fig-000043,dim016,85.5,yes
fig-000278,gen072,85.5,yes
fig-002466,nex029,90.0,yes
fig-000061,nex030,85.5,yes
fig-002838,nex031,90.0,yes
fig-000004,nex032,85.5,yes
fig-015024,njo0188,90.0,yes
fig-003178,nex033,90.0,yes
fig-003178,nex034,90.0,yes
fig-000005,nex035,85.5,yes
fig-000020,LLP002,85.5,yes
fig-000005,LLP003,85.5,yes
fig-000004,LLP004,85.5,yes
fig-000004,LLP005,85.5,yes
fig-000004,twn255,85.5,yes
fig-015024,njo0189,90.0,yes
fig-002977,njo0190,90.2,yes
fig-002976,njo0191,90.0,yes
fig-001150,nex036,87.9,yes
fig-000486,cty0634,85.5,yes
fig-000061,nex037,85.5,yes
fig-000010,sh0033a,85.5,yes
fig-000003,cty0635,85.5,yes
fig-000007,dp023,85.5,yes
fig-006546,cas082a,90.0,yes
fig-006546,cas083a,90.0,yes
fig-006546,cas084a,90.0,yes
fig-006546,cas085a,90.0,yes
fig-006546,cas086a,90.0,yes
fig-006546,cas087a,90.0,yes
fig-006546,cas088a,90.0,yes
fig-006546,cas081a,90.0,yes
fig-000007,sh0233,85.5,yes
fig-000020,sh0234,85.5,yes
fig-000010,sh0235,85.5,yes
fig-000020,sh0236,85.5,yes
fig-006672,sh0237,90.0,yes
fig-001050,sh0238,90.0,yes
fig-002015,sh0239,90.0,yes
fig-000009,sh0240,85.5,yes
fig-000020,sh0241,85.5,yes
fig-000007,cty0487a,85.5,yes
fig-000575,nex024,90.0,yes
fig-000007,frnd148,85.5,yes
fig-000005,frnd149,85.5,yes
fig-000007,frnd150,85.5,yes
fig-001301,elf012,94.9,yes
fig-000005,sh0242,85.5,yes
fig-000010,sh0243,85.5,yes
fig-005376,sh0244,89.4,yes
fig-005375,sh0245,90.9,yes
fig-005373,sh0246,90.5,yes
fig-005374,sh0247,91.0,yes
fig-005371,sh0248,90.7,yes
fig-011101,sh0249,90.0,yes
fig-000005,sh0250,91.5,yes
fig-001013,sh0251,90.5,yes
fig-013379,sh0252,90.0,yes
fig-015925,sh0253,90.0,yes
fig-001805,sh0260,90.0,yes
fig-005286,sh0259,100.0,yes
fig-000007,90398pb007,85.5,yes
fig-000463,sh0257,90.0,yes
fig-005305,sh0255,90.0,yes
fig-004890,sh0258,90.0,yes
fig-015928,sh0256,90.0,yes
fig-000007,sh0254,85.5,yes
fig-000643,cty0636,88.7,yes
fig-002313,ang001,100.0,yes
fig-000269,ang002,85.5,yes
fig-000209,ang003,85.5,yes
fig-000898,ang004,90.0,yes
fig-000288,ang005,85.5,yes
fig-013272,ang006,85.7,yes
fig-001684,ang007,85.5,yes
fig-000288,ang008,85.5,yes
fig-014872,ang009,100.0,yes
fig-000260,ang010,85.5,yes
fig-000044,ang011,85.5,yes
fig-000027,ang012,90.0,yes
fig-001137,ang013,90.0,yes
fig-010554,ang014,100.0,yes
fig-003321,ang015,90.0,yes
fig-000288,ang016,85.5,yes
fig-014998,ang017,90.0,yes
fig-010553,ang018,100.0,yes
fig-010552,ang019,100.0,yes
fig-010551,ang020,100.0,yes
fig-000012,sc018,85.5,yes
fig-000012,sc019,85.5,yes
fig-000004,sc020,85.5,yes
fig-007598,sc021,86.9,yes
fig-000012,sc023,85.5,yes
fig-000012,sc022,85.5,yes
fig-000005,pm015a,85.5,yes
fig-000012,sc024,85.5,yes
fig-000012,sc025,85.5,yes
fig-005308,sh0261,94.6,yes
fig-005307,sh0262,100.0,yes
fig-005225,sh0263,90.0,yes
fig-011407,sh0264,90.0,yes
fig-007598,sc026,86.9,yes
fig-000012,sc027,85.5,yes
fig-000012,sc028,85.5,yes
fig-000003,cty0637,85.5,yes
fig-000003,cty0638,85.5,yes
fig-000003,cty0640,85.5,yes
fig-000003,cty0639,85.5,yes
fig-000004,cty0641,85.5,yes
fig-003208,nex025,93.8,yes
fig-015024,njo0193,90.0,yes
fig-006527,njo0192,90.0,yes
fig-000020,njo0194,85.5,yes
fig-002765,njo0195,100.0,yes
fig-001254,njo0196,100.0,yes
fig-002973,njo0197,90.7,yes
fig-001310,elf014,90.0,yes
fig-000010,fab14a,85.5,yes
fig-001345,elf013,100.0,yes
fig-006527,sh0265,90.0,yes
fig-000003,fab14b,85.5,yes
fig-003466,elf016,92.4,yes
fig-001417,elf017,90.0,yes
fig-003465,elf018,90.0,yes
fig-003464,elf015,91.8,yes
fig-015024,njo0198,90.0,yes
fig-006521,dim018,80.0,no
fig-000109,njo0199,90.0,yes
fig-000900,mof001a,90.0,yes
fig-000001,tls089,85.5,yes
fig-000001,tls090,85.5,yes
fig-000001,tls091,85.5,yes
fig-000007,dim019,85.5,yes
fig-011948,njo0200,90.0,yes
fig-000072,njo0201,85.5,yes
fig-001279,njo0203,100.0,yes
fig-002770,njo0204,90.0,yes
fig-000002,dim020,85.5,yes
fig-016508,min024,90.0,yes
fig-000007,sw0722,85.5,yes
fig-000004,cty0642,85.5,yes
fig-000004,cty0643,85.5,yes
fig-000004,cty0383a,85.5,yes
fig-000020,njo0202,85.5,yes
fig-000004,cty0645,85.5,yes
fig-000030,cty0644,85.5,yes
fig-000211,dis014,85.5,yes
fig-000211,dis018,85.5,yes
fig-000211,dis004,85.5,yes
fig-013593,dis016,90.0,yes
fig-000211,dis010,85.5,yes
fig-000075,dis011,85.5,yes
fig-000075,dis012,85.5,yes
fig-000211,dis009,85.5,yes
fig-000211,dis006,85.5,yes
fig-000211,dis001,85.5,yes
fig-000211,dis017,85.5,yes
fig-000211,dis007,85.5,yes
fig-000075,dis008,85.5,yes
fig-000211,dis015,85.5,yes
fig-006031,dis013,90.0,yes
fig-003223,dis003,90.0,yes
fig-000019,dis002,85.5,yes
fig-000211,dis005,85.5,yes
fig-000020,njo0205,85.5,yes
fig-000005,njo0206,85.5,yes
fig-000003,47205pb037,85.5,yes
fig-000004,47205pb038,85.5,yes
fig-000020,sh0266,85.5,yes
fig-000712,njo0207,90.0,yes
fig-015024,njo0208,90.0,yes
fig-015024,njo0209,90.0,yes
fig-015024,njo0210,90.0,yes
fig-001985,njo0211,90.0,yes
fig-000061,njo0212,85.5,yes
fig-000006,njo0213,85.5,yes
fig-000020,njo0214,85.5,yes
fig-008322,twn256,90.0,yes
fig-008320,twn257,100.0,yes
fig-000007,frnd151,85.5,yes
fig-000005,frnd152,85.5,yes
fig-014368,min025,90.0,yes
fig-002773,njo0215,90.2,yes
fig-006493,min026,90.7,yes
fig-000003,rac059,85.5,yes
fig-000003,rac060,85.5,yes
fig-000005,njo0199a,85.5,yes
fig-000856,cty0646,95.0,yes
fig-007598,sc029,86.9,yes
fig-000932,sc030,90.0,yes
fig-000932,sc031,90.0,yes
fig-000012,sc032,85.5,yes
fig-000012,sc033,85.5,yes
fig-010482,sw0712a,90.0,yes
fig-000005,njo0216,85.5,yes
fig-010730,sw0723,67.5,no
fig-001296,nex026,90.0,yes
fig-004125,sw0724,100.0,yes
fig-003676,sw0725,90.0,yes
fig-004123,sw0726,100.0,yes
fig-011923,sw0727,90.0,yes
fig-000003,cty0225a,85.5,yes
fig-003808,sw0728,90.0,yes
fig-004122,sw0729,100.0,yes
fig-000029,sw0730,85.5,yes
fig-000038,sw0731,85.5,yes
fig-000003,sw0734,85.5,yes
fig-000007,dfb001,85.5,yes
fig-000007,dfb002,85.5,yes
fig-000007,dfb003,85.5,yes
fig-000007,dfb004,85.5,yes
fig-000007,dfb005,85.5,yes
fig-000007,dfb006,85.5,yes
fig-000007,dfb007,85.5,yes
fig-000007,dfb008,85.5,yes
fig-000007,dfb009,85.5,yes
fig-000007,dfb010,85.5,yes
fig-000007,dfb011,85.5,yes
fig-000007,dfb012,85.5,yes
fig-000007,dfb013,85.5,yes
fig-000007,dfb014,85.5,yes
fig-000007,dfb015,85.5,yes
fig-000007,dfb016,85.5,yes
fig-000010,sw0735,85.5,yes
fig-000010,sw0736,85.5,yes
fig-000003,cty0647,85.5,yes
fig-000004,cty0648,85.5,yes
fig-000003,cty0649,85.5,yes
fig-000003,cty0650,85.5,yes
fig-000003,cty0651,85.5,yes
fig-000003,cty0652,85.5,yes
fig-000004,cty0653,85.5,yes
fig-000061,frnd153,85.5,yes
fig-000007,frnd154,85.5,yes
fig-000005,frnd155,85.5,yes
fig-000007,dim021,85.5,yes
fig-000061,dim022,85.5,yes
fig-000003,sh0267,85.5,yes
fig-005338,sh0268,100.0,yes
fig-005327,sh0269,100.0,yes
fig-005325,sh0270,100.0,yes
fig-011101,sh0271,90.0,yes
fig-005329,sh0272,92.5,yes
fig-005328,sh0273,90.0,yes
fig-005326,sh0274,100.0,yes
fig-001019,sh0275,90.0,yes
fig-000033,sh0276,85.5,yes
fig-005279,sh0277,100.0,yes
fig-005282,sh0278,100.0,yes
fig-000010,sh0279,85.5,yes
fig-004983,sh0280,90.0,yes
fig-005272,sh0281,95.4,yes
fig-005270,sh0282,100.0,yes
fig-005271,sh0283,100.0,yes
fig-000007,sh0284,85.5,yes
fig-009690,sh0285,90.0,yes
fig-005333,sh0286,100.0,yes
fig-005335,sh0287,100.0,yes
fig-000005,cty0654,85.5,yes
fig-001604,cty0655,100.0,yes
fig-000010,cty0656,85.5,yes
fig-000004,cty0657,85.5,yes
fig-000010,cty0658,85.5,yes
fig-000004,cty0659,85.5,yes
fig-008421,cty0660,90.0,yes
fig-000005,cty0661,85.5,yes
fig-000005,cty0662,85.5,yes
fig-009784,cty0663,87.8,yes
fig-009783,cty0664,90.2,yes
fig-015211,cty0665,88.0,yes
fig-000004,cty0666,85.5,yes
fig-000007,cty0667,85.5,yes
fig-000003,cty0668,85.5,yes
fig-000102,sw0737,85.5,yes
fig-004234,sw0738,100.0,yes
fig-002543,sw0739,100.0,yes
fig-002545,sw0740,100.0,yes
fig-000003,cty0669,85.5,yes
fig-000003,cty0670,85.5,yes
fig-000003,cty0671,85.5,yes
fig-000669,loc162,90.0,yes
fig-016508,min027,90.0,yes
fig-005279,min028,90.0,yes
fig-000950,min029,90.0,yes
fig-006477,min030,90.0,yes
fig-000003,47205pb039,85.5,yes
fig-000005,frnd156,85.5,yes
fig-000003,frnd157,85.5,yes
fig-000005,njo0217,85.5,yes
fig-001985,njo0218,90.0,yes
fig-009542,cty0672,90.9,yes
fig-000004,cty0673,85.5,yes
fig-000004,cty0674,85.5,yes
fig-000004,cty0675,85.5,yes
fig-000007,twn258,85.5,yes
fig-000004,twn259,85.5,yes
fig-004233,sw0741,86.1,yes
fig-004231,sw0742,92.8,yes
fig-015317,sw0743,90.0,yes
fig-000010,sw0744,85.5,yes
fig-003483,sw0745,80.0,no
fig-000029,sw0746,85.5,yes
fig-004205,sw0747,91.1,yes
fig-004207,sw0748,90.0,yes
fig-004206,sw0749,90.9,yes
fig-000007,sw0750,85.5,yes
fig-001278,njo0219,92.3,yes
fig-000575,nex038,90.0,yes
fig-000575,nex039,90.0,yes
fig-000575,nex040,90.0,yes
fig-003170,nex041,100.0,yes
fig-001296,nex042,90.0,yes
fig-001296,nex043,90.0,yes
fig-003214,nex044,90.2,yes
fig-003213,nex045,92.5,yes
fig-000005,trn152,85.5,yes
fig-000004,frnd158,85.5,yes
fig-000010,frnd159,85.5,yes
fig-000004,njo0220,85.5,yes
fig-002758,njo0221,100.0,yes
fig-000020,njo0222,85.5,yes
fig-000053,njo0223,85.5,yes
fig-000007,njo0224,85.5,yes
fig-000040,njo0225,85.5,yes
fig-000006,njo0226,85.5,yes
fig-000021,njo0227,85.5,yes
fig-000061,frnd160,85.5,yes
fig-002410,frnd161,85.7,yes
fig-000003,frnd162,85.5,yes
fig-000003,frnd163,85.5,yes
fig-000003,frnd164,85.5,yes
fig-000003,game014,85.5,yes
fig-000004,game015,85.5,yes
fig-000004,game016,85.5,yes
fig-000004,game009,85.5,yes
fig-000003,game010,85.5,yes
fig-000004,game011,85.5,yes
fig-000004,game012,85.5,yes
fig-000004,game013,85.5,yes
fig-000007,njo0228,85.5,yes
fig-001344,njo0229,90.0,yes
fig-003320,njo0230,90.0,yes
fig-003320,njo0231,90.0,yes
fig-000053,njo0232,85.5,yes
fig-000302,frnd165,91.1,yes
fig-014153,sw0751,67.5,no
fig-004170,sw0752,90.0,yes
fig-004239,sw0755,93.0,yes
fig-001264,sw0756,72.0,no
fig-004237,sw0754,93.9,yes
fig-000003,cty0676,85.5,yes
fig-000004,cty0677,85.5,yes
fig-000004,cty0678,85.5,yes
fig-000004,cty0679,85.5,yes
fig-000005,frnd166,85.5,yes
fig-002969,njo0233,92.7,yes
fig-002970,njo0234,100.0,yes
fig-000023,njo0235,85.5,yes
fig-002972,njo0236,100.0,yes
fig-011622,njo0237,90.0,yes
fig-002764,njo0238,88.5,yes
fig-002767,njo0239,89.7,yes
fig-013820,njo0240,100.0,yes
fig-010942,njo0241,90.0,yes
fig-000038,njo0242,85.5,yes
fig-002703,njo0243,90.0,yes
fig-000049,gen073,85.5,yes
fig-000010,twn260,85.5,yes
fig-002306,twn261,90.0,yes
fig-000005,47394pb202,85.5,yes
fig-000003,rac061,85.5,yes
fig-000049,gen074,85.5,yes
fig-000053,njo0248,85.5,yes
fig-000010,njo0245,85.5,yes
fig-001281,njo0246,90.0,yes
fig-000004,njo0247,85.5,yes
fig-000005,njo0244,85.5,yes
fig-000004,cas542,85.5,yes
fig-000004,47394pb203,85.5,yes
fig-000004,47205pb040,85.5,yes
fig-005263,sh0290,78.6,no
fig-005266,sh0291,100.0,yes
fig-005261,sh0288,90.0,yes
fig-000010,sh0289,85.5,yes
fig-000005,47394pb204,85.5,yes
fig-000029,sh0292,85.5,yes
fig-000005,frnd167,85.5,yes
fig-000003,frnd168,85.5,yes
fig-010324,frnd169,85.7,yes
fig-000019,frnd170,85.5,yes
fig-003206,nex046,100.0,yes
fig-003204,nex047,87.7,yes
fig-003203,nex048,90.3,yes
fig-000003,air049,85.5,yes
fig-000004,air050,85.5,yes
fig-000027,nex049,85.5,yes
fig-000038,njo0250,85.5,yes
fig-000004,cas237a,85.5,yes
fig-000004,cas189a,85.5,yes
fig-000003,sh0294,85.5,yes
fig-015317,sw0757,90.0,yes
fig-003175,nex050,90.0,yes
fig-003176,nex051,90.0,yes
fig-005097,sw0753,90.0,yes
fig-006270,gb015,90.0,yes
fig-006272,gb016,90.0,yes
fig-006273,gb017,90.0,yes
fig-006271,gb018,90.0,yes
fig-006274,gb019,100.0,yes
fig-000113,col244,85.5,yes
fig-001248,col245,90.0,yes
fig-000048,col246,85.5,yes
fig-001256,col247,90.0,yes
fig-001259,col248,90.0,yes
fig-000048,col249,85.5,yes
fig-001263,col250,90.0,yes
fig-000211,col251,85.5,yes
fig-001267,col252,90.0,yes
fig-000211,col253,85.5,yes
fig-000048,col254,85.5,yes
fig-000211,col256,85.5,yes
fig-000048,col257,85.5,yes
fig-001266,col255,90.0,yes
fig-001271,col258,90.0,yes
fig-000211,col259,85.5,yes
fig-008787,col260,85.8,yes
fig-011407,sh0295,90.0,yes
fig-011193,sh0293,85.5,yes
fig-006275,gb020,100.0,yes
fig-005331,sh0296,90.0,yes
fig-005332,sh0297,90.0,yes
fig-005330,sh0298,100.0,yes
fig-000004,sh0300,85.5,yes
fig-003174,nex052,90.0,yes
fig-000010,njo0249,85.5,yes
fig-014293,sw0759,90.0,yes
fig-000007,nex055,85.5,yes
fig-006850,twn262,86.7,yes
fig-000019,twn263,85.5,yes
fig-000007,nex053,85.5,yes
fig-004203,sw0758,100.0,yes
fig-003176,nex056,90.0,yes
fig-000004,nex054,85.5,yes
fig-000003,sw0760,85.5,yes
fig-000005,rac046s,85.5,yes
fig-000005,rac025cs,85.5,yes
fig-016201,dp029,90.0,yes
fig-000005,dp031,85.5,yes
fig-000007,dp026,85.5,yes
fig-000059,dp027,85.5,yes
fig-000010,dp028,85.5,yes
fig-001999,3899pb006,85.5,yes
fig-013844,dp024,100.0,yes
fig-000007,dp025,85.5,yes
fig-000898,sw0761,90.0,yes
fig-000369,gen075,85.5,yes
fig-000003,frnd171,85.5,yes
fig-000022,twn252a,85.5,yes
fig-000575,nex039b,90.0,yes
fig-000020,twn177a,85.5,yes
fig-001348,elf019,90.0,yes
fig-001310,elf020,90.0,yes
fig-003480,elf021,100.0,yes
fig-000010,dis019,85.5,yes
fig-000027,dis020,85.5,yes
fig-005755,dis021,90.0,yes
fig-005756,dis022,90.0,yes
fig-006546,dis023,90.0,yes
fig-001354,elf022,90.0,yes
fig-000010,elf023,85.5,yes
fig-001953,sh0299,90.0,yes
fig-000962,cty0680,90.0,yes
fig-000005,cty0681,85.5,yes
fig-000005,cty0682,85.5,yes
fig-000005,cty0683,85.5,yes
fig-016201,dp029s,90.0,yes
fig-000005,dp027s,85.5,yes
fig-011652,dp030s,90.0,yes
fig-011652,dp030,90.0,yes
fig-000007,dp032,85.5,yes
fig-001575,sh0301,100.0,yes
fig-000007,sw0762,85.5,yes
fig-000005,sw0764,85.5,yes
fig-000003,sw0765,85.5,yes
fig-000048,sw0767,85.5,yes
fig-004193,sw0763,85.5,yes
fig-009479,sw0766,90.0,yes
fig-000010,njo0251,85.5,yes
fig-000004,min031,85.5,yes
fig-000039,min032,85.5,yes
fig-000061,min033,85.5,yes
fig-000007,min034,85.5,yes
fig-000005,min035,85.5,yes
fig-000004,min036,85.5,yes
fig-000003,min037,85.5,yes
fig-000004,min038,85.5,yes
fig-000004,min039,85.5,yes
fig-000005,min040,85.5,yes
fig-000005,min041,85.5,yes
fig-000005,cty0684,85.5,yes
fig-000003,47394pb205,85.5,yes
fig-000005,cty0685,85.5,yes
fig-000003,frnd172,85.5,yes
fig-000005,frnd173,85.5,yes
fig-000005,frnd174,85.5,yes
fig-000003,frnd175,85.5,yes
fig-015512,hol075,90.0,yes
fig-000463,hol076,85.5,yes
fig-008421,hol077,90.0,yes
fig-000005,nex058,85.5,yes
fig-012457,nex057,100.0,yes
fig-000059,dim041,85.5,yes
fig-000007,sw0782,85.5,yes
fig-000272,sw0787,85.5,yes
fig-000305,sw0792,85.5,yes
fig-004214,sw0780,100.0,yes
fig-004226,sw0795,90.0,yes
fig-008252,njo00252,90.0,yes
fig-000007,njo0253,85.5,yes
fig-000012,hol078,85.5,yes
fig-000279,hol079,85.5,yes
fig-000005,gen077,85.5,yes
fig-000029,gen078,85.5,yes
fig-000004,gen079,85.5,yes
fig-000004,gen080,85.5,yes
fig-010036,gen081,86.9,yes
fig-000003,gen082,85.5,yes
fig-000049,gen083,90.0,yes
fig-000001,gen084,85.5,yes
fig-000003,twn211a,85.5,yes
fig-000003,47394pb206,85.5,yes
fig-000004,47394pb207,85.5,yes
fig-000004,47394pb208,85.5,yes
fig-000004,47394pb209,85.5,yes
fig-003077,njo0254,100.0,yes
fig-003074,njo0255,100.0,yes
fig-000005,sw0771,85.5,yes
fig-000003,sw0778,85.5,yes
fig-001786,sw0779,85.5,yes
fig-000029,sw0772,85.5,yes
fig-002529,sw0777,87.1,yes
fig-002519,sw0773,100.0,yes
fig-002516,sw0768,100.0,yes
fig-015313,sw0769,90.0,yes
fig-011127,sw0775,90.0,yes
fig-000007,sw0774,85.5,yes
fig-000038,sw0770,85.5,yes
fig-009479,sw0776,90.0,yes
fig-000034,sw0636b,85.5,yes
fig-000885,sw0634a,85.5,yes
fig-012447,sw0521b,90.0,yes
fig-004225,sw0789,85.5,yes
fig-000005,sw0797,85.5,yes
fig-000796,sw0784,85.5,yes
fig-004222,sw0783,90.0,yes
fig-000102,sw0785,85.5,yes
fig-000898,sw0788,90.0,yes
fig-000796,sw0786,85.5,yes
fig-000898,sw0793,90.0,yes
fig-000010,sw0790,85.5,yes
fig-004216,sw0791,90.0,yes
fig-004209,sw0794,100.0,yes
fig-000072,sw0798,85.5,yes
fig-004210,sw0781,100.0,yes
fig-004240,sw0796,90.0,yes
fig-000005,cty0686,85.5,yes
fig-000003,cty0687,85.5,yes
fig-000049,fst023,85.5,yes
fig-000049,fst024,85.5,yes
fig-000898,air051,90.0,yes
fig-000898,air052,90.0,yes
fig-000898,air053,90.0,yes
fig-000898,air054,90.0,yes
fig-000004,cty0688,85.5,yes
fig-000004,cty0689,85.5,yes
fig-000790,dim024,100.0,yes
fig-001558,dim025,100.0,yes
fig-010471,sw0799,100.0,yes
fig-002753,njo0262,100.0,yes
fig-000010,njo0263,85.5,yes
fig-000020,njo0264,85.5,yes
fig-000766,dim026,90.0,yes
fig-000102,dim027,85.5,yes
fig-003077,njo0259,90.0,yes
fig-000021,njo0260,85.5,yes
fig-000021,njo0256,85.5,yes
fig-000021,njo0258,85.5,yes
fig-002737,njo0257,100.0,yes
fig-000004,njo0261,85.5,yes
fig-001904,nex059,100.0,yes
fig-000007,frnd176,85.5,yes
fig-000007,frnd177,85.5,yes
fig-000007,frnd178,85.5,yes
fig-000004,47394pb210,85.5,yes
fig-000003,47205pb041,85.5,yes
fig-000003,47205pb042,85.5,yes
fig-000004,47205pb043,85.5,yes
fig-000003,47205pb044,85.5,yes
fig-000004,47394pb211,85.5,yes
fig-002207,sh0302,90.0,yes
fig-000032,sh0303,85.5,yes
fig-000020,sw0798s,85.5,yes
fig-000021,njo0265,85.5,yes
fig-013453,gen085,85.5,yes
fig-000962,cty0690,90.0,yes
fig-000003,njo0266,85.5,yes
fig-001771,njo0267,100.0,yes
fig-003003,njo0268,90.7,yes
fig-000004,air055,85.5,yes
fig-000004,cty0691,85.5,yes
fig-000004,cty0692,85.5,yes
fig-000007,nex060,85.5,yes
fig-000177,hol080,90.0,yes
fig-000177,hol081,90.0,yes
fig-000003,frnd179,85.5,yes
fig-001281,njo0269,90.0,yes
fig-000005,frnd180,85.5,yes
fig-000007,frnd181,85.5,yes
fig-000003,cty0693,85.5,yes
fig-000005,cty0694,85.5,yes
fig-000004,cty0695,85.5,yes
fig-013455,gen086,85.5,yes
fig-000004,col262,85.5,yes
fig-000004,col261,85.5,yes
fig-000004,col263,85.5,yes
fig-000005,col264,85.5,yes
fig-000004,col265,85.5,yes
fig-000004,col266,85.5,yes
fig-000003,col267,85.5,yes
fig-000003,col268,85.5,yes
fig-000007,idea025,85.5,yes
fig-006333,idea026,90.0,yes
fig-000007,idea027,85.5,yes
fig-000007,idea028,85.5,yes
fig-012548,idea029,90.0,yes
fig-000038,njo0270,85.5,yes
fig-000004,pln175a,85.5,yes
fig-000004,twn265,85.5,yes
fig-000004,twn264,85.5,yes
fig-000004,dim029,85.5,yes
fig-001560,dim030,90.0,yes
fig-000010,dim031,85.5,yes
fig-003433,dim032,100.0,yes
fig-001622,dim033,90.0,yes
fig-001559,dim034,90.0,yes
fig-000007,gen088,85.5,yes
fig-000003,twn266,85.5,yes
fig-000004,twn267,85.5,yes
fig-000003,hol082,85.5,yes
fig-006270,dim035,90.0,yes
fig-016076,dim036,90.0,yes
fig-000003,dim037,85.5,yes
fig-000032,sh0304,85.5,yes
fig-000007,sh0305,85.5,yes
fig-001805,sh0306,90.0,yes
fig-001050,sh0307,90.0,yes
fig-003215,nex061,100.0,yes
fig-000004,nex062,85.5,yes
fig-004664,sh0308,94.1,yes
fig-000007,sh0309,85.5,yes
fig-000009,sh0310,85.5,yes
fig-000007,sh0311,85.5,yes
fig-000010,sh0312,85.5,yes
fig-006672,sh0313,90.0,yes
fig-002015,sh0314,90.0,yes
fig-000901,col269,95.0,yes
fig-000003,col270,85.5,yes
fig-013455,col271,73.1,no
fig-000177,col272,90.0,yes
fig-000007,col273,85.5,yes
fig-000888,col274,90.0,yes
fig-000007,col275,85.5,yes
fig-000007,col276,85.5,yes
fig-000003,moa001,85.5,yes
fig-000004,moa002,85.5,yes
fig-003574,moa003,85.5,yes
fig-000010,shg001,85.5,yes
fig-001805,shg002,90.0,yes
fig-003447,shg003,100.0,yes
fig-003438,shg004,100.0,yes
fig-000192,shg005,85.5,yes
fig-003439,shg006,90.0,yes
fig-000003,cty0696,85.5,yes
fig-000008,47394pb212,90.0,yes
fig-004872,col277,90.0,yes
fig-005985,col278,100.0,yes
fig-001071,col281,90.0,yes
fig-000184,col280,85.5,yes
fig-001014,col279,90.0,yes
fig-001344,njo0271,90.0,yes
fig-001482,pln179,89.9,yes
fig-000004,47394pb213,85.5,yes
fig-000059,sh0315,85.5,yes
fig-004629,sh0316,100.0,yes
fig-001147,sw0800,94.4,yes
fig-015317,sw0801,90.0,yes
fig-001580,sw0802,95.0,yes
fig-000003,sw0803,85.5,yes
fig-000003,sw0804,85.5,yes
fig-000005,sw0805,85.5,yes
fig-000004,sw0806,85.5,yes
fig-004240,sw0807,90.0,yes
fig-000010,sw0808,85.5,yes
fig-000010,sw0812,85.5,yes
fig-016016,sw0810,90.0,yes
fig-000010,sw0811,85.5,yes
fig-004260,sw0817,92.3,yes
fig-004258,sw0813,95.9,yes
fig-004257,sw0814,96.2,yes
fig-000272,sw0815,85.5,yes
fig-004254,sw0816,100.0,yes
fig-004255,sw0824,100.0,yes
fig-009479,sw0809,90.0,yes
fig-000007,sw0822,85.5,yes
fig-000003,sw0823,85.5,yes
fig-004011,sw0821,90.0,yes
fig-015317,sw0819,90.0,yes
fig-000102,sw0820,85.5,yes
fig-000007,sw0818,85.5,yes
fig-003173,nex063,100.0,yes
fig-000007,frnd182,85.5,yes
fig-000003,frnd183,85.5,yes
fig-000003,frnd184,85.5,yes
fig-002615,frnd185,85.5,yes
fig-001521,frnd186,85.5,yes
fig-000007,njo0272,85.5,yes
fig-000778,dim038,90.0,yes
fig-000053,njo0273,85.5,yes
fig-000010,sh0318,85.5,yes
fig-000053,sh0319,85.5,yes
fig-004556,sh0320,90.0,yes
fig-000003,cty0697,85.5,yes
fig-000331,shg007,100.0,yes
fig-000049,gen076,85.5,yes
fig-003431,dim039,100.0,yes
fig-000003,col284,85.5,yes
fig-011138,col285,90.0,yes
fig-000004,col282,85.5,yes
fig-000005,col283,85.5,yes
fig-000008,shg008,100.0,yes
fig-000012,cty0698,90.0,yes
fig-004983,sh0321,90.0,yes
fig-004624,sh0322,100.0,yes
fig-004625,sh0323,100.0,yes
fig-000010,sh0329,85.5,yes
fig-004620,sh0325,93.0,yes
fig-004619,sh0326,91.7,yes
fig-004621,sh0327,90.9,yes
fig-004618,sh0328,94.3,yes
fig-001050,sh0324,90.0,yes
fig-000045,coltlbm01,85.5,yes
fig-000045,coltlbm02,85.5,yes
fig-000045,coltlbm03,85.5,yes
fig-000021,coltlbm04,85.5,yes
fig-000045,coltlbm05,85.5,yes
fig-000045,coltlbm06,85.5,yes
fig-000045,coltlbm07,85.5,yes
fig-000045,coltlbm08,85.5,yes
fig-000045,coltlbm09,85.5,yes
fig-000014,coltlbm10,85.5,yes
fig-000020,coltlbm11,85.5,yes
fig-000049,coltlbm12,85.5,yes
fig-000045,coltlbm13,85.5,yes
fig-000049,coltlbm14,85.5,yes
fig-000045,coltlbm15,85.5,yes
fig-000049,coltlbm16,85.5,yes
fig-000045,coltlbm17,85.5,yes
fig-000045,coltlbm18,85.5,yes
fig-000049,coltlbm19,85.5,yes
fig-000049,coltlbm20,85.5,yes
fig-000004,twn268,85.5,yes
fig-012640,twn269,90.0,yes
fig-000010,twn270,85.5,yes
fig-000053,twn271,85.5,yes
fig-008314,twn272,100.0,yes
fig-001463,twn273,90.0,yes
fig-000001,twn274,85.5,yes
fig-000049,twn275,85.5,yes
fig-000004,cty0699,85.5,yes
fig-000004,cty0700,85.5,yes
fig-000005,frnd187,85.5,yes
fig-000007,frnd188,85.5,yes
fig-003829,sw0825,100.0,yes
fig-000010,sh0330,85.5,yes
fig-004663,sh0331,100.0,yes
fig-004662,sh0332,93.9,yes
fig-002182,sh0333,100.0,yes
fig-000009,sh0334,85.5,yes
fig-002180,sh0335,100.0,yes
fig-002184,sh0336,100.0,yes
fig-001573,shg009,100.0,yes
fig-000007,sh0341,85.5,yes
fig-004660,sh0339,100.0,yes
fig-000020,sh0340,85.5,yes
fig-004654,sh0337,91.8,yes
fig-000053,sh0342,85.5,yes
fig-001050,sh0343,90.0,yes
fig-000009,sh0344,85.5,yes
fig-000053,sh0345,85.5,yes
fig-000048,sh0338,85.5,yes
fig-004659,sh0347,91.9,yes
fig-004658,sh0346,92.7,yes
fig-005368,sh0348,90.2,yes
fig-005620,sh0349,90.0,yes
fig-000005,frnd189,85.5,yes
fig-000004,cty0701,85.5,yes
fig-000003,cty0702,85.5,yes
fig-000003,cty0703,85.5,yes
fig-004633,sh0350,100.0,yes
fig-000005,frnd190,85.5,yes
fig-000005,nex064,85.5,yes
fig-000048,nex065,85.5,yes
fig-002015,sh0351,90.0,yes
fig-011923,njo0274,90.0,yes
fig-002535,njo0275,100.0,yes
fig-002531,njo0276,100.0,yes
fig-000004,twn276,85.5,yes
fig-000004,twn277,85.5,yes
fig-000061,sh0352,85.5,yes
fig-001050,sh0353,90.0,yes
fig-001052,nex066,90.0,yes
fig-003113,nex067,100.0,yes
fig-003114,nex068,89.9,yes
fig-000048,nex069,85.5,yes
fig-003124,nex070,100.0,yes
fig-003123,nex071,100.0,yes
fig-001050,sh0354,90.0,yes
fig-003101,nex072,90.0,yes
fig-000004,hol083,85.5,yes
fig-000003,hol084,85.5,yes
fig-001587,nex073,89.3,yes
fig-000004,47394pb214,85.5,yes
fig-000004,47205pb045,85.5,yes
fig-000009,njo0280,85.5,yes
fig-011923,njo0281,90.0,yes
fig-000009,njo0282,85.5,yes
fig-000006,njo0283,85.5,yes
fig-000006,njo0284,85.5,yes
fig-000009,njo0285,85.5,yes
fig-000007,njo0286,85.5,yes
fig-000007,njo0278,85.5,yes
fig-000007,njo0277,85.5,yes
fig-000007,njo0279,85.5,yes
fig-000004,cty0704,85.5,yes
fig-000003,cty0705,85.5,yes
fig-000003,cty0706,85.5,yes
fig-000004,cty0707,85.5,yes
fig-000004,cty0708,85.5,yes
fig-000004,cty0709,85.5,yes
fig-000004,sh0355,85.5,yes
fig-000575,nex074,90.0,yes
fig-000575,nex075,90.0,yes
fig-000139,twn278,85.5,yes
fig-000002,cty0710,85.5,yes
fig-000010,cty0711,85.5,yes
fig-000005,cty0712,85.5,yes
fig-000020,tls092,85.5,yes
fig-000010,sh0356,85.5,yes
fig-005365,sh0357,90.9,yes
fig-000008,sh0358,90.0,yes
fig-005364,sh0359,90.2,yes
fig-005362,sh0360,92.5,yes
fig-005361,sh0361,90.2,yes
fig-005359,sh0362,90.2,yes
fig-000019,sh0363,85.5,yes
fig-004583,sh0364,90.0,yes
fig-005358,sh0365,90.0,yes
fig-000007,njo0287,85.5,yes
fig-003492,cas545,85.5,yes
fig-005554,pi183,100.0,yes
fig-001014,cty0727,90.0,yes
fig-000004,hol283,85.5,yes
fig-000004,edu023,85.5,yes
fig-000010,hol085,85.5,yes
fig-013799,twn282,85.5,yes
fig-001319,hol086,90.0,yes
fig-004556,cas543,90.0,yes
fig-012094,cas547,90.0,yes
fig-005553,pi184,100.0,yes
fig-015512,cas544,90.0,yes
fig-012094,cas548,90.0,yes
fig-001071,pi180,90.0,yes
fig-006527,pi179,100.0,yes
fig-009479,sp126,90.0,yes
fig-001052,cas549,90.0,yes
fig-000030,pi182,85.5,yes
fig-000030,pi181,85.5,yes
fig-003283,twn283,90.0,yes
fig-008777,cas550,90.0,yes
fig-002748,njo0288,100.0,yes
fig-002750,njo0289,100.0,yes
fig-000009,njo0290,85.5,yes
fig-002926,njo0293,100.0,yes
fig-002747,njo0294,100.0,yes
fig-002929,njo0295,100.0,yes
fig-002762,njo0296,100.0,yes
fig-000007,njo0291,85.5,yes
fig-002927,njo0292,90.0,yes
fig-000003,cty0713,85.5,yes
fig-000004,cty0714,85.5,yes
fig-000003,frnd191,85.5,yes
fig-002418,frnd192,85.5,yes
fig-000007,cty0715,85.5,yes
fig-000010,cty0716,85.5,yes
fig-000004,cty0717,85.5,yes
fig-000004,doc037,85.5,yes
fig-015258,cty0718,90.0,yes
fig-000004,trn240,85.5,yes
fig-000004,cty0719,85.5,yes
fig-000010,cty0720,85.5,yes
fig-002233,cty0721,85.5,yes
fig-000536,cty0722,90.0,yes
fig-000004,cty0723,85.5,yes
fig-000027,pln180,85.5,yes
fig-000004,cty0724,85.5,yes
fig-000038,cty0725,85.5,yes
fig-000004,cty0726,85.5,yes
fig-000007,chef024,85.5,yes
fig-000004,twn279,85.5,yes
fig-007697,twn280,86.0,yes
fig-000004,twn281,85.5,yes
fig-000003,post011,85.5,yes
fig-003439,dim040,90.0,yes
fig-000010,sh0217a,85.5,yes
fig-005957,dp033,90.0,yes
fig-000007,dp034,85.5,yes
fig-003104,nex076,86.0,yes
fig-003133,nex077,100.0,yes
fig-005346,sh0367,100.0,yes
fig-005348,sh0368,90.0,yes
fig-005347,sh0369,100.0,yes
fig-013379,sh0370,90.0,yes
fig-000010,sh0371,85.5,yes
fig-005344,sh0372,100.0,yes
fig-005345,sh0373,100.0,yes
fig-005350,sh0374,95.0,yes
fig-005349,sh0366,100.0,yes
fig-000007,cty0728,85.5,yes
fig-000004,cty0729,85.5,yes
fig-000775,cty0730,85.5,yes
fig-000908,cty0731,85.5,yes
fig-000004,47394pb215,85.5,yes
fig-014390,sh0375,90.0,yes
fig-000004,hol087,85.5,yes
fig-000004,cty0732,85.5,yes
fig-000007,cty0733,85.5,yes
fig-000004,cty0734,85.5,yes
fig-000004,cty0735,85.5,yes
fig-001723,gen089,85.5,yes
fig-000010,sh0376,85.5,yes
fig-000010,sh0377,85.5,yes
fig-000004,47394pb216,85.5,yes
fig-000004,47205pb046,85.5,yes
fig-001625,dim043,90.0,yes
fig-001319,elf024,90.0,yes
fig-001319,elf025,90.0,yes
fig-001319,elf026,90.0,yes
fig-001319,elf027,90.0,yes
fig-001319,elf028,90.0,yes
fig-001319,elf029,90.0,yes
fig-001319,elf030,90.0,yes
fig-001594,elf031,92.2,yes
fig-001586,elf032,90.0,yes
fig-001592,elf033,100.0,yes
fig-000007,elf034,85.5,yes
fig-003465,elf035,90.0,yes
fig-001627,elf036,92.2,yes
fig-016105,sc034,88.9,yes
fig-003475,elf037,93.5,yes
fig-000012,sc035,85.5,yes
fig-000012,sc036,85.5,yes
fig-000012,sc037,85.5,yes
fig-000012,sc038,85.5,yes
fig-014742,sc039,90.0,yes
fig-000004,47394pb217,85.5,yes
fig-000003,47394pb218,85.5,yes
fig-000007,dim044,85.5,yes
fig-000007,47394pb219,85.5,yes
fig-000003,4555pb114a,85.5,yes
fig-000007,nex078,85.5,yes
fig-000007,nex079,85.5,yes
fig-000005,frnd193,85.5,yes
fig-001604,sc040,90.0,yes
fig-000004,sc041,85.5,yes
fig-000010,sc042,85.5,yes
fig-000003,sc043,85.5,yes
fig-000007,sc044,85.5,yes
fig-000007,sc045,85.5,yes
fig-000315,sc046,85.5,yes
fig-000004,sc047,85.5,yes
fig-000003,cty0740,85.5,yes
fig-000005,frnd194,85.5,yes
fig-005354,sh0378,100.0,yes
fig-005356,sh0379,100.0,yes
fig-000007,sh0380,85.5,yes
fig-000005,sh0381,85.5,yes
fig-000004,47394pb220,85.5,yes
fig-000004,47205pb047,85.5,yes
fig-000003,47394pb221,85.5,yes
fig-000004,47205pb026a,85.5,yes
fig-000004,47394pb203a,85.5,yes
fig-005341,sh0382,100.0,yes
fig-005339,sh0383,90.0,yes
fig-000004,sh0384,85.5,yes
fig-000004,njo0297,85.5,yes
fig-001777,nex080,95.1,yes
fig-000072,sh0385,85.5,yes
fig-005033,sh0386,90.0,yes
fig-005027,sh0387,90.0,yes
fig-015358,sh0388,90.0,yes
fig-000048,sh0389,85.5,yes
fig-000004,hol088,85.5,yes
fig-000004,hol089,85.5,yes
fig-000003,cty0736,85.5,yes
fig-000003,cty0737,85.5,yes
fig-000010,sh0390,85.5,yes
fig-003145,njo0298,100.0,yes
fig-003146,njo0299,100.0,yes
fig-002735,njo0300,90.0,yes
fig-003118,nex081,90.0,yes
fig-000007,nex082,85.5,yes
fig-000007,nex083,85.5,yes
fig-000007,nex084,85.5,yes
fig-001593,dim042,100.0,yes
fig-000898,cty0738,90.0,yes
fig-000003,pln181,85.5,yes
fig-000005,min042,85.5,yes
fig-000003,frnd195,85.5,yes
fig-000007,frnd196,85.5,yes
fig-007422,sp001new,88.9,yes
fig-000007,cty0739,85.5,yes
fig-006479,min043,90.0,yes
fig-000007,frnd197,85.5,yes
fig-000007,frnd198,85.5,yes
fig-000003,frnd199,85.5,yes
fig-002534,njo0301,100.0,yes
fig-000004,min044,85.5,yes
fig-000003,frnd200,85.5,yes
fig-000010,min045,85.5,yes
fig-014181,min046,90.0,yes
fig-006502,min047,90.5,yes
fig-000005,min048,85.5,yes
fig-016508,min049,90.0,yes
fig-000003,frnd201,85.5,yes
fig-000007,frnd202,85.5,yes
fig-005875,cty0741,88.9,yes
fig-000003,frnd203,85.5,yes
fig-005808,poc035,91.0,yes
fig-002935,poc036,90.0,yes
fig-005806,poc037,90.0,yes
fig-005804,poc038,100.0,yes
fig-000005,poc039,85.5,yes
fig-005801,poc040,100.0,yes
fig-005803,poc041,100.0,yes
fig-005802,poc042,100.0,yes
fig-000005,47394pb223,85.5,yes
fig-000007,njo0302,85.5,yes
fig-000021,njo0303,85.5,yes
fig-000009,njo0304,85.5,yes
fig-000003,twn284,85.5,yes
fig-000007,twn285,85.5,yes
fig-000004,cty0743,85.5,yes
fig-000004,cty0744,85.5,yes
fig-000004,cty0745,85.5,yes
fig-000004,cty0746,85.5,yes
fig-000007,frnd204,85.5,yes
fig-000004,cty0747,85.5,yes
fig-000007,njo0305,85.5,yes
fig-000004,nex085,85.5,yes
fig-000004,cty0748,85.5,yes
fig-000010,twn286,85.5,yes
fig-000004,47205pb050,85.5,yes
fig-004172,sw0826,93.2,yes
fig-004173,sw0827,95.0,yes
fig-000010,cty0749,85.5,yes
fig-000012,cty0750,90.0,yes
fig-013847,dp035,90.0,yes
fig-005957,dp036,90.0,yes
fig-000007,njo0306,85.5,yes
fig-000003,frnd257,85.5,yes
fig-000004,cty0751,85.5,yes
fig-000004,cty0752,85.5,yes
fig-005955,frnd205,91.1,yes
fig-000007,frnd206,85.5,yes
fig-001610,col286,90.0,yes
fig-001600,col289,90.0,yes
fig-001612,col290,90.0,yes
fig-001604,col291,90.0,yes
fig-001619,col292,90.0,yes
fig-001613,col293,90.0,yes
fig-001615,col294,90.0,yes
fig-001614,col295,90.0,yes
fig-001603,col296,90.0,yes
fig-000048,col297,85.5,yes
fig-000211,col298,85.5,yes
fig-001616,col299,90.0,yes
fig-000045,col301,85.5,yes
fig-003103,nex087,85.9,yes
fig-001849,nex086,88.8,yes
fig-000005,twn287,85.5,yes
fig-000004,twn288,85.5,yes
fig-000004,cty0754,85.5,yes
fig-001149,cty0753,90.0,yes
fig-000004,con011,85.5,yes
fig-008240,con012,86.1,yes
fig-003432,dim045,100.0,yes
fig-000007,dim046,85.5,yes
fig-000019,dim047,85.5,yes
fig-000211,col287,85.5,yes
fig-000211,col288,85.5,yes
fig-008790,col300,90.0,yes
fig-000004,cty0755,85.5,yes
fig-000004,cty0756,85.5,yes
fig-001019,sh0391,90.0,yes
fig-000003,47394pb015b,85.5,yes
fig-003101,nex088,90.0,yes
fig-000008,sh0392,90.0,yes
fig-003118,nex089,90.0,yes
fig-000004,hol070a,85.5,yes
fig-000004,hol070b,85.5,yes
fig-000008,sh0393,90.0,yes
fig-003447,sh0394,100.0,yes
fig-000010,nex090,85.5,yes
fig-000003,nex091,85.5,yes
fig-012450,nex092,95.0,yes
fig-000007,sh0395,85.5,yes
fig-004643,sh0396,100.0,yes
fig-000004,twn289,85.5,yes
fig-000004,twn291,85.5,yes
fig-000004,twn290,85.5,yes
fig-000003,twn292,85.5,yes
fig-000004,twn293,85.5,yes
fig-000003,twn294,85.5,yes
fig-000004,twn295,85.5,yes
fig-000007,sw0828,85.5,yes
fig-004242,sw0830,100.0,yes
fig-003843,sw0833,90.0,yes
fig-002557,sw0843,100.0,yes
fig-001352,sw0832,85.5,yes
fig-000061,sw0829,85.5,yes
fig-004881,sh0397,100.0,yes
fig-001805,sh0398,90.0,yes
fig-003121,nex095,100.0,yes
fig-000007,nex106,85.5,yes
fig-003119,nex097,100.0,yes
fig-003137,nex098,100.0,yes
fig-003132,nex099,100.0,yes
fig-000019,nex100,85.5,yes
fig-000010,nex101,85.5,yes
fig-000004,nex102,85.5,yes
fig-000007,nex093,85.5,yes
fig-002466,nex103,90.0,yes
fig-000007,nex094,85.5,yes
fig-000010,nex105,85.5,yes
fig-003101,nex096,90.0,yes
fig-003139,nex107,90.0,yes
fig-012459,nex104,100.0,yes
fig-009001,cty0757,90.0,yes
fig-000007,cty0758,85.5,yes
fig-000007,cty0759,85.5,yes
fig-000010,cty0760,85.5,yes
fig-000003,cty0761,85.5,yes
fig-000007,cty0762,85.5,yes
fig-000010,cty0763,85.5,yes
fig-001327,cty0764,90.0,yes
fig-001351,cty0765,90.0,yes
fig-000007,cty0766,85.5,yes
fig-000004,cty0767,85.5,yes
fig-000003,cty0768,85.5,yes
fig-003385,cty0769,85.5,yes
fig-000010,cty0770,85.5,yes
fig-000010,cty0771,85.5,yes
fig-000006,njo0307,85.5,yes
fig-000010,sh0402,85.5,yes
fig-000003,cty0772,85.5,yes
fig-000004,cty0773,85.5,yes
fig-000003,cty0774,85.5,yes
fig-000003,cty0775,85.5,yes
fig-001319,elf038,90.0,yes
fig-001319,elf039,90.0,yes
fig-003488,elf040,100.0,yes
fig-001319,elf041,90.0,yes
fig-001319,elf042,90.0,yes
fig-005612,sh0399,100.0,yes
fig-004640,sh0400,86.7,yes
fig-004640,sh0401,86.7,yes
fig-000010,sw0834,85.5,yes
fig-009479,sw0835,90.0,yes
fig-009479,sw0836,90.0,yes
fig-000003,cty0776,85.5,yes
fig-000004,cty0777,85.5,yes
fig-000004,cty0778,85.5,yes
fig-000004,cty0779,85.5,yes
fig-000010,cty0780,85.5,yes
fig-000010,cty0781,85.5,yes
fig-000004,cty0782,85.5,yes
fig-000004,cty0783,85.5,yes
fig-000003,cty0784,85.5,yes
fig-000004,cty0785,85.5,yes
fig-000004,cty0786,85.5,yes
fig-009425,cty0787,88.1,yes
fig-001805,shg010,90.0,yes
fig-003439,shg011,90.0,yes
fig-000022,shg012,85.5,yes
fig-003441,shg013,100.0,yes
fig-000061,sw0837,85.5,yes
fig-001586,elf043,90.0,yes
fig-000007,sh0403,85.5,yes
fig-005384,sh0404,100.0,yes
fig-005383,sh0405,95.7,yes
fig-002569,sh0406,100.0,yes
fig-002567,sh0407,90.0,yes
fig-000004,sh0408,85.5,yes
fig-000010,sh0409,85.5,yes
fig-005396,sh0410,100.0,yes
fig-005397,sh0411,100.0,yes
fig-000007,sh0412,85.5,yes
fig-000010,sh0413,85.5,yes
fig-010473,sw0838,100.0,yes
fig-000003,edu005,85.5,yes
fig-003844,sh0414,90.0,yes
fig-000010,sh0415,85.5,yes
fig-004640,sh0416,93.8,yes
fig-004641,sh0417,93.3,yes
fig-000003,cty0788,85.5,yes
fig-002076,cty0792,90.0,yes
fig-002076,cty0790,90.0,yes
fig-000004,cty0791,85.5,yes
fig-000003,cty0789,85.5,yes
fig-000004,cty0793,85.5,yes
fig-000003,cty0794,85.5,yes
fig-002076,cty0795,90.0,yes
fig-002076,cty0796,90.0,yes
fig-000020,sw0831a,85.5,yes
fig-000004,twn301,85.5,yes
fig-000004,twn302,85.5,yes
fig-012966,twn298,90.6,yes
fig-000004,twn299,85.5,yes
fig-000004,twn300,85.5,yes
fig-000004,twn296,85.5,yes
fig-000004,twn297,85.5,yes
fig-000003,cty0797,85.5,yes
fig-000010,nex108,85.5,yes
fig-000007,elf034b,85.5,yes
fig-004269,sw0839,100.0,yes
fig-004270,sw0840,100.0,yes
fig-002546,sw0841,90.0,yes
fig-000004,cty0798,85.5,yes
fig-000004,cty0799,85.5,yes
fig-000004,cty0800,85.5,yes
fig-000004,cty0801,85.5,yes
fig-012460,nex112,95.0,yes
fig-012461,nex113,100.0,yes
fig-012450,nex114,100.0,yes
fig-000003,cty0802,85.5,yes
fig-000004,cty0803,85.5,yes
fig-000004,cty0804,85.5,yes
fig-002076,cty0805,90.0,yes
fig-000004,cty0806,85.5,yes
fig-000007,sh0419,85.5,yes
fig-000007,sw0842,85.5,yes
fig-000005,dp037,85.5,yes
fig-000010,dp038,85.5,yes
fig-000004,dp039,85.5,yes
fig-000603,dp040,90.0,yes
fig-001378,sc048,85.5,yes
fig-007517,sc049,87.4,yes
fig-007518,sc050,86.7,yes
fig-016097,sc051,86.5,yes
fig-000007,sw0844,85.5,yes
fig-000010,sw0845,85.5,yes
fig-000004,sw0846,85.5,yes
fig-001953,sh0420,90.0,yes
fig-000059,sh0421,85.5,yes
fig-000019,sh0422,85.5,yes
fig-001765,njo0308,100.0,yes
fig-010482,sw0847,90.0,yes
fig-002574,njo0309,90.0,yes
fig-003023,njo0310,90.0,yes
fig-000005,frnd207,85.5,yes
fig-000004,cas111a,85.5,yes
fig-000007,sh0418a,85.5,yes
fig-000053,sh0418b,85.5,yes
fig-012759,dp041,92.5,yes
fig-003578,dp042,91.5,yes
fig-001892,sw0848,93.3,yes
fig-002558,sw0849,93.6,yes
fig-009490,edu001,100.0,yes
fig-009491,edu002,100.0,yes
fig-006672,sh0424,90.0,yes
fig-000272,sw0850,85.5,yes
fig-004263,sw0851,91.4,yes
fig-004264,sw0852,100.0,yes
fig-000003,frnd208,85.5,yes
fig-000005,frnd209,85.5,yes
fig-001014,twn303,90.0,yes
fig-000004,cty0807,85.5,yes
fig-002076,cty0808,90.0,yes
fig-000067,47394pb224,85.5,yes
fig-000005,47394pb225,85.5,yes
fig-000005,nex115,85.5,yes
fig-000004,47394pb018b,85.5,yes
fig-000004,47394pb021b,85.5,yes
fig-002565,sh0425,90.0,yes
fig-005398,sh0426,100.0,yes
fig-004582,sh0427,90.0,yes
fig-000004,twn304,85.5,yes
fig-000007,sw0764b,85.5,yes
fig-003118,nex116,90.0,yes
fig-003110,nex109,86.9,yes
fig-000575,nex110,90.0,yes
fig-000575,nex111,90.0,yes
fig-000010,frnd210,85.5,yes
fig-000049,coltlnm01,85.5,yes
fig-000045,coltlnm02,85.5,yes
fig-000049,coltlnm03,85.5,yes
fig-000049,coltlnm04,85.5,yes
fig-000049,coltlnm05,85.5,yes
fig-000049,coltlnm06,85.5,yes
fig-000712,coltlnm07,90.0,yes
fig-000049,coltlnm08,85.5,yes
fig-000049,coltlnm09,85.5,yes
fig-000049,coltlnm10,85.5,yes
fig-001644,coltlnm11,90.0,yes
fig-001645,coltlnm12,90.0,yes
fig-002946,coltlnm13,90.0,yes
fig-000045,coltlnm14,85.5,yes
fig-000045,coltlnm15,85.5,yes
fig-000049,coltlnm16,85.5,yes
fig-000045,coltlnm17,85.5,yes
fig-000049,coltlnm18,85.5,yes
fig-000049,coltlnm19,85.5,yes
fig-000049,coltlnm20,85.5,yes
fig-001716,sh0428,94.5,yes
fig-000005,sh0429,85.5,yes
fig-004556,sh0430,90.0,yes
fig-000061,sh0431,85.5,yes
fig-000006,njo0311,85.5,yes
fig-000006,njo0312,85.5,yes
fig-012094,njo0313,90.0,yes
fig-012094,njo0314,90.0,yes
fig-000003,njo0315,85.5,yes
fig-000007,njo0316,85.5,yes
fig-000007,njo0317,85.5,yes
fig-000009,njo0318,85.5,yes
fig-000009,njo0319,85.5,yes
fig-000009,njo0320,85.5,yes
fig-000007,njo0321,85.5,yes
fig-000009,njo0322,85.5,yes
fig-000005,njo0323,85.5,yes
fig-002888,njo0324,95.0,yes
fig-004556,sh0432,90.0,yes
fig-002696,njo0325,90.0,yes
fig-002695,njo0326,100.0,yes
fig-006477,min050,90.0,yes
fig-006514,min051,88.5,yes
fig-002428,min052,90.0,yes
fig-000005,frnd211,85.5,yes
fig-000001,tls093,85.5,yes
fig-000004,cty0809,85.5,yes
fig-000005,cty0810,85.5,yes
fig-000004,cty0811,85.5,yes
fig-004271,sw0855,100.0,yes
fig-000004,min053,85.5,yes
fig-000061,min054,85.5,yes
fig-000005,njo0327,85.5,yes
fig-002961,njo0328,100.0,yes
fig-002964,njo0329,100.0,yes
fig-012892,njo0330,100.0,yes
fig-002955,njo0331,100.0,yes
fig-002965,njo0332,100.0,yes
fig-002954,njo0333,100.0,yes
fig-002957,njo0334,90.0,yes
fig-002966,njo0335,100.0,yes
fig-002953,njo0336,100.0,yes
fig-002963,njo0337,100.0,yes
fig-000712,njo0338,90.0,yes
fig-002967,njo0339,100.0,yes
fig-003069,njo0340,90.0,yes
fig-002943,njo0341,100.0,yes
fig-002956,njo0342,100.0,yes
fig-015107,njo0343,90.0,yes
fig-002960,njo0344,91.0,yes
fig-000010,sh0433,85.5,yes
fig-006500,min055,91.3,yes
fig-000029,njo0345,85.5,yes
fig-001660,njo0346,88.7,yes
fig-000007,nex117,85.5,yes
fig-007407,col302,90.0,yes
fig-000922,col303,90.0,yes
fig-002820,njo0347,89.2,yes
fig-001761,njo0348,88.7,yes
fig-000009,njo0349,85.5,yes
fig-002932,njo0350,100.0,yes
fig-002935,njo0351,100.0,yes
fig-000007,njo0352,85.5,yes
fig-002914,njo0353,90.0,yes
fig-000003,njo0354,85.5,yes
fig-001976,shg014,95.1,yes
fig-000009,shg015,90.0,yes
fig-003444,shg016,100.0,yes
fig-002017,sh0434,60.0,no
fig-000007,sh0435,85.5,yes
fig-000004,sh0437,85.5,yes
fig-000009,sh0438,90.0,yes
fig-000010,sh0439,85.5,yes
fig-000007,sw0853,85.5,yes
fig-004277,sw0854,91.4,yes
fig-000010,njo0355,85.5,yes
fig-002696,njo0356,90.0,yes
fig-002918,njo0357,100.0,yes
fig-002919,njo0358,100.0,yes
fig-004290,sw0856,100.0,yes
fig-002808,gen087,85.5,yes
fig-002950,njo0359,90.5,yes
fig-002938,njo0367,90.0,yes
fig-000007,njo0360,85.5,yes
fig-001628,dp043,90.0,yes
fig-000003,njo0362,85.5,yes
fig-000003,njo0361,85.5,yes
fig-012094,njo0363,90.0,yes
fig-004245,sw0857,100.0,yes
fig-000007,sw0858,85.5,yes
fig-004455,sw0859,85.5,yes
fig-000027,sw0860,85.5,yes
fig-004302,sw0861,95.0,yes
fig-004152,sw0862,85.5,yes
fig-004298,sw0863,100.0,yes
fig-004299,sw0864,100.0,yes
fig-004156,sw0865,85.5,yes
fig-004293,sw0866,86.7,yes
fig-000005,sw0867,85.5,yes
fig-000005,sw0868,85.5,yes
fig-004287,sw0869,100.0,yes
fig-004291,sw0870,87.0,yes
fig-004282,sw0871,100.0,yes
fig-000164,sw0872,85.5,yes
fig-001208,sw0874,90.0,yes
fig-004266,sw0873,95.0,yes
fig-002574,njo0364,90.0,yes
fig-000380,sw0875,85.5,yes
fig-000166,sw0876,85.5,yes
fig-011127,sw0877,90.0,yes
fig-000007,frnd212,85.5,yes
fig-002608,frnd213,85.9,yes
fig-000007,frnd214,85.5,yes
fig-000005,frnd215,85.5,yes
fig-016375,idea031,100.0,yes
fig-000003,idea032,85.5,yes
fig-000003,idea033,85.5,yes
fig-016375,idea030,90.0,yes
fig-000012,sc052,85.5,yes
fig-001629,frnd216,86.0,yes
fig-000007,frnd217,85.5,yes
fig-000007,frnd218,85.5,yes
fig-002605,frnd219,87.8,yes
fig-000007,frnd220,85.5,yes
fig-000007,frnd221,85.5,yes
fig-000007,frnd222,85.5,yes
fig-012459,nex118,90.0,yes
fig-001646,njo0368,90.0,yes
fig-002937,njo0365,100.0,yes
fig-002914,njo0366,90.0,yes
fig-002947,njo0369,100.0,yes
fig-002948,njo0370,100.0,yes
fig-002949,njo0371,100.0,yes
fig-011138,frnd223,90.0,yes
fig-001506,frnd224,90.0,yes
fig-000007,sh0436,85.5,yes
fig-000004,2327pb36,85.5,yes
fig-000125,sw0878,85.5,yes
fig-003427,dim048,100.0,yes
fig-003428,dim049,90.0,yes
fig-001636,dim050,100.0,yes
fig-001635,dim051,100.0,yes
fig-001849,nex119,88.8,yes
fig-002945,njo0372,100.0,yes
fig-002944,njo0373,100.0,yes
fig-000712,njo0374,100.0,yes
fig-006250,coltlbm21,93.1,yes
fig-003225,coltlbm22,90.0,yes
fig-006252,coltlbm23,90.0,yes
fig-006249,coltlbm24,90.0,yes
fig-001223,hol095,100.0,yes
fig-015223,hol090,90.0,yes
fig-000245,hol091,85.5,yes
fig-008421,hol092,90.0,yes
fig-000463,hol093,85.5,yes
fig-000463,hol094,85.5,yes
fig-000004,sw0879,85.5,yes
fig-001050,sh0440,90.0,yes
fig-000007,sw0880,85.5,yes
fig-000049,fst025,85.5,yes
fig-000003,47394pb228,85.5,yes
fig-000003,47394pb229,85.5,yes
fig-000004,47205pb051,85.5,yes
fig-000003,47394pb226,85.5,yes
fig-000003,47394pb227,85.5,yes
fig-002015,47394pb230,90.0,yes
fig-000004,47394pb231,85.5,yes
fig-000003,47205pb052,85.5,yes
fig-000012,hol096,85.5,yes
fig-000004,hol097,85.5,yes
fig-000578,hol098,85.5,yes
fig-000007,47394pb232,85.5,yes
fig-000004,hol099,85.5,yes
fig-000049,gen090,90.0,yes
fig-000004,gen091,85.5,yes
fig-000004,hol100,85.5,yes
fig-000004,hol101,85.5,yes
fig-000003,hol102,85.5,yes
fig-000005,hol103,85.5,yes
fig-000004,hol104,85.5,yes
fig-002015,sh0441,90.0,yes
fig-003296,dim052,100.0,yes
fig-003294,dim053,100.0,yes
fig-006663,idea034,100.0,yes
fig-006664,idea035,100.0,yes
fig-006665,idea036,100.0,yes
fig-006662,idea037,100.0,yes
fig-001771,njo0375,90.0,yes
fig-000003,47205pb053,85.5,yes
fig-000003,47394pb233,85.5,yes
fig-000005,min056,85.5,yes
fig-000898,cty0812,90.0,yes
fig-004556,cty0813,90.0,yes
fig-000003,47394pb234,85.5,yes
fig-001634,dim054,90.0,yes
fig-000003,cty0814,85.5,yes
fig-000003,cty0815,85.5,yes
fig-000004,cty0816,85.5,yes
fig-004556,cty0817,90.0,yes
fig-004556,cty0818,90.0,yes
fig-012451,nex120,100.0,yes
fig-003127,nex121,90.0,yes
fig-000004,hol105,85.5,yes
fig-000004,hol106,85.5,yes
fig-000004,hol107,85.5,yes
fig-004556,hol108,90.0,yes
fig-002076,hol109,90.0,yes
fig-000004,hol110,85.5,yes
fig-000004,47394pb235,85.5,yes
fig-000007,47394pb236,85.5,yes
fig-000575,nex122,90.0,yes
fig-003101,nex123,90.0,yes
fig-002952,njo0376,100.0,yes
fig-000038,nex124,85.5,yes
fig-000003,47394pb237,85.5,yes
fig-000003,47394pb238,85.5,yes
fig-004871,sh0442,91.2,yes
fig-007455,col304,90.0,yes
fig-000010,col305,85.5,yes
fig-000059,col306,85.5,yes
fig-000915,col307,90.0,yes
fig-001695,sh0443,85.5,yes
fig-001150,sh0444,85.5,yes
fig-004613,sh0445,90.0,yes
fig-006672,sh0446,90.0,yes
fig-001050,sh0447,90.0,yes
fig-002916,njo0377,100.0,yes
fig-002914,njo0378,90.0,yes
fig-002879,njo0379,100.0,yes
fig-002696,njo0380,90.0,yes
fig-002917,njo0381,100.0,yes
fig-011923,sh0448,90.0,yes
fig-000004,trn241,85.5,yes
fig-000004,cty0819,85.5,yes
fig-000004,twn305,85.5,yes
fig-000005,frnd225,85.5,yes
fig-002076,cty0820,90.0,yes
fig-002076,cty0821,90.0,yes
fig-000004,cty0822,85.5,yes
fig-002076,cty0823,90.0,yes
fig-000004,4555pb131a,85.5,yes
fig-000004,4555pb013a,85.5,yes
fig-000004,4943pb003a,85.5,yes
fig-000005,frnd279,85.5,yes
fig-002935,frnd226,90.0,yes
fig-002941,frnd227,90.0,yes
fig-000003,frnd228,85.5,yes
fig-000072,nex125,85.5,yes
fig-003091,nex126,100.0,yes
fig-003096,nex127,100.0,yes
fig-003094,nex128,100.0,yes
fig-003090,nex129,100.0,yes
fig-002565,nex130,100.0,yes
fig-003092,nex131,100.0,yes
fig-003088,nex132,100.0,yes
fig-000898,sw0882,90.0,yes
fig-004502,sw0881,90.0,yes
fig-000005,hol111,85.5,yes
fig-006796,hol112,95.0,yes
fig-000005,frnd229,85.5,yes
fig-000003,frnd230,85.5,yes
fig-000007,frnd231,85.5,yes
fig-000241,twn306,90.0,yes
fig-000898,cty0824,90.0,yes
fig-004556,cty0825,90.0,yes
fig-010264,cty0826,90.0,yes
fig-000004,cty0827,85.5,yes
fig-000005,cty0828,85.5,yes
fig-000061,cty0829,85.5,yes
fig-000506,sw0883,85.5,yes
fig-004157,sw0884,86.1,yes
fig-000010,sw0885,85.5,yes
fig-004283,sw0886,95.0,yes
fig-003803,sw0887,90.0,yes
fig-004280,sw0888,92.7,yes
fig-000380,sw0889,85.5,yes
fig-000011,sw0890,85.5,yes
fig-004520,sw0891,100.0,yes
fig-000005,sw0892,85.5,yes
fig-004312,sw0893,100.0,yes
fig-000003,sw0894,85.5,yes
fig-000030,cty0830,85.5,yes
fig-000005,cty0831,85.5,yes
fig-000005,cty0832,85.5,yes
fig-000004,cty0833,85.5,yes
fig-000005,cty0834,85.5,yes
fig-000005,cty0835,85.5,yes
fig-000012,cty0836,90.0,yes
fig-000005,cty0837,85.5,yes
fig-000012,cty0838,90.0,yes
fig-000898,cty0839,90.0,yes
fig-000004,cty0840,85.5,yes
fig-000898,cty0841,90.0,yes
fig-000012,cty0842,85.5,yes
fig-000010,elf044,85.5,yes
fig-000163,elf045,85.5,yes
fig-000004,cty0843,85.5,yes
fig-002306,cty0844,90.0,yes
fig-000004,cty0845,85.5,yes
fig-000004,cty0846,85.5,yes
fig-000004,cty0847,85.5,yes
fig-000962,cty0848,90.0,yes
fig-001310,elf046,90.0,yes
fig-016456,cty0849,90.0,yes
fig-000163,elf047,85.5,yes
fig-001354,elf048,100.0,yes
fig-000163,elf049,85.5,yes
fig-001348,elf050,95.0,yes
fig-003483,elf051,100.0,yes
fig-000163,elf052,85.5,yes
fig-003498,elf053,93.3,yes
fig-003496,elf054,90.0,yes
fig-000163,elf055,85.5,yes
fig-004160,sw0895,100.0,yes
fig-000010,sw0896,85.5,yes
fig-000007,sw0897,85.5,yes
fig-000003,cty0850,85.5,yes
fig-000007,cty0851,85.5,yes
fig-000030,cty0852,85.5,yes
fig-000005,cty0853,85.5,yes
fig-000003,pln182,85.5,yes
fig-000045,coltlbm25,85.5,yes
fig-000045,coltlbm26,85.5,yes
fig-000045,coltlbm27,85.5,yes
fig-000045,coltlbm28,85.5,yes
fig-000045,coltlbm29,85.5,yes
fig-000045,coltlbm30,85.5,yes
fig-000045,coltlbm31,85.5,yes
fig-000045,coltlbm32,85.5,yes
fig-000014,coltlbm33,85.5,yes
fig-000045,coltlbm34,85.5,yes
fig-000014,coltlbm35,85.5,yes
fig-000045,coltlbm36,85.5,yes
fig-000045,coltlbm37,85.5,yes
fig-000045,coltlbm38,85.5,yes
fig-000045,coltlbm39,85.5,yes
fig-000049,coltlbm40,85.5,yes
fig-000045,coltlbm41,85.5,yes
fig-000045,coltlbm42,85.5,yes
fig-000004,coltlbm43,85.5,yes
fig-000004,coltlbm44,85.5,yes
fig-000030,cty0854,85.5,yes
fig-000030,cty0855,85.5,yes
fig-015985,twn307,85.5,yes
fig-000085,gen092,85.5,yes
fig-000085,gen093,85.5,yes
fig-000072,sw0898,85.5,yes
fig-012086,dp044,90.0,yes
fig-000007,dp045,85.5,yes
fig-003602,dp046,90.0,yes
fig-000019,dp047,85.5,yes
fig-000003,dp048,85.5,yes
fig-000032,dp049,85.5,yes
fig-000012,cty0856,90.0,yes
fig-004316,sw0900,85.7,yes
fig-004315,sw0901,96.3,yes
fig-001337,cty0857,100.0,yes
fig-000898,cty0858,90.0,yes
fig-003387,cty0859,85.5,yes
fig-011295,sh0449,90.0,yes
fig-004860,sh0450,86.3,yes
fig-000010,sh0452,85.5,yes
fig-005434,sh0466,93.0,yes
fig-005443,sh0467,90.0,yes
fig-005441,sh0468,100.0,yes
fig-005442,sh0469,100.0,yes
fig-001805,sh0453,90.0,yes
fig-004873,sh0454,100.0,yes
fig-004872,sh0455,100.0,yes
fig-000008,sh0456,90.0,yes
fig-005409,sh0457,100.0,yes
fig-000010,sh0458,85.5,yes
fig-005408,sh0459,91.4,yes
fig-005410,sh0460,100.0,yes
fig-004878,sh0461,100.0,yes
fig-004875,sh0462,100.0,yes
fig-000004,sh0463,85.5,yes
fig-001554,sh0465,90.0,yes
fig-004858,sh0464,86.5,yes
fig-001715,sw0902,94.1,yes
fig-002574,njo0382,90.0,yes
fig-003023,njo0383,90.0,yes
fig-002812,njo0384,100.0,yes
fig-000038,njo0385,85.5,yes
fig-001735,sw0903,100.0,yes
fig-003023,njo0386,90.0,yes
fig-002469,njo0387,91.7,yes
fig-002810,njo0388,100.0,yes
fig-000005,cty0860,85.5,yes
fig-000004,cty0861,85.5,yes
fig-001253,sh0470,90.0,yes
fig-005405,sh0471,90.0,yes
fig-005406,sh0472,100.0,yes
fig-000009,sh0473,90.0,yes
fig-000005,cty0862,85.5,yes
fig-000004,cty0863,85.5,yes
fig-000003,cty0864,85.5,yes
fig-000005,cty0865,85.5,yes
fig-000005,cty0866,85.5,yes
fig-002810,njo0399,90.0,yes
fig-003023,njo0391,90.0,yes
fig-002872,njo0392,100.0,yes
fig-002805,njo0393,91.3,yes
fig-002882,njo0397,90.0,yes
fig-003023,njo0398,90.0,yes
fig-003023,njo0401,90.0,yes
fig-002881,njo0394,100.0,yes
fig-002883,njo0395,100.0,yes
fig-002882,njo0400,100.0,yes
fig-003023,njo0396,90.0,yes
fig-002816,njo0402,90.0,yes
fig-002815,njo0389,90.9,yes
fig-000007,njo0390,85.5,yes
fig-001849,nex133,88.8,yes
fig-000010,frnd232,85.5,yes
fig-005425,sh0474,90.5,yes
fig-005033,sh0475,90.0,yes
fig-001674,frnd233,87.0,yes
fig-000007,frnd234,85.5,yes
fig-000007,frnd235,85.5,yes
fig-006477,min057,90.0,yes
fig-006519,min058,100.0,yes
fig-000004,min060,85.5,yes
fig-006521,min061,90.0,yes
fig-000010,min062,85.5,yes
fig-004151,sw0904,90.0,yes
fig-006511,min059,92.0,yes
fig-000007,cty0867,85.5,yes
fig-000004,cty0869,85.5,yes
fig-000003,cty0868,85.5,yes
fig-003023,njo0403,90.0,yes
fig-000919,twn309,90.0,yes
fig-000003,twn312,85.5,yes
fig-000014,twn310,85.5,yes
fig-000966,twn308,72.0,no
fig-003023,njo0404,90.0,yes
fig-000010,twn311,85.5,yes
fig-001240,twn313,100.0,yes
fig-003023,njo0405,90.0,yes
fig-003023,njo0406,90.0,yes
fig-003023,njo0407,90.0,yes
fig-003023,njo0408,90.0,yes
fig-005446,sh0476,90.0,yes
fig-000004,col308,85.5,yes
fig-000003,col309,85.5,yes
fig-000003,col310,85.5,yes
fig-002076,col311,90.0,yes
fig-000004,pln183,85.5,yes
fig-000004,pln184,85.5,yes
fig-005442,sh0477,90.0,yes
fig-005225,sh0478,90.0,yes
fig-000003,cty0874,85.5,yes
fig-000775,twn314,85.5,yes
fig-002121,twn315,85.5,yes
fig-000463,twn316,85.5,yes
fig-000463,twn317,85.5,yes
fig-000019,frnd236,85.5,yes
fig-000003,frnd237,85.5,yes
fig-000004,gen094,85.5,yes
fig-000001,tls094,85.5,yes
fig-005392,sh0479,91.3,yes
fig-005069,sh0480,90.0,yes
fig-005419,sh0481,90.5,yes
fig-005418,sh0482,90.5,yes
fig-005416,sh0483,90.5,yes
fig-005417,sh0484,90.2,yes
fig-000482,cty0870,90.0,yes
fig-000004,cty0871,85.5,yes
fig-000007,cty0872,85.5,yes
fig-002941,njo0409,100.0,yes
fig-008320,hol113,90.0,yes
fig-008322,hol114,100.0,yes
fig-005423,sh0485,89.1,yes
fig-005422,sh0486,90.9,yes
fig-000061,sw0925,85.5,yes
fig-002176,sh0487,100.0,yes
fig-002175,sh0488,100.0,yes
fig-000004,pln185,85.5,yes
fig-007477,pln186,86.0,yes
fig-000004,47394pb239,85.5,yes
fig-000005,27383pb01,85.5,yes
fig-001722,35735pb01,85.5,yes
fig-000003,dp050,85.5,yes
fig-000007,sh0489,85.5,yes
fig-004580,sh0490,100.0,yes
fig-000001,tls095,85.5,yes
fig-000164,sw0905,85.5,yes
fig-016456,cty0875,90.0,yes
fig-014998,cty0876,90.0,yes
fig-016456,cty0877,90.0,yes
fig-001670,frnd238,87.2,yes
fig-003023,njo0410,90.0,yes
fig-000005,frnd239,85.5,yes
fig-000010,frnd240,85.5,yes
fig-000020,sw0916,85.5,yes
fig-004303,sw0915,90.0,yes
fig-004340,sw0917,100.0,yes
fig-004341,sw0918,100.0,yes
fig-000010,sw0927,85.5,yes
fig-013694,sw0926,90.0,yes
fig-004336,sw0919,85.9,yes
fig-000007,sw0920,85.5,yes
fig-000004,sw0921,85.5,yes
fig-004330,sw0922,94.9,yes
fig-004332,sw0923,89.3,yes
fig-004334,sw0924,100.0,yes
fig-000071,sw0929,85.5,yes
fig-004329,sw0928,100.0,yes
fig-004308,sw0913,89.1,yes
fig-015313,sw0912,90.0,yes
fig-004310,sw0914,90.0,yes
fig-000053,sw0906,85.5,yes
fig-000179,sw0907,85.5,yes
fig-003541,sw0908,87.9,yes
fig-000007,nex134,85.5,yes
fig-002750,njo0411,90.0,yes
fig-000007,njo0412,85.5,yes
fig-002118,njo0413,100.0,yes
fig-000211,cty0878,85.5,yes
fig-000004,nex135,85.5,yes
fig-000007,nex136,85.5,yes
fig-002212,sh0491,90.0,yes
fig-003023,njo0414,90.0,yes
fig-000004,shell001b,85.5,yes
fig-000048,nex137,85.5,yes
fig-003097,nex138,90.9,yes
fig-002911,njo0415,100.0,yes
fig-002910,njo0416,90.0,yes
fig-000010,sh0492,85.5,yes
fig-005421,sh0493,91.0,yes
fig-000077,tls096,85.5,yes
fig-005883,gen097,85.5,yes
fig-000007,frnd241,85.5,yes
fig-000005,cty0879,85.5,yes
fig-000007,cty0883,85.5,yes
fig-000004,sh0494,85.5,yes
fig-011407,sh0495,90.0,yes
fig-000005,sh0503,85.5,yes
fig-000007,sh0504,85.5,yes
fig-005430,sh0498,92.7,yes
fig-005427,sh0506,93.8,yes
fig-005457,sh0507,90.0,yes
fig-005455,sh0508,94.3,yes
fig-005331,sh0509,90.0,yes
fig-000932,sh0510,90.0,yes
fig-012900,sh0496,86.4,yes
fig-013219,frnd242,85.8,yes
fig-000010,frnd243,85.5,yes
fig-000007,sw0909,85.5,yes
fig-004505,sw0911,82.0,no
fig-000007,sw0910,85.5,yes
fig-010888,crs001,94.7,yes
fig-009878,crs002,90.0,yes
fig-011458,crs003,100.0,yes
fig-000053,crs004,85.5,yes
fig-004064,crs005,90.0,yes
fig-011139,crs006,90.0,yes
fig-014065,crs007,90.0,yes
fig-009878,crs008,90.0,yes
fig-014028,crs009,100.0,yes
fig-011934,crs010,100.0,yes
fig-006245,njo0417,100.0,yes
fig-001771,njo0418,90.0,yes
fig-006248,njo0419,87.0,yes
fig-001302,njo0420,85.5,yes
fig-014065,crs011,90.0,yes
fig-002438,crs012,90.0,yes
fig-014027,crs013,100.0,yes
fig-011052,crs014,94.7,yes
fig-001316,crs015,100.0,yes
fig-012197,crs016,90.0,yes
fig-010449,crs017,100.0,yes
fig-014065,crs018,90.0,yes
fig-000010,dp051,85.5,yes
fig-015881,dp052,90.0,yes
fig-005435,sh0512,90.0,yes
fig-005436,sh0511,100.0,yes
fig-000005,sh0505,85.5,yes
fig-000007,sh0502,85.5,yes
fig-005438,sh0501,90.0,yes
fig-005431,sh0500,100.0,yes
fig-000004,cty0884,85.5,yes
fig-000005,cty0885,85.5,yes
fig-005035,sh0499,85.5,yes
fig-000004,cty0886,85.5,yes
fig-004158,sw0933,96.8,yes
fig-002878,njo0421,100.0,yes
fig-002880,njo0422,100.0,yes
fig-005428,sh0497,88.8,yes
fig-000004,dupfig042,85.5,yes
fig-000004,47205pb043a,85.5,yes
fig-000004,47394pb166a,85.5,yes
fig-000007,frnd244,85.5,yes
fig-000007,47394pb247,85.5,yes
fig-005069,47394pb243,90.0,yes
fig-005757,47394pb240,85.5,yes
fig-015881,47394pb241,90.0,yes
fig-000004,47205pb056,85.5,yes
fig-000003,47205pb057,85.5,yes
fig-000003,47205pb055,85.5,yes
fig-000004,47394pb245,85.5,yes
fig-005097,47394pb248,90.0,yes
fig-002798,crs060,73.3,no
fig-002626,crs048,85.5,yes
fig-000004,47394pb249,85.5,yes
fig-000004,47394pb246,85.5,yes
fig-000005,sw0113a,85.5,yes
fig-000004,pln187,85.5,yes
fig-001482,pln188,89.9,yes
fig-000003,pln189,85.5,yes
fig-002806,njo0423,88.9,yes
fig-000007,frnd245,85.5,yes
fig-001808,njo0424,89.2,yes
fig-000006,njo0425,85.5,yes
fig-000010,nex139,85.5,yes
fig-000007,nex140,85.5,yes
fig-001620,hol115,94.7,yes
fig-000004,sw0932,85.5,yes
fig-001160,47394pb242,85.5,yes
fig-000007,cty0887,85.5,yes
fig-000004,47205pb058,85.5,yes
fig-000003,47205pb059,85.5,yes
fig-000012,sc053,85.5,yes
fig-000007,frnd246,85.5,yes
fig-000007,sh0513,85.5,yes
fig-000010,sh0514,85.5,yes
fig-001050,sh0515,90.0,yes
fig-000007,frnd247,85.5,yes
fig-011591,frnd248,88.9,yes
fig-000007,njo0426,85.5,yes
fig-000005,rac036s1,85.5,yes
fig-000005,frnd249,85.5,yes
fig-000003,47205pb028a,85.5,yes
fig-001777,nex141,86.5,yes
fig-003107,nex142,100.0,yes
fig-003108,nex143,100.0,yes
fig-014335,nex144,90.0,yes
fig-002966,hol116,90.0,yes
fig-000004,47205pb030a,85.5,yes
fig-000004,frnd258,85.5,yes
fig-000004,cty0888,85.5,yes
fig-001793,njo0427,100.0,yes
fig-000007,njo0428,85.5,yes
fig-000003,frnd250,85.5,yes
fig-006660,idea038,100.0,yes
fig-006661,idea039,100.0,yes
fig-006659,idea040,100.0,yes
fig-000003,47205pb042a,85.5,yes
fig-000003,njo0429,85.5,yes
fig-000003,njo0430,85.5,yes
fig-000012,sc054,85.5,yes
fig-000012,sc055,85.5,yes
fig-000012,sc056,85.5,yes
fig-000003,frnd251,85.5,yes
fig-000004,frnd252,85.5,yes
fig-000005,dp053,85.5,yes
fig-000211,col312,85.5,yes
fig-001738,col313,90.0,yes
fig-001739,col314,90.0,yes
fig-000211,col315,85.5,yes
fig-001741,col316,90.0,yes
fig-001742,col317,90.0,yes
fig-001743,col318,90.0,yes
fig-000022,col320,85.5,yes
fig-000211,col321,85.5,yes
fig-001747,col322,90.0,yes
fig-000211,col323,85.5,yes
fig-000024,col324,85.5,yes
fig-001750,col325,90.0,yes
fig-001751,col326,90.0,yes
fig-001752,col327,90.0,yes
fig-000211,col328,85.5,yes
fig-000012,sc057,85.5,yes
fig-000010,sc058,85.5,yes
fig-000003,sc059,85.5,yes
fig-006719,tls097,100.0,yes
fig-007523,sc060,90.5,yes
fig-000003,sc061,85.5,yes
fig-000004,sc062,85.5,yes
fig-000932,sc063,90.0,yes
fig-016097,sc065,85.8,yes
fig-016097,sc066,85.8,yes
fig-016097,sc067,85.8,yes
fig-000003,4555pb267,85.5,yes
fig-003391,uagt018s,90.0,yes
fig-001744,col329,90.0,yes
fig-000007,jw018,85.5,yes
fig-000007,jw017,85.5,yes
fig-016176,jw019,90.0,yes
fig-001846,jw020,90.0,yes
fig-002553,jw021,90.0,yes
fig-002554,jw022,90.0,yes
fig-001846,jw023,100.0,yes
fig-000010,jw024,85.5,yes
fig-006015,jw025,100.0,yes
fig-006016,jw026,100.0,yes
fig-006013,jw027,100.0,yes
fig-016177,jw028,90.0,yes
fig-006008,jw029,90.0,yes
fig-006009,jw030,90.0,yes
fig-000004,cty0889,85.5,yes
fig-000005,sp127,85.5,yes
fig-000003,sp128,85.5,yes
fig-006005,jw031,90.0,yes
fig-000004,jw032,85.5,yes
fig-000010,jw033,85.5,yes
fig-000007,jw034,85.5,yes
fig-000007,jw035,85.5,yes
fig-000004,jw036,85.5,yes
fig-006027,incr002,100.0,yes
fig-006031,incr005,100.0,yes
fig-006028,incr004,100.0,yes
fig-006026,incr003,100.0,yes
fig-006030,incr001,90.0,yes
fig-000010,jw037,85.5,yes
fig-000007,jw038,85.5,yes
fig-000007,jw039,85.5,yes
fig-010477,sw0930,95.1,yes
fig-003596,dp054,90.4,yes
fig-000585,incr006,85.5,yes
fig-006034,incr007,100.0,yes
fig-006032,incr008,100.0,yes
fig-006029,incr009,100.0,yes
fig-000004,sw0931,85.5,yes
fig-000007,crs019,85.5,yes
fig-001809,njo0431,100.0,yes
fig-000007,jw040,85.5,yes
fig-000962,jw041,100.0,yes
fig-000005,cty0890,85.5,yes
fig-001850,nex145,100.0,yes
fig-000775,twn318,85.5,yes
fig-003387,twn319,85.5,yes
fig-003279,twn320,85.5,yes
fig-005278,twn321,80.0,no
fig-000003,twn322,85.5,yes
fig-000020,twn323,85.5,yes
fig-003492,twn324,85.5,yes
fig-000004,twn325,85.5,yes
fig-003492,twn326,85.5,yes
fig-000956,twn327,77.1,no
fig-008421,twn328,90.0,yes
fig-012447,gen098,100.0,yes
fig-001800,sw0935,100.0,yes
fig-011923,sw0934,90.0,yes
fig-000010,crs020,85.5,yes
fig-014065,crs021,90.0,yes
fig-011458,crs022,95.0,yes
fig-011643,crs023,90.0,yes
fig-009878,crs024,90.0,yes
fig-000004,chef025,85.5,yes
fig-000004,47394pb250,85.5,yes
fig-000003,cty0891,85.5,yes
fig-000053,crs030,85.5,yes
fig-012094,njo0432,90.0,yes
fig-014065,crs049,90.0,yes
fig-001316,crs054,90.0,yes
fig-014748,crs053,90.0,yes
fig-014062,crs052,95.0,yes
fig-001052,crs050,90.0,yes
fig-000010,crs025,85.5,yes
fig-011139,crs061,90.0,yes
fig-014049,crs057,95.0,yes
fig-014033,crs059,90.0,yes
fig-000020,crs027,85.5,yes
fig-014039,crs063,95.0,yes
fig-014073,crs062,95.0,yes
fig-011138,crs028,90.0,yes
fig-000007,crs026,85.5,yes
fig-000004,cty0892,85.5,yes
fig-008188,cty0893,95.0,yes
fig-000032,cty0894,85.5,yes
fig-000005,cty0895,85.5,yes
fig-000164,cty0896,85.5,yes
fig-008191,cty0897,85.5,yes
fig-000004,cty0898,85.5,yes
fig-000004,cty0899,85.5,yes
fig-000004,cty0900,85.5,yes
fig-000003,cty0901,85.5,yes
fig-008192,cty0902,91.0,yes
fig-016461,crs029,85.5,yes
fig-000061,gen099,85.5,yes
fig-001852,njo0433,88.7,yes
fig-000004,cty0903,85.5,yes
fig-000010,gen100,85.5,yes
fig-000005,gen101,85.5,yes
fig-000005,gen102,85.5,yes
fig-000003,47205pb062,85.5,yes
fig-000004,47394pb251,85.5,yes
fig-000004,jw042,85.5,yes
fig-010630,gen103,92.7,yes
fig-000007,gen104,85.5,yes
fig-000010,sw0939,85.5,yes
fig-000099,sw0958,85.5,yes
fig-000007,sw0944,85.5,yes
fig-003799,sw0943,87.9,yes
fig-000012,cty0904,85.5,yes
fig-007220,cty0905,100.0,yes
fig-000004,cty0906,85.5,yes
fig-000001,gen105,85.5,yes
fig-000003,gen106,85.5,yes
fig-016248,sh0516,90.0,yes
fig-000007,sh0517,85.5,yes
fig-001406,sh0518,85.5,yes
fig-007657,gen107,100.0,yes
fig-000004,gen108,85.5,yes
fig-000003,oct012new,85.5,yes
fig-003162,njo0439,100.0,yes
fig-003160,njo0440,100.0,yes
fig-003167,njo0441,100.0,yes
fig-003159,njo0442,100.0,yes
fig-003161,njo0443,100.0,yes
fig-003071,njo0444,90.0,yes
fig-000009,njo0438,85.5,yes
fig-003163,njo0437,100.0,yes
fig-002141,njo0436,85.5,yes
fig-003168,njo0435,100.0,yes
fig-003169,njo0434,100.0,yes
fig-000005,cty0907,85.5,yes
fig-009848,cty0908,91.4,yes
fig-000004,cty0909,85.5,yes
fig-000005,cty0910,85.5,yes
fig-000005,cty0911,85.5,yes
fig-009852,cty0912,88.9,yes
fig-000004,cty0913,85.5,yes
fig-000014,cty0914,85.5,yes
fig-000004,cty0915,85.5,yes
fig-000003,cty0916,85.5,yes
fig-000003,cty0917,85.5,yes
fig-000032,cty0918,85.5,yes
fig-000004,cty0919,85.5,yes
fig-000004,cty0920,85.5,yes
fig-000004,cty0921,85.5,yes
fig-000005,twn329,85.5,yes
fig-000004,twn330,85.5,yes
fig-000004,twn331,85.5,yes
fig-000003,twn332,85.5,yes
fig-000003,cty0922,85.5,yes
fig-000269,coluni01,85.5,yes
fig-000269,coluni02,85.5,yes
fig-000269,coluni03,85.5,yes
fig-000269,coluni04,85.5,yes
fig-000269,coluni05,85.5,yes
fig-000269,coluni06,85.5,yes
fig-000269,coluni07,85.5,yes
fig-000269,coluni08,85.5,yes
fig-000269,coluni09,85.5,yes
fig-000269,coluni10,85.5,yes
fig-000269,coluni11,85.5,yes
fig-000269,coluni12,85.5,yes
fig-000163,elf057,85.5,yes
fig-000085,twn333,85.5,yes
fig-000932,twn334,90.0,yes
fig-000004,jw043,85.5,yes
fig-006017,jw044,90.2,yes
fig-004266,sw0956,90.0,yes
fig-000007,sw0945,85.5,yes
fig-001819,sh0519,94.5,yes
fig-000003,frnd253,85.5,yes
fig-000004,frnd254,85.5,yes
fig-001785,incr010,100.0,yes
fig-004328,sw0941,90.0,yes
fig-004327,sw0940,100.0,yes
fig-004326,sw0942,100.0,yes
fig-014736,hp155,90.0,yes
fig-000116,cty0923,85.5,yes
fig-000898,cty0924,90.0,yes
fig-000010,frnd255,85.5,yes
fig-000007,frnd256,85.5,yes
fig-000005,twn335,85.5,yes
fig-000022,twn336,85.5,yes
fig-000004,twn337,85.5,yes
fig-000003,47394pb011c,85.5,yes
fig-000004,cty0925,85.5,yes
fig-001288,cty0926,90.0,yes
fig-001288,cty0927,90.0,yes
fig-001788,cty0928,96.8,yes
fig-007216,cty0929,95.0,yes
fig-000004,twn338,85.5,yes
fig-000003,twn339,85.5,yes
fig-000020,twn340,85.5,yes
fig-001853,njo0445,100.0,yes
fig-000007,frnd259,85.5,yes
fig-002729,njo0446,86.9,yes
fig-004266,sw0936,90.0,yes
fig-004518,sw0957,89.5,yes
fig-000007,sw0946,85.5,yes
fig-000004,hp134,85.5,yes
fig-000053,hp135,85.5,yes
fig-000053,hp136,85.5,yes
fig-000053,hp137,85.5,yes
fig-016076,hp138,90.0,yes
fig-003084,hp139,86.3,yes
fig-006120,hp140,90.0,yes
fig-006193,hp141,91.1,yes
fig-000010,hp142,85.5,yes
fig-016076,hp143,90.0,yes
fig-000005,hp144,85.5,yes
fig-006187,hp145,100.0,yes
fig-000007,hp146,85.5,yes
fig-006185,hp147,88.5,yes
fig-006186,hp148,90.3,yes
fig-000004,hp149,85.5,yes
fig-001818,hp150,90.5,yes
fig-006107,hp151,95.2,yes
fig-000061,hp152,85.5,yes
fig-008878,zip046,88.0,yes
fig-010738,edu006,100.0,yes
fig-004164,sw0938,86.4,yes
fig-004163,sw0937,100.0,yes
fig-016076,hp153,90.0,yes
fig-006167,hp156,85.7,yes
fig-006181,hp157,86.5,yes
fig-000053,hp154,85.5,yes
fig-006182,hp158,95.9,yes
fig-000072,njo0452,85.5,yes
fig-000072,njo0451,85.5,yes
fig-000061,njo0449,85.5,yes
fig-000061,njo0453,85.5,yes
fig-000072,njo0450,85.5,yes
fig-000005,frnd260,85.5,yes
fig-002897,njo0447,88.2,yes
fig-010942,njo0448,90.0,yes
fig-000003,cty0502a,85.5,yes
fig-004325,sw0947,96.7,yes
fig-004321,sw0948,96.4,yes
fig-000010,sw0949,85.5,yes
fig-004323,sw0950,100.0,yes
fig-000166,sw0951,85.5,yes
fig-000039,sw0952,85.5,yes
fig-004356,sw0953,100.0,yes
fig-000007,sw0954,85.5,yes
fig-004357,sw0955,100.0,yes
fig-000007,sw0961,85.5,yes
fig-000004,sw0960,85.5,yes
fig-010478,sw0959,100.0,yes
fig-000049,gen109,85.5,yes
fig-000004,trn115a,85.5,yes
fig-010428,splc007,98.0,yes
fig-000080,gen110,85.5,yes
fig-000049,gen111,85.5,yes
fig-000302,col330,85.5,yes
fig-001316,sh0520,90.0,yes
fig-011688,sh0521,90.0,yes
fig-005103,sw0963,100.0,yes
fig-000003,ext001a,85.5,yes
fig-009479,sw0847a,90.0,yes
fig-000061,nex146,85.5,yes
fig-003802,sw0969,100.0,yes
fig-014453,njo0454,91.7,yes
fig-002190,sh0522,100.0,yes
fig-002188,sh0523,100.0,yes
fig-006175,hp159,100.0,yes
fig-006178,hp160,100.0,yes
fig-006176,hp161,100.0,yes
fig-006177,hp162,100.0,yes
fig-000004,trn242,85.5,yes
fig-000004,trn243,85.5,yes
fig-000004,trn244,85.5,yes
fig-000007,cty0930,85.5,yes
fig-000004,trn246,85.5,yes
fig-000004,trn245,85.5,yes
fig-002081,twn341,100.0,yes
fig-000004,trn247,85.5,yes
fig-000003,belvfemale20c,85.5,yes
fig-000029,colhp14,85.5,yes
fig-000075,colhp16,85.5,yes
fig-016076,colhp12,90.0,yes
fig-016076,colhp07,90.0,yes
fig-000075,colhp21,85.5,yes
fig-016076,colhp08,90.0,yes
fig-016076,colhp10,90.0,yes
fig-016076,colhp04,90.0,yes
fig-000045,colhp13,85.5,yes
fig-000043,colhp15,85.5,yes
fig-000043,colhp01,85.5,yes
fig-000043,colhp02,85.5,yes
fig-016076,colhp19,90.0,yes
fig-016076,colhp09,90.0,yes
fig-016076,colhp05,90.0,yes
fig-000045,colhp06,85.5,yes
fig-001559,colhp17,90.0,yes
fig-016076,colhp22,90.0,yes
fig-000075,colhp20,85.5,yes
fig-000043,colhp03,85.5,yes
fig-000045,colhp11,85.5,yes
fig-016076,colhp18,90.0,yes
fig-001854,njo0455,91.3,yes
fig-001557,hp163,90.0,yes
fig-001052,hp164,90.0,yes
fig-001559,hp165,90.0,yes
fig-001839,hp166,90.0,yes
fig-000004,trn248,85.5,yes
fig-000004,trn249,85.5,yes
fig-000003,trn250,85.5,yes
fig-000004,47394pb252,85.5,yes
fig-000003,47205pb063,85.5,yes
fig-000061,njo0456,85.5,yes
fig-000061,njo0457,85.5,yes
fig-000007,njo0458,85.5,yes
fig-000007,njo0459,85.5,yes
fig-000048,njo0460,85.5,yes
fig-002906,njo0461,100.0,yes
fig-001483,njo0462,85.5,yes
fig-002903,njo0463,100.0,yes
fig-001992,njo0464,100.0,yes
fig-000164,sw0962,85.5,yes
fig-006201,hp167,100.0,yes
fig-006202,hp168,100.0,yes
fig-002560,twn342,100.0,yes
fig-000003,twn343,85.5,yes
fig-000004,47394pb253,85.5,yes
fig-002904,njo0465,100.0,yes
fig-002802,njo0466,100.0,yes
fig-001896,njo0467,90.0,yes
fig-002791,njo0468,100.0,yes
fig-000007,njo0469,85.5,yes
fig-002899,njo0470,100.0,yes
fig-005414,sh0524,90.0,yes
fig-000010,sh0525,85.5,yes
fig-000004,sh0526,85.5,yes
fig-000003,frnd261,85.5,yes
fig-000007,frnd262,85.5,yes
fig-010335,frnd263,88.1,yes
fig-000005,belvfemale24c,85.5,yes
fig-000007,frnd264,85.5,yes
fig-000010,frnd265,85.5,yes
fig-000007,frnd266,85.5,yes
fig-000007,frnd267,85.5,yes
fig-001288,cty0931,90.0,yes
fig-014754,uni01,90.0,yes
fig-013017,tms12,85.5,yes
fig-000007,uni02,85.5,yes
fig-000007,uni03,85.5,yes
fig-003278,uni04,85.5,yes
fig-000007,dp055,85.5,yes
fig-003586,dp056,100.0,yes
fig-001820,sh0527,96.3,yes
fig-008405,uni05,100.0,yes
fig-008406,uni06,100.0,yes
fig-003023,njo0471,90.0,yes
fig-000045,uni07,85.5,yes
fig-000020,uni08,85.5,yes
fig-008395,uni09,100.0,yes
fig-008396,uni10,100.0,yes
fig-000007,sh0528,85.5,yes
fig-005448,sh0529,100.0,yes
fig-005448,sh0530,90.0,yes
fig-000010,sh0531,85.5,yes
fig-001511,cty0932,85.5,yes
fig-009567,cty0933,100.0,yes
fig-000004,cty0934,85.5,yes
fig-000004,cty0935,85.5,yes
fig-000010,cty0936,85.5,yes
fig-003070,cty0937,75.0,no
fig-000003,cty0938,85.5,yes
fig-000004,cty0939,85.5,yes
fig-001113,cty0940,90.0,yes
fig-015815,cty0941,85.5,yes
fig-014959,cty0942,90.0,yes
fig-000012,cty0943,85.5,yes
fig-009564,cty0944,89.9,yes
fig-008393,uni11,90.0,yes
fig-012431,uni12,100.0,yes
fig-012432,uni13,100.0,yes
fig-012433,uni14,100.0,yes
fig-008400,uni15,100.0,yes
fig-012434,uni16,100.0,yes
fig-008401,uni17,100.0,yes
fig-012435,uni18,100.0,yes
fig-012436,uni19,100.0,yes
fig-006672,uni20,100.0,yes
fig-008403,uni21,100.0,yes
fig-012438,uni22,100.0,yes
fig-000061,njo0472,85.5,yes
fig-000010,njo0473,85.5,yes
fig-011585,njo0474,90.0,yes
fig-000072,njo0475,85.5,yes
fig-002814,njo0476,86.7,yes
fig-015024,njo0477,90.0,yes
fig-000166,90398pb018,85.5,yes
fig-016076,90398pb016,90.0,yes
fig-000061,90398pb019,85.5,yes
fig-000007,90398pb017,85.5,yes
fig-000061,90398pb015,85.5,yes
fig-000166,90398pb020,85.5,yes
fig-000166,90398pb023,85.5,yes
fig-000166,90398pb022,85.5,yes
fig-000166,90398pb024,85.5,yes
fig-015056,90398pb021,90.0,yes
fig-006120,90398pb025,90.0,yes
fig-000166,90398pb026,85.5,yes
fig-000005,sp053b,85.5,yes
fig-000010,sp059a,85.5,yes
fig-000007,uni23,85.5,yes
fig-004181,sw0970,90.0,yes
fig-000010,sw0971,85.5,yes
fig-000053,sw0972,85.5,yes
fig-000125,sw0973,85.5,yes
fig-000010,sw0974,85.5,yes
fig-000007,sw0975,85.5,yes
fig-000029,sw0976,85.5,yes
fig-000007,90398pb027,85.5,yes
fig-000007,90398pb028,85.5,yes
fig-000010,90398pb029,85.5,yes
fig-013049,90398pb030,90.0,yes
fig-013049,90398pb031,90.0,yes
fig-013048,90398pb033,90.0,yes
fig-013048,90398pb034,90.0,yes
fig-013048,90398pb035,90.0,yes
fig-013049,90398pb032,90.0,yes
fig-000368,90398pb036,85.5,yes
fig-000007,90398pb037,85.5,yes
fig-000007,90398pb038,85.5,yes
fig-000005,dp057,85.5,yes
fig-006546,sh0532,90.0,yes
fig-000003,frnd268,85.5,yes
fig-003742,sw0964,96.1,yes
fig-012482,sw0965,86.7,yes
fig-000007,sw0966,85.5,yes
fig-000010,sw0967,85.5,yes
fig-000061,nex147,85.5,yes
fig-002899,njo0478,90.0,yes
fig-000309,sw0968,85.5,yes
fig-000007,tlm101,85.5,yes
fig-006179,hp169,97.4,yes
fig-000003,frnd269,85.5,yes
fig-005448,njo0479,90.0,yes
fig-000038,tlm102,85.5,yes
fig-008392,uni24,90.0,yes
fig-008391,uni25,100.0,yes
fig-008393,uni26,90.0,yes
fig-000005,frnd270,85.5,yes
fig-000005,frnd271,85.5,yes
fig-001896,njo0480,100.0,yes
fig-000005,frnd272,85.5,yes
fig-000003,frnd273,85.5,yes
fig-000003,47394pb254,85.5,yes
fig-000003,47394pb255,85.5,yes
fig-000003,47394pb256,85.5,yes
fig-000004,sw0977,85.5,yes
fig-000005,trn251,85.5,yes
fig-000034,min063,85.5,yes
fig-000168,min064,85.5,yes
fig-000010,twn245a,85.5,yes
fig-000007,sw0880a,85.5,yes
fig-000004,hol117,85.5,yes
fig-015511,hol118,90.0,yes
fig-000004,hol119,85.5,yes
fig-000005,hol120,85.5,yes
fig-000005,hol121,85.5,yes
fig-000536,hol122,90.0,yes
fig-000005,hol123,85.5,yes
fig-000007,hol124,85.5,yes
fig-016201,dp058,90.0,yes
fig-001815,sh0533,91.4,yes
fig-002553,col331,90.0,yes
fig-001846,col332,90.0,yes
fig-000005,col333,85.5,yes
fig-000007,frnd274,85.5,yes
fig-000006,njo0481,85.5,yes
fig-011948,njo0482,90.0,yes
fig-000007,frnd275,85.5,yes
fig-010337,frnd276,85.6,yes
fig-000003,frnd277,85.5,yes
fig-000005,frnd278,85.5,yes
fig-004890,col334,90.0,yes
fig-008794,col335,90.0,yes
fig-011608,col336,90.0,yes
fig-000004,col337,85.5,yes
fig-000007,dp059,85.5,yes
fig-000010,sh0534,85.5,yes
fig-000004,hol125,85.5,yes
fig-000003,hol126,85.5,yes
fig-000004,hol127,85.5,yes
fig-000004,hol128,85.5,yes
fig-007567,hol129,88.2,yes
fig-000010,sh0535,85.5,yes
fig-003023,njo0391a,90.0,yes
fig-000516,sw0981,85.5,yes
fig-000163,sw0982,85.5,yes
fig-000007,47394pb258,85.5,yes
fig-000007,47394pb257,85.5,yes
fig-000029,hol130,85.5,yes
fig-000575,nex148,90.0,yes
fig-001893,col338,100.0,yes
fig-000005,sw0983,85.5,yes
fig-000003,twn344,85.5,yes
fig-008280,twn346,86.8,yes
fig-000004,twn345,85.5,yes
fig-000004,twn347,85.5,yes
fig-002315,56487,85.5,yes
fig-002320,bio028,100.0,yes
fig-002488,bio029,100.0,yes
fig-000004,cty0945,85.5,yes
fig-000163,elf058,85.5,yes
fig-003496,elf059,100.0,yes
fig-006258,njo0483,100.0,yes
fig-000053,njo0484,85.5,yes
fig-011948,njo0485,90.0,yes
fig-006256,njo0486,90.0,yes
fig-000004,hp170,85.5,yes
fig-006263,hp171,90.0,yes
fig-015056,hp172,90.0,yes
fig-000004,hp173,85.5,yes
fig-002315,56485,85.5,yes
fig-008421,idea041,100.0,yes
fig-008424,idea042,100.0,yes
fig-008423,idea043,100.0,yes
fig-000007,90398pb039,85.5,yes
fig-003293,ppg001,100.0,yes
fig-003295,ppg002,100.0,yes
fig-000757,ppg003,77.1,no
fig-000092,ppg004,85.5,yes
fig-003296,ppg005,90.0,yes
fig-008422,idea045,100.0,yes
fig-016201,dp060,90.0,yes
fig-000029,njo0475a,85.5,yes
fig-000007,sh0112a,85.5,yes
fig-000005,cty0946,85.5,yes
fig-000004,gen112,85.5,yes
fig-010261,nex149,90.0,yes
fig-001181,sw0994,85.5,yes
fig-000004,sw0991,85.5,yes
fig-002260,sw0988,85.5,yes
fig-000070,LLP006,85.5,yes
fig-006813,hol131a,89.7,yes
fig-000004,hol132,85.5,yes
fig-003533,sw1000,85.5,yes
fig-000005,sw0995,85.5,yes
fig-000005,sw1001,85.5,yes
fig-004343,sw0989,95.8,yes
fig-004342,sw0990,89.2,yes
fig-000007,sw0992,85.5,yes
fig-005025,sw0997,90.0,yes
fig-000005,sw0999,85.5,yes
fig-000012,sw0996,85.5,yes
fig-006813,hol131,89.7,yes
fig-010958,njo0489,90.0,yes
fig-001813,col340,100.0,yes
fig-000004,cty0947,85.5,yes
fig-000005,cty0948,85.5,yes
fig-000004,cty0949,85.5,yes
fig-000004,cty0950,85.5,yes
fig-000004,twn348,85.5,yes
fig-000003,twn349,85.5,yes
fig-000003,twn350,85.5,yes
fig-000007,twn351,85.5,yes
fig-000003,twn352,85.5,yes
fig-000004,twn353,85.5,yes
fig-000004,twn354,85.5,yes
fig-007667,twn355,87.8,yes
fig-003055,njo0487,100.0,yes
fig-010480,sw0998,100.0,yes
fig-001910,tlm103,90.0,yes
fig-000072,tlm104,85.5,yes
fig-000010,hol045a,85.5,yes
fig-000019,hol045b,85.5,yes
fig-001932,sw0985,90.0,yes
fig-010488,tech012a,98.3,yes
fig-002905,njo0488,100.0,yes
fig-006612,ow001,90.0,yes
fig-006613,ow002,90.0,yes
fig-006610,ow003,90.0,yes
fig-006609,ow004,90.0,yes
fig-006611,ow005,100.0,yes
fig-006604,ow006,90.0,yes
fig-006605,ow007,90.0,yes
fig-003607,ow008,90.0,yes
fig-006608,ow009,90.0,yes
fig-006607,ow010,90.0,yes
fig-003604,ow011,90.0,yes
fig-003605,ow012,90.0,yes
fig-003606,ow013,90.0,yes
fig-001953,sh0536,90.0,yes
fig-005069,sh0537,90.0,yes
fig-000010,sh0538,85.5,yes
fig-005495,sh0539,100.0,yes
fig-001953,sh0540,90.0,yes
fig-005609,sh0541,90.0,yes
fig-010656,sh0542,90.0,yes
fig-011309,sh0543,90.0,yes
fig-004955,sh0544,90.0,yes
fig-005569,sh0545,90.6,yes
fig-001953,sh0546,90.0,yes
fig-000004,sh0547,85.5,yes
fig-000005,sh0548,85.5,yes
fig-000009,sh0549,90.0,yes
fig-005483,sh0550,94.1,yes
fig-005484,sh0551,90.0,yes
fig-000004,sh0552,85.5,yes
fig-005583,sh0553,85.5,yes
fig-004898,sh0554,90.0,yes
fig-000005,sh0555,85.5,yes
fig-012638,47394pb259,90.0,yes
fig-000005,tlm105,85.5,yes
fig-000005,sw0986,85.5,yes
fig-002260,sw0987,85.5,yes
fig-000004,sw1003,85.5,yes
fig-000004,sw1002,85.5,yes
fig-000010,tlm106,85.5,yes
fig-007014,tlm107,90.0,yes
fig-000005,tlm108,85.5,yes
fig-000005,tlm109,85.5,yes
fig-000003,tlm110,85.5,yes
fig-001946,tlm112,90.0,yes
fig-000072,tlm113,85.5,yes
fig-007052,tlm114,100.0,yes
fig-001910,tlm115,90.0,yes
fig-006275,tlm116,90.0,yes
fig-000027,cty0951,85.5,yes
fig-006002,cty0952,85.5,yes
fig-001674,frnd280,87.0,yes
fig-010326,frnd281,88.2,yes
fig-000005,frnd282,85.5,yes
fig-001910,tlm117,90.0,yes
fig-000007,frnd283,85.5,yes
fig-000898,cty0953,90.0,yes
fig-000007,cty0954,85.5,yes
fig-000004,cty0955,85.5,yes
fig-000007,tlm118,85.5,yes
fig-007067,tlm119,100.0,yes
fig-001948,nex150,100.0,yes
fig-000061,tlm120,85.5,yes
fig-007056,tlm121,100.0,yes
fig-007057,tlm122,100.0,yes
fig-000007,frnd284,85.5,yes
fig-000004,sw1004,85.5,yes
fig-000004,frnd285,85.5,yes
fig-000003,frnd286,85.5,yes
fig-006275,tlm123,90.0,yes
fig-006275,tlm124,90.0,yes
fig-000004,twn356,85.5,yes
fig-001612,twn357,90.0,yes
fig-000004,twn358,85.5,yes
fig-000005,twn359,85.5,yes
fig-000004,twn360,85.5,yes
fig-000004,twn361,85.5,yes
fig-000005,frnd287,85.5,yes
fig-000005,frnd288,85.5,yes
fig-000003,frnd289,85.5,yes
fig-000004,cty0473a,85.5,yes
fig-000004,twn362,85.5,yes
fig-000004,twn363,85.5,yes
fig-000004,cty0956,85.5,yes
fig-000004,cty0957,85.5,yes
fig-000007,frnd290,85.5,yes
fig-000003,cty0958,85.5,yes
fig-000004,cty0959,85.5,yes
fig-005488,sh0556,100.0,yes
fig-000004,sh0557,85.5,yes
fig-000004,frnd291,85.5,yes
fig-000061,dp061,85.5,yes
fig-000005,dp062,85.5,yes
fig-000072,tlm125,85.5,yes
fig-007047,tlm127,100.0,yes
fig-007048,tlm128,100.0,yes
fig-000053,tlm126,85.5,yes
fig-000005,frnd292,85.5,yes
fig-000005,frnd293,85.5,yes
fig-000061,min065,85.5,yes
fig-000003,frnd294,85.5,yes
fig-000003,frnd295,85.5,yes
fig-000005,dp063,85.5,yes
fig-000029,dp064,85.5,yes
fig-000007,dp065,85.5,yes
fig-000005,cty0960,85.5,yes
fig-000003,cty0961,85.5,yes
fig-001910,tlm129,90.0,yes
fig-000004,tlm130,85.5,yes
fig-007090,tlm131,100.0,yes
fig-007097,tlm132,100.0,yes
fig-000053,tlm133,85.5,yes
fig-007089,tlm134,94.7,yes
fig-007094,tlm135,95.5,yes
fig-007093,tlm136,100.0,yes
fig-007095,tlm137,100.0,yes
fig-000053,tlm138,85.5,yes
fig-000022,tlm139,85.5,yes
fig-012440,tlm141,100.0,yes
fig-000007,tlm140,85.5,yes
fig-000005,frnd296,85.5,yes
fig-000004,frnd297,85.5,yes
fig-000024,gen113,85.5,yes
fig-000092,gen115,85.5,yes
fig-000012,sc068,85.5,yes
fig-016099,sc069,85.8,yes
fig-010730,gen116,77.1,no
fig-000421,gen117,85.5,yes
fig-000009,gen118,85.5,yes
fig-000049,gen119,85.5,yes
fig-000005,cty0963,85.5,yes
fig-000005,cty0962,85.5,yes
fig-000211,cty0964,85.5,yes
fig-002671,frnd298,86.1,yes
fig-000004,frnd299,85.5,yes
fig-000007,frnd300,85.5,yes
fig-000049,gen120,85.5,yes
fig-000049,gen121,85.5,yes
fig-000049,gen122,85.5,yes
fig-000024,gen123,85.5,yes
fig-000024,gen124,85.5,yes
fig-000024,gen125,85.5,yes
fig-000024,gen126,85.5,yes
fig-000085,gen127,85.5,yes
fig-000085,gen128,85.5,yes
fig-013292,tls098,90.0,yes
fig-000001,gen132,85.5,yes
fig-001534,gen131,85.5,yes
fig-000005,cty0965,85.5,yes
fig-000004,cty0966,85.5,yes
fig-000004,sp003new2,85.5,yes
fig-000006,njo0490,85.5,yes
fig-011948,njo0491,90.0,yes
fig-000007,njo0492,85.5,yes
fig-010960,njo0493,90.0,yes
fig-010966,njo0494,90.0,yes
fig-000010,njo0495,85.5,yes
fig-000007,njo0496,85.5,yes
fig-000005,cty0967,85.5,yes
fig-000003,cty0968,85.5,yes
fig-000004,cty0969,85.5,yes
fig-000003,cty0970,85.5,yes
fig-000003,cty0971,85.5,yes
fig-000003,cty0972,85.5,yes
fig-000771,dp066,90.0,yes
fig-003590,dp067,90.0,yes
fig-000003,cty0973,85.5,yes
fig-000007,cty0974,85.5,yes
fig-000005,cty0975,85.5,yes
fig-000879,njo0497,90.0,yes
fig-000256,njo0498,90.0,yes
fig-000003,cty0976,85.5,yes
fig-000004,cty0978,85.5,yes
fig-000004,cty0979,85.5,yes
fig-000898,cty0980,90.0,yes
fig-014168,sc070,90.0,yes
fig-014168,sc071,90.0,yes
fig-000004,sc073,85.5,yes
fig-000932,sc074,90.0,yes
fig-000004,cty0981,85.5,yes
fig-000061,tlm142,85.5,yes
fig-000004,cty0982,85.5,yes
fig-000005,cty0983,85.5,yes
fig-000006,njo0499,85.5,yes
fig-000059,njo0500,85.5,yes
fig-000053,njo0501,85.5,yes
fig-000007,cty0984,85.5,yes
fig-000004,cty0985,85.5,yes
fig-001019,cty0986,90.0,yes
fig-000010,cty0987,85.5,yes
fig-000771,dp068,90.0,yes
fig-000005,cty0988,85.5,yes
fig-000005,cty0989,85.5,yes
fig-000003,frnd301,85.5,yes
fig-000004,sc075,85.5,yes
fig-002428,sc072,90.0,yes
fig-000012,sc076,85.5,yes
fig-000012,sc077,85.5,yes
fig-000004,cty0990,85.5,yes
fig-000005,cty0991,85.5,yes
fig-001344,njo0502,90.0,yes
fig-002728,njo0503,90.0,yes
fig-002724,njo0504,90.0,yes
fig-000004,cty0992,85.5,yes
fig-000004,cty0993,85.5,yes
fig-000004,cty0994,85.5,yes
fig-000005,cty0995,85.5,yes
fig-009433,cty0996,85.7,yes
fig-000005,cty0997,85.5,yes
fig-000004,cty0998,85.5,yes
fig-000007,cty0999,85.5,yes
fig-010486,47205pb064,85.5,yes
fig-001910,47205pb065,90.0,yes
fig-000004,47394pb260,85.5,yes
fig-000003,twn364,85.5,yes
fig-002574,njo0505,90.0,yes
fig-004301,sw1005,92.5,yes
fig-000061,tlm143,85.5,yes
fig-000010,hol133,85.5,yes
fig-000007,hol135,85.5,yes
fig-000005,hol134,85.5,yes
fig-000010,hol136,85.5,yes
fig-000003,hol137,85.5,yes
fig-000038,njo0506,85.5,yes
fig-000032,njo0507,85.5,yes
fig-000059,njo0508,85.5,yes
fig-000005,sw1032,85.5,yes
fig-000007,njo0509,85.5,yes
fig-000003,frnd302,85.5,yes
fig-000005,cty1000,85.5,yes
fig-001946,tlm144,90.0,yes
fig-001946,tlm145,90.0,yes
fig-007072,tlm147,97.1,yes
fig-000049,tlm148,85.5,yes
fig-000049,tlm149,85.5,yes
fig-000049,tlm150,85.5,yes
fig-000049,tlm151,85.5,yes
fig-000049,tlm152,85.5,yes
fig-000049,tlm153,85.5,yes
fig-000049,tlm154,85.5,yes
fig-000049,tlm155,85.5,yes
fig-000049,tlm156,85.5,yes
fig-003304,tlm157,90.0,yes
fig-000049,tlm158,85.5,yes
fig-007024,tlm159,90.0,yes
fig-000049,tlm160,85.5,yes
fig-000049,tlm161,85.5,yes
fig-000049,tlm162,85.5,yes
fig-000049,tlm163,85.5,yes
fig-000049,tlm164,85.5,yes
fig-000049,tlm165,85.5,yes
fig-000004,tlm166,85.5,yes
fig-000049,tlm167,85.5,yes
fig-000003,cty1001,85.5,yes
fig-016508,min066,90.0,yes
fig-006529,min067,100.0,yes
fig-006527,min068,100.0,yes
fig-000005,frnd303,85.5,yes
fig-000048,cty1002,85.5,yes
fig-000004,4943pb002a,85.5,yes
fig-000003,47394pb114a,85.5,yes
fig-011681,hol138,85.5,yes
fig-011681,hol139,85.5,yes
fig-003150,njo0510,90.9,yes
fig-003149,njo0511,90.0,yes
fig-003149,njo0512,90.0,yes
fig-015107,tlm169,90.0,yes
fig-007306,hol140,85.5,yes
fig-008421,hol141,90.0,yes
fig-011681,hol142,85.5,yes
fig-011681,hol143,85.5,yes
fig-007055,tlm170,90.0,yes
fig-007074,tlm171,100.0,yes
fig-007074,tlm172,90.0,yes
fig-003023,njo0513,90.0,yes
fig-003023,njo0514,90.0,yes
fig-000005,cty1003,85.5,yes
fig-006477,min069,90.0,yes
fig-000019,rsq004a,85.5,yes
fig-000019,rsq008a,85.5,yes
fig-000005,rsq009a,85.5,yes
fig-000003,belvmale21,85.5,yes
fig-000005,cty1004,85.5,yes
fig-010425,sp129,95.0,yes
fig-006275,tlm173,90.0,yes
fig-000004,4555pb062a,85.5,yes
fig-000005,cty1005,85.5,yes
fig-000007,sw1031,85.5,yes
fig-000270,sw1029,85.5,yes
fig-001235,sw1028,90.0,yes
fig-000278,sw1024,85.5,yes
fig-000029,sw1023,85.5,yes
fig-000125,sw1027,85.5,yes
fig-000010,sw1025,85.5,yes
fig-000003,sw1026,85.5,yes
fig-000278,sw1022,85.5,yes
fig-004361,sw1020,100.0,yes
fig-000004,sw1021,85.5,yes
fig-002522,sw1006,85.5,yes
fig-000007,sw1007,85.5,yes
fig-000010,sw1009,85.5,yes
fig-000003,sw1008,85.5,yes
fig-004403,sw1010,100.0,yes
fig-000427,sw1011,85.5,yes
fig-004404,sw1012,100.0,yes
fig-009479,sw1013,90.0,yes
fig-004429,sw1018,100.0,yes
fig-000010,sw1019,85.5,yes
fig-000003,sw1014,85.5,yes
fig-000003,sw1016,85.5,yes
fig-002041,sw1033,90.9,yes
fig-006445,idea044,100.0,yes
fig-006443,idea046,100.0,yes
fig-006446,idea047,100.0,yes
fig-006444,idea048,100.0,yes
fig-000010,aqu030,85.5,yes
fig-010482,sw1017,90.0,yes
fig-000005,sw1035,85.5,yes
fig-000219,sw1036,85.5,yes
fig-000010,aqu031,85.5,yes
fig-012480,sw1030,85.7,yes
fig-000038,njo0515,85.5,yes
fig-001946,tlm174,90.0,yes
fig-000007,njo0321a,85.5,yes
fig-000005,tlm175,85.5,yes
fig-000010,sh0559,85.5,yes
fig-004419,sw1037,90.0,yes
fig-001989,cty1006,85.9,yes
fig-000004,47394pb030a,85.5,yes
fig-007055,tlm176,90.0,yes
fig-000007,tlm177,85.5,yes
fig-003361,tnt054,95.0,yes
fig-007053,tlm178,100.0,yes
fig-000003,sw1015,85.5,yes
fig-011407,sh0560,90.0,yes
fig-005433,sh0561,90.0,yes
fig-005433,sh0562,90.0,yes
fig-004890,sh0564,90.0,yes
fig-016248,sh0563,90.0,yes
fig-000004,sh0572,85.5,yes
fig-000003,sh0569,85.5,yes
fig-000003,sh0571,85.5,yes
fig-002207,sh0570,90.0,yes
fig-005584,sh0568,90.0,yes
fig-000010,sh0573,85.5,yes
fig-005033,sh0574,90.0,yes
fig-000003,sh0575,85.5,yes
fig-000004,sw0997a,85.5,yes
fig-000005,sw0997b,85.5,yes
fig-000072,col271a,85.5,yes
fig-005430,sh0565,90.1,yes
fig-005430,sh0566,90.1,yes
fig-005430,sh0567,89.0,yes
fig-000005,sh0576,85.5,yes
fig-013379,sh0577,90.0,yes
fig-000003,90398pb040,85.5,yes
fig-000003,idea049,85.5,yes
fig-000061,idea050,85.5,yes
fig-001014,fst026,90.0,yes
fig-001014,fst027,90.0,yes
fig-000003,47394pb261,85.5,yes
fig-000004,47394pb262,85.5,yes
fig-000004,47394pb263,85.5,yes
fig-000003,47394pb264,85.5,yes
fig-004428,sw1034,81.4,no
fig-000003,cty1007,85.5,yes
fig-001988,hol144,90.0,yes
fig-000006,njo0516,85.5,yes
fig-000003,pi006new,85.5,yes
fig-000003,doc016new,85.5,yes
fig-000010,sp001new2,85.5,yes
fig-000003,47394pb265,85.5,yes
fig-000023,tlm179,85.5,yes
fig-000061,tlm180,85.5,yes
fig-001946,tlm181,90.0,yes
fig-012444,tlm182,90.0,yes
fig-001953,sh0578,90.0,yes
fig-000007,sh0580,85.5,yes
fig-000004,sh0579,85.5,yes
fig-005579,sh0581,100.0,yes
fig-001953,sh0582,90.0,yes
fig-000004,sh0583,85.5,yes
fig-011608,sh0584,90.0,yes
fig-000004,twn365,85.5,yes
fig-000004,twn366,85.5,yes
fig-000003,twn367,85.5,yes
fig-000075,dis024,85.5,yes
fig-000075,dis025,85.5,yes
fig-000211,dis026,85.5,yes
fig-000211,dis027,85.5,yes
fig-000211,dis028,85.5,yes
fig-000075,dis029,85.5,yes
fig-000034,dis030,85.5,yes
fig-000034,dis031,85.5,yes
fig-000034,dis032,85.5,yes
fig-000034,dis033,85.5,yes
fig-000034,dis034,85.5,yes
fig-000211,dis035,85.5,yes
fig-000034,dis036,85.5,yes
fig-000211,dis037,85.5,yes
fig-000034,dis038,85.5,yes
fig-000075,dis039,85.5,yes
fig-000060,dis040,85.5,yes
fig-000211,dis041,85.5,yes
fig-007062,tlm183,100.0,yes
fig-000944,tlm184,90.0,yes
fig-014978,tlm186,90.0,yes
fig-012441,tlm187,100.0,yes
fig-012443,tlm188,100.0,yes
fig-012442,tlm189,100.0,yes
fig-000053,tlm190,85.5,yes
fig-007014,tlm185,90.0,yes
fig-000007,toy016,85.5,yes
fig-003227,toy017,90.5,yes
fig-003223,toy018,90.0,yes
fig-000003,47394pb015a,85.5,yes
fig-000003,4555pb142b,85.5,yes
fig-000003,4555pb160a,85.5,yes
fig-003224,toy019,100.0,yes
fig-003225,toy020,100.0,yes
fig-005755,toy021,80.0,no
fig-000067,dupfig043,85.5,yes
fig-000004,sh0585,85.5,yes
fig-000007,gen133,85.5,yes
fig-000053,tlm191,85.5,yes
fig-012448,toy022,80.0,no
fig-002791,njo0468a,90.0,yes
fig-002044,sh0586,100.0,yes
fig-000004,toy023,85.5,yes
fig-006403,st001,100.0,yes
fig-006404,st002,100.0,yes
fig-006407,st003,100.0,yes
fig-006406,st004,100.0,yes
fig-006402,st005,100.0,yes
fig-006405,st006,100.0,yes
fig-006400,st007,100.0,yes
fig-006401,st008,100.0,yes
fig-000004,hol145,85.5,yes
fig-000003,hol146,85.5,yes
fig-000024,hol147,85.5,yes
fig-000024,hol148,85.5,yes
fig-000024,hol149,85.5,yes
fig-000024,hol150,85.5,yes
fig-000024,hol151,85.5,yes
fig-000946,hol152,90.0,yes
fig-000024,hol153,85.5,yes
fig-000024,hol154,85.5,yes
fig-000024,hol155,85.5,yes
fig-000024,hol156,85.5,yes
fig-000024,hol157,85.5,yes
fig-000004,hol158,85.5,yes
fig-000072,hol159,85.5,yes
fig-000004,ovr037a,85.5,yes
fig-000003,chef019a,85.5,yes
fig-000004,twn292a,85.5,yes
fig-000962,cty1011,90.0,yes
fig-000007,cty1010,85.5,yes
fig-000003,cty1009,85.5,yes
fig-000005,cty1008,85.5,yes
fig-003222,toy024,100.0,yes
fig-000005,jw045,85.5,yes
fig-006003,jw046,100.0,yes
fig-006000,jw047,90.0,yes
fig-006023,jw049,100.0,yes
fig-006024,jw050,95.1,yes
fig-006019,jw055,90.9,yes
fig-000004,hp174,85.5,yes
fig-016076,hp175,90.0,yes
fig-016076,hp176,90.0,yes
fig-006168,hp177,86.0,yes
fig-006170,hp178,90.0,yes
fig-000004,hp179,85.5,yes
fig-000005,hp180,85.5,yes
fig-000005,hp181,85.5,yes
fig-000092,hp182,85.5,yes
fig-006212,hp183,100.0,yes
fig-016076,hp184,90.0,yes
fig-000005,hp185,85.5,yes
fig-008952,hp186,87.5,yes
fig-000007,hp187,85.5,yes
fig-000010,hp188,85.5,yes
fig-000020,hp189,85.5,yes
fig-000010,hp190,85.5,yes
fig-000003,hp191,85.5,yes
fig-000004,hp192,85.5,yes
fig-000005,hp193,85.5,yes
fig-000010,sh0587,85.5,yes
fig-000004,sh0588,85.5,yes
fig-000005,sh0589,85.5,yes
fig-001050,sh0590,90.0,yes
fig-005479,sh0591,93.0,yes
fig-002044,sh0592,90.0,yes
fig-000009,sh0593,85.5,yes
fig-000010,sh0594,85.5,yes
fig-000010,sh0595,85.5,yes
fig-005472,sh0596,93.6,yes
fig-001050,sh0598,90.0,yes
fig-001805,sh0599,90.0,yes
fig-002970,sh0600,100.0,yes
fig-002864,njo0517,88.9,yes
fig-002861,njo0518,100.0,yes
fig-000003,47394pb266,85.5,yes
fig-000004,47394pb268,85.5,yes
fig-000003,47394pb267,85.5,yes
fig-000004,47205pb066,85.5,yes
fig-000004,47205pb067,85.5,yes
fig-000010,tlm192,85.5,yes
fig-000166,90398pb041,85.5,yes
fig-001946,90398pb042,90.0,yes
fig-001984,tlm195,100.0,yes
fig-000140,tlm196,85.5,yes
fig-001946,tlm197,90.0,yes
fig-000482,cty1012,90.0,yes
fig-000004,toy025,85.5,yes
fig-000003,cty1026,85.5,yes
fig-009803,cty1016,100.0,yes
fig-000326,cty1013,85.5,yes
fig-000010,cty1025,85.5,yes
fig-008421,cty1024,90.0,yes
fig-000003,cty1018,85.5,yes
fig-000004,cty1017,85.5,yes
fig-009796,cty1020,90.0,yes
fig-000005,cty1014,85.5,yes
fig-000003,cty1019,85.5,yes
fig-000004,cty1015,85.5,yes
fig-000003,cty1023,85.5,yes
fig-000004,cty1021,85.5,yes
fig-000003,cty1022,85.5,yes
fig-000004,twn368,85.5,yes
fig-000005,twn369,85.5,yes
fig-000003,twn370,85.5,yes
fig-000004,cas551,85.5,yes
fig-000004,idea051,85.5,yes
fig-000004,47394pb269,85.5,yes
fig-000007,frnd304,85.5,yes
fig-000003,cty1027,85.5,yes
fig-002786,njo0519,100.0,yes
fig-002787,njo0521,100.0,yes
fig-002151,njo0522,89.4,yes
fig-002789,njo0523,100.0,yes
fig-002790,njo0524,100.0,yes
fig-002788,njo0525,100.0,yes
fig-000007,frnd305,85.5,yes
fig-000005,cty1028,85.5,yes
fig-000003,cty1029,85.5,yes
fig-000932,cty1030,90.0,yes
fig-012556,cty1031,90.0,yes
fig-000004,cty1032,85.5,yes
fig-000004,cty1033,85.5,yes
fig-000005,cty1034,85.5,yes
fig-000004,cty1035,85.5,yes
fig-000004,cty1036,85.5,yes
fig-000004,cty1418,85.5,yes
fig-000003,cty1038,85.5,yes
fig-001014,cty1039,90.0,yes
fig-000004,cty1040,85.5,yes
fig-000004,cty1041,85.5,yes
fig-000004,cty1042,85.5,yes
fig-000004,cty1043,85.5,yes
fig-000010,cty1044,85.5,yes
fig-000004,cty1045,85.5,yes
fig-000004,cty1046,85.5,yes
fig-000001,cty1047,85.5,yes
fig-000004,cty1048,85.5,yes
fig-000004,cty1049,85.5,yes
fig-000003,cty1050,85.5,yes
fig-000061,frnd306,85.5,yes
fig-000007,frnd307,85.5,yes
fig-000010,frnd308,85.5,yes
fig-000007,njo0526,85.5,yes
fig-010937,njo0527,90.0,yes
fig-003151,njo0528,94.0,yes
fig-002785,njo0529,100.0,yes
fig-015221,sh0601,87.4,yes
fig-004609,sh0602,90.2,yes
fig-000004,cty1051,85.5,yes
fig-000003,cty1052,85.5,yes
fig-000003,cty1053,85.5,yes
fig-000003,cty1054,85.5,yes
fig-000010,frnd309,85.5,yes
fig-000007,frnd310,85.5,yes
fig-010345,frnd311,85.7,yes
fig-000034,jw057,85.5,yes
fig-016177,jw056,90.0,yes
fig-000029,jw058,85.5,yes
fig-005994,jw059,90.0,yes
fig-000029,jw060,85.5,yes
fig-013219,frnd312,85.8,yes
fig-012447,tlm198,100.0,yes
fig-007060,tlm199,94.7,yes
fig-012444,tlm200,90.0,yes
fig-000003,cty1055,85.5,yes
fig-000004,cas552,85.5,yes
fig-000038,frnd313,85.5,yes
fig-000061,frnd314,85.5,yes
fig-000010,frnd315,85.5,yes
fig-000010,frnd316,85.5,yes
fig-014997,frnd317,90.0,yes
fig-001919,frnd318,86.0,yes
fig-013221,frnd319,90.0,yes
fig-003228,toy026,100.0,yes
fig-000007,njo0475b,85.5,yes
fig-000005,sh0605,85.5,yes
fig-000010,frnd320,85.5,yes
fig-000007,frnd321,85.5,yes
fig-000004,frnd322,85.5,yes
fig-000004,twn371,85.5,yes
fig-000003,twn372,85.5,yes
fig-000030,cty1056,85.5,yes
fig-000004,cty1057,85.5,yes
fig-000004,cty1058,85.5,yes
fig-000005,cty1059,85.5,yes
fig-000003,cty1060,85.5,yes
fig-000005,cty1061,85.5,yes
fig-002800,njo0548,95.0,yes
fig-002867,njo0537,95.1,yes
fig-002864,njo0544,95.2,yes
fig-002796,njo0547,95.0,yes
fig-002799,njo0546,100.0,yes
fig-002866,njo0536,100.0,yes
fig-002863,njo0545,100.0,yes
fig-002870,njo0542,100.0,yes
fig-002866,njo0534,90.0,yes
fig-002863,njo0535,90.0,yes
fig-002786,njo0533,90.0,yes
fig-002793,njo0540,100.0,yes
fig-002798,njo0541,100.0,yes
fig-002869,njo0543,95.0,yes
fig-002795,njo0539,100.0,yes
fig-000003,cty1062,85.5,yes
fig-002784,njo0531,95.0,yes
fig-002155,njo0532,95.1,yes
fig-002792,njo0530,90.0,yes
fig-000053,frnd323,85.5,yes
fig-009491,frnd324,90.0,yes
fig-000004,cty1063,85.5,yes
fig-000003,cty1064,85.5,yes
fig-002792,njo0538,100.0,yes
fig-001953,sh0603,90.0,yes
fig-000004,tech035,85.5,yes
fig-010486,47394pb270,85.5,yes
fig-016461,crs031,85.5,yes
fig-002138,crs032,85.5,yes
fig-013274,crs033,90.0,yes
fig-000072,crs034,85.5,yes
fig-011302,crs035,90.0,yes
fig-016461,btb013,85.5,yes
fig-000005,cty1065,85.5,yes
fig-000030,cty1066,85.5,yes
fig-000004,cty1067,85.5,yes
fig-000004,cty1068,85.5,yes
fig-000004,cty1069,85.5,yes
fig-000004,cty1070,85.5,yes
fig-000030,cty1071,85.5,yes
fig-016461,crs036,85.5,yes
fig-001014,fst028,90.0,yes
fig-001014,fst029,90.0,yes
fig-000049,fst030,85.5,yes
fig-000049,fst031,85.5,yes
fig-014997,frnd325,90.0,yes
fig-000010,sh0604,85.5,yes
fig-000004,sw1069,85.5,yes
fig-004734,st009,85.5,yes
fig-001052,adp001,90.0,yes
fig-006546,adp002,90.0,yes
fig-011963,adp003,95.0,yes
fig-002319,56478,90.0,yes
fig-002315,56486,85.5,yes
fig-002059,njo0549,90.0,yes
fig-005576,sh0606,100.0,yes
fig-000004,47394pb271,85.5,yes
fig-000003,47394pb272,85.5,yes
fig-000003,47394pb273,85.5,yes
fig-000003,twn374,85.5,yes
fig-000003,twn373,85.5,yes
fig-000010,sw1038,85.5,yes
fig-000007,sh0517a,85.5,yes
fig-000007,frnd326,85.5,yes
fig-000007,frnd327,85.5,yes
fig-000005,hs001,85.5,yes
fig-000072,hs002,85.5,yes
fig-000038,hs005,85.5,yes
fig-000004,hs003,85.5,yes
fig-006346,hs007,100.0,yes
fig-006347,hs008,100.0,yes
fig-006345,hs006,100.0,yes
fig-000003,hs004,85.5,yes
fig-005611,sh0597a,90.0,yes
fig-001846,jw048,90.0,yes
fig-000007,jw051,85.5,yes
fig-012237,njo0550,90.0,yes
fig-010340,frnd328,87.5,yes
fig-000003,frnd329,85.5,yes
fig-000010,twn375,85.5,yes
fig-001910,tlm201,90.0,yes
fig-000061,tlm202,85.5,yes
fig-000010,tlm203,85.5,yes
fig-000010,tlm204,85.5,yes
fig-007014,tlm205,90.0,yes
fig-006275,tlm206,90.0,yes
fig-000004,twn376,85.5,yes
fig-000003,twn377,85.5,yes
fig-001910,tlm207,90.0,yes
fig-000004,twn378,85.5,yes
fig-000007,tlm208,85.5,yes
fig-001946,tlm209,90.0,yes
fig-000012,sc078,85.5,yes
fig-000007,frnd330,85.5,yes
fig-000003,frnd331,85.5,yes
fig-006020,jw052,95.5,yes
fig-006000,jw053,90.0,yes
fig-000004,idea053,85.5,yes
fig-000004,idea052,85.5,yes
fig-000004,idea055,85.5,yes
fig-000004,idea054,85.5,yes
fig-003023,njo0551,90.0,yes
fig-000003,gen134,85.5,yes
fig-000003,gen135,85.5,yes
fig-000003,frnd335,85.5,yes
fig-000003,frnd336,85.5,yes
fig-000007,frnd332,85.5,yes
fig-010339,frnd334,85.9,yes
fig-000007,frnd333,85.5,yes
fig-006327,hs016,100.0,yes
fig-000005,hs011,85.5,yes
fig-000005,hs014,85.5,yes
fig-006336,hs012,100.0,yes
fig-006335,hs013,100.0,yes
fig-000003,hs009,85.5,yes
fig-002794,njo0552,100.0,yes
fig-006330,hs015,100.0,yes
fig-000005,hs010,85.5,yes
fig-000005,frnd337,85.5,yes
fig-006324,hs017,100.0,yes
fig-000003,hp194,85.5,yes
fig-000005,hs018,85.5,yes
fig-006216,hp199,95.0,yes
fig-016076,hp195,90.0,yes
fig-000003,hp197,85.5,yes
fig-000004,hp196,85.5,yes
fig-008777,hp198,90.0,yes
fig-011865,jw054,95.0,yes
fig-000007,frnd338,85.5,yes
fig-003223,47394pb274,90.0,yes
fig-000005,47394pb275,85.5,yes
fig-000004,47394pb046a,85.5,yes
fig-000004,hs019,85.5,yes
fig-000089,col341,85.5,yes
fig-002071,col342,90.0,yes
fig-002072,col343,90.0,yes
fig-008262,col344,90.0,yes
fig-000211,col345,85.5,yes
fig-000211,col347,85.5,yes
fig-002076,col348,90.0,yes
fig-000125,col349,85.5,yes
fig-002078,col350,90.0,yes
fig-000211,col351,85.5,yes
fig-002080,col352,90.0,yes
fig-000211,col353,85.5,yes
fig-000044,col354,85.5,yes
fig-002083,col355,90.0,yes
fig-000211,col356,85.5,yes
fig-002069,col357,90.0,yes
fig-000004,chef026,85.5,yes
fig-006333,hs020,100.0,yes
fig-006334,hs021,100.0,yes
fig-002313,hs022,100.0,yes
fig-005752,dis042,89.7,yes
fig-000027,dis043,85.5,yes
fig-000010,dis044,85.5,yes
fig-005749,dis045,93.0,yes
fig-000007,dis046,85.5,yes
fig-000007,frnd339,85.5,yes
fig-011966,adp004,100.0,yes
fig-011967,adp005,100.0,yes
fig-000014,cty1072,85.5,yes
fig-000004,cty1073,85.5,yes
fig-000053,cty1074,85.5,yes
fig-000139,cty1075,85.5,yes
fig-012465,col346,100.0,yes
fig-001014,cty1076,90.0,yes
fig-000030,cty1077,85.5,yes
fig-000048,sw1039,85.5,yes
fig-000071,sw1040,85.5,yes
fig-000003,twn192a,85.5,yes
fig-000010,hp201,85.5,yes
fig-000005,hp200,85.5,yes
fig-000007,hp202,85.5,yes
fig-006222,hp203,100.0,yes
fig-000004,47394pb156a,85.5,yes
fig-001208,frnd340,90.0,yes
fig-014997,frnd341,90.0,yes
fig-000010,frnd342,85.5,yes
fig-006029,hol160,90.0,yes
fig-002003,47394pb276,85.5,yes
fig-000005,47394pb277,85.5,yes
fig-003569,dupsnowman01,85.5,yes
fig-000010,cty1078,85.5,yes
fig-000010,cty1079,85.5,yes
fig-007571,cty1080,90.0,yes
fig-009827,cty1081,90.5,yes
fig-000003,cty1082,85.5,yes
fig-000007,cty1083,85.5,yes
fig-000007,cty1084,85.5,yes
fig-007574,cty1085,87.6,yes
fig-000004,cty1086,85.5,yes
fig-001216,cty1087,90.0,yes
fig-000007,cty1088,85.5,yes
fig-000010,hol161,85.5,yes
fig-014271,hp204,90.0,yes
fig-000005,hol162,85.5,yes
fig-007575,hol163,90.8,yes
fig-008421,hol165,90.0,yes
fig-000003,hol166,85.5,yes
fig-011127,sw1043,90.0,yes
fig-000010,sw1044,85.5,yes
fig-000010,hp205,85.5,yes
fig-016076,hp206,90.0,yes
fig-000061,hp152a,85.5,yes
fig-000010,hp207,85.5,yes
fig-000004,hp208,85.5,yes
fig-000007,47394pb278,85.5,yes
fig-000010,sw1041,85.5,yes
fig-010485,sw1042,89.7,yes
fig-000005,47394pb279,85.5,yes
fig-000004,47394pb023a,85.5,yes
fig-006328,hs023,100.0,yes
fig-012226,hs024,90.0,yes
fig-002088,njo0553,100.0,yes
fig-002577,njo0554,90.0,yes
fig-000003,njo0555,85.5,yes
fig-000005,belvfairy10,85.5,yes
fig-006449,idea056,100.0,yes
fig-006451,idea057,100.0,yes
fig-006447,idea058,100.0,yes
fig-006453,idea059,100.0,yes
fig-006450,idea060,100.0,yes
fig-006452,idea061,100.0,yes
fig-006448,idea062,100.0,yes
fig-006441,hol168,100.0,yes
fig-006440,hol169,91.3,yes
fig-000004,cty1089,85.5,yes
fig-006343,hs025,100.0,yes
fig-006344,hs026,100.0,yes
fig-000007,5.20E+06,85.5,yes
fig-000007,5.20E+05,85.5,yes
fig-011968,adp006,100.0,yes
fig-011969,adp007,100.0,yes
fig-011970,adp008,100.0,yes
fig-006905,sp052a,92.7,yes
fig-000419,sw1046,85.5,yes
fig-000007,sw1047,85.5,yes
fig-004448,sw1048,100.0,yes
fig-004156,sw1049,85.5,yes
fig-002116,sw1050,100.0,yes
fig-010659,sw1051,90.0,yes
fig-004253,sw1052,90.9,yes
fig-000010,sw1053,85.5,yes
fig-000004,sw1054,85.5,yes
fig-004443,sw1055,100.0,yes
fig-004442,sw1056,100.0,yes
fig-004464,sw1057,90.0,yes
fig-004463,sw1058,91.3,yes
fig-004461,sw1059,90.0,yes
fig-004460,sw1060,100.0,yes
fig-003533,sw1061,85.5,yes
fig-004453,sw1062,100.0,yes
fig-006546,sw1063,90.0,yes
fig-006546,sw1064,90.0,yes
fig-000053,sw1065,85.5,yes
fig-000005,sw1066,85.5,yes
fig-000005,sw1067,85.5,yes
fig-004450,sw1068,100.0,yes
fig-000003,sw1045,85.5,yes
fig-006340,hs027,100.0,yes
fig-006338,hs028,100.0,yes
fig-002955,hs029,100.0,yes
fig-000003,dp069,85.5,yes
fig-000003,dp070,85.5,yes
fig-000010,dp071,85.5,yes
fig-015817,dp072,90.0,yes
fig-014609,dp073,90.0,yes
fig-000007,dp074,85.5,yes
fig-003750,dp075,90.0,yes
fig-000005,dp076,85.5,yes
fig-000029,hol170,85.5,yes
fig-000004,cty1090,85.5,yes
fig-001358,idea063,100.0,yes
fig-000049,idea064,85.5,yes
fig-006788,cas553,90.0,yes
fig-002919,ow015,90.0,yes
fig-000004,LLP010,85.5,yes
fig-000004,LLP007,85.5,yes
fig-000005,LLP016,85.5,yes
fig-000004,LLP014,85.5,yes
fig-000005,LLP008,85.5,yes
fig-000003,LLP009,85.5,yes
fig-000005,LLP011,85.5,yes
fig-000004,LLP012,85.5,yes
fig-000004,LLP013,85.5,yes
fig-000004,LLP015,85.5,yes
fig-006954,sp010a,90.0,yes
fig-000004,twn376a,85.5,yes
fig-000005,sh0607,85.5,yes
fig-001050,sh0608,90.0,yes
fig-005596,sh0609,100.0,yes
fig-001344,njo0556,90.0,yes
fig-000049,fst032,85.5,yes
fig-005985,hol171,90.0,yes
fig-001223,hol172,90.0,yes
fig-001444,hol173,90.0,yes
fig-000030,cty1091,85.5,yes
fig-003533,sw1072,85.5,yes
fig-000898,sw1073,90.0,yes
fig-000061,sw1074,85.5,yes
fig-004495,sw1075,100.0,yes
fig-004496,sw1076,100.0,yes
fig-000010,sw1081,85.5,yes
fig-002066,sw1082,85.5,yes
fig-003703,sw1083,85.5,yes
fig-000010,sw1084,85.5,yes
fig-003541,sw1085,87.9,yes
fig-000144,sw1086,85.5,yes
fig-006546,sw1087,90.0,yes
fig-004489,sw1088,100.0,yes
fig-006546,sw1089,90.0,yes
fig-000003,cty1092,85.5,yes
fig-000004,sw1077,85.5,yes
fig-000004,sw1078,85.5,yes
fig-000004,sw1079,85.5,yes
fig-000007,sw1080,85.5,yes
fig-000010,sh0610,85.5,yes
fig-006525,min070,89.2,yes
fig-006526,min071,94.9,yes
fig-000898,sw1070,90.0,yes
fig-000005,sw1071,85.5,yes
fig-003023,njo0557,90.0,yes
fig-013379,sh0611,90.0,yes
fig-006373,hs030,100.0,yes
fig-000085,gen136,85.5,yes
fig-000085,gen137,85.5,yes
fig-000049,gen138,85.5,yes
fig-003563,ow016,90.0,yes
fig-003564,ow017,85.5,yes
fig-006524,min072,100.0,yes
fig-006523,min073,90.0,yes
fig-000003,cty0164a,85.5,yes
fig-000004,cty1093,85.5,yes
fig-000004,cty0110a,85.5,yes
fig-000075,colsh01,85.5,yes
fig-000008,colsh02,90.0,yes
fig-000211,colsh03,85.5,yes
fig-000211,colsh04,85.5,yes
fig-000211,colsh05,85.5,yes
fig-000211,colsh06,85.5,yes
fig-000211,colsh07,85.5,yes
fig-000067,colsh08,85.5,yes
fig-000211,colsh09,85.5,yes
fig-000211,colsh10,85.5,yes
fig-000211,colsh11,85.5,yes
fig-000211,colsh12,85.5,yes
fig-000211,colsh13,85.5,yes
fig-000211,colsh14,85.5,yes
fig-000211,colsh15,85.5,yes
fig-000211,colsh16,85.5,yes
fig-000053,dp077,85.5,yes
fig-000029,cty0250a,85.5,yes
fig-000004,cty0249a,85.5,yes
fig-009703,cty1094,100.0,yes
fig-000208,cty1095,85.5,yes
fig-000004,cty1096,85.5,yes
fig-000377,cty1097,90.0,yes
fig-000003,frnd343,85.5,yes
fig-002714,frnd344,85.5,yes
fig-002843,njo0558,100.0,yes
fig-002840,njo0559,94.4,yes
fig-002842,njo0560,93.8,yes
fig-002839,njo0561,90.9,yes
fig-002844,njo0562,100.0,yes
fig-002824,njo0563,91.7,yes
fig-010668,njo0564,90.0,yes
fig-002841,njo0565,95.5,yes
fig-002838,njo0566,90.0,yes
fig-002158,cty1098,85.5,yes
fig-000004,cty1099,85.5,yes
fig-000005,dp078,85.5,yes
fig-000110,twt001,100.0,yes
fig-015717,twt002,100.0,yes
fig-000825,twt003,85.5,yes
fig-004710,twt004,95.0,yes
fig-000019,sw1090,85.5,yes
fig-000004,twn379,85.5,yes
fig-000004,twn380,85.5,yes
fig-000001,twn381,85.5,yes
fig-000004,twn382,85.5,yes
fig-010339,frnd345,95.0,yes
fig-002573,cty1100,77.7,no
fig-000003,cty1101,85.5,yes
fig-000932,cty1102,90.0,yes
fig-000004,cty1103,85.5,yes
fig-000795,cty1104,85.5,yes
fig-002103,cty1105,90.0,yes
fig-000004,cty1106,85.5,yes
fig-000012,cty1107,90.0,yes
fig-000005,frnd346,85.5,yes
fig-000005,frnd347,85.5,yes
fig-012086,dp079,90.0,yes
fig-001149,cty1108,90.0,yes
fig-000007,njo0567,85.5,yes
fig-002823,njo0568,91.7,yes
fig-000007,njo0569,85.5,yes
fig-000003,njo0570,85.5,yes
fig-000006,njo0571,85.5,yes
fig-002834,njo0572,100.0,yes
fig-002125,gen139,100.0,yes
fig-000003,cty1109,85.5,yes
fig-000003,cty1110,85.5,yes
fig-000003,cty1111,85.5,yes
fig-000003,cty1112,85.5,yes
fig-000004,moa004,85.5,yes
fig-012834,cty1113,90.0,yes
fig-000003,cty1114,85.5,yes
fig-000004,cty1115,85.5,yes
fig-000007,frnd348,85.5,yes
fig-000029,cty1116,85.5,yes
fig-000046,cty1117,85.5,yes
fig-000010,cty1118,85.5,yes
fig-000005,cty1119,85.5,yes
fig-000004,cty1120,85.5,yes
fig-000007,cty1121,85.5,yes
fig-000007,cty1122,85.5,yes
fig-000007,frnd349,85.5,yes
fig-000007,frnd350,85.5,yes
fig-000005,frnd351,85.5,yes
fig-000005,frnd352,85.5,yes
fig-000003,frnd353,85.5,yes
fig-000003,frnd354,85.5,yes
fig-000003,frnd355,85.5,yes
fig-002702,frnd356,90.0,yes
fig-000003,frnd357,85.5,yes
fig-000003,frnd358,85.5,yes
fig-000030,cty1123,85.5,yes
fig-000482,cty1124,90.0,yes
fig-000004,cty1125,85.5,yes
fig-000004,cty1126,85.5,yes
fig-000007,cty1127,85.5,yes
fig-000004,cty1128,85.5,yes
fig-000005,frnd359,85.5,yes
fig-000003,frnd360,85.5,yes
fig-000003,frnd361,85.5,yes
fig-000004,twn383,85.5,yes
fig-000004,twn384,85.5,yes
fig-000004,twn385,85.5,yes
fig-000005,twn386,85.5,yes
fig-000004,twn387,85.5,yes
fig-000003,frnd362,85.5,yes
fig-000007,frnd363,85.5,yes
fig-000007,frnd364,85.5,yes
fig-000004,cty1129,85.5,yes
fig-004553,cty1130,90.0,yes
fig-000898,cty1131,90.0,yes
fig-000003,cty1132,85.5,yes
fig-000012,sc079,85.5,yes
fig-000012,sc080,85.5,yes
fig-000004,cty1133,85.5,yes
fig-000003,cty1134,85.5,yes
fig-000010,cty1135,85.5,yes
fig-000030,cty1136,85.5,yes
fig-007943,cty1137,90.0,yes
fig-009859,cty1138,89.5,yes
fig-000004,cty1139,85.5,yes
fig-000004,cty1140,85.5,yes
fig-000030,cty1141,85.5,yes
fig-000004,cty1142,85.5,yes
fig-000003,cty1143,85.5,yes
fig-005166,cty1144,90.0,yes
fig-000004,cty1145,85.5,yes
fig-000004,cty1146,85.5,yes
fig-000004,cty1147,85.5,yes
fig-002832,njo0573,90.0,yes
fig-000006,njo0574,85.5,yes
fig-000007,njo0575,85.5,yes
fig-000007,njo0576,85.5,yes
fig-001771,njo0577,90.0,yes
fig-002966,hol174,90.0,yes
fig-000010,hol175,85.5,yes
fig-000003,hol176,85.5,yes
fig-000003,hol177,85.5,yes
fig-000005,hol178,85.5,yes
fig-000005,hol179,85.5,yes
fig-000005,hol180,85.5,yes
fig-000005,hol181,85.5,yes
fig-012086,dp080,90.0,yes
fig-003599,dp081,90.0,yes
fig-000007,dp082,85.5,yes
fig-000072,sh0612,85.5,yes
fig-000005,sh0613,85.5,yes
fig-000005,njo0184s,85.5,yes
fig-000003,47205pb068,85.5,yes
fig-000003,47205pb069,85.5,yes
fig-000005,hs031,85.5,yes
fig-000967,hs032,90.0,yes
fig-006368,hs033,90.0,yes
fig-000081,hs034,90.0,yes
fig-005599,sh0615,95.9,yes
fig-000007,sh0616,85.5,yes
fig-011770,dp083,89.2,yes
fig-005957,dp084,90.0,yes
fig-015817,dp085,90.0,yes
fig-000029,dp086,85.5,yes
fig-000005,hs035,85.5,yes
fig-000029,hs036,85.5,yes
fig-000003,hs037,85.5,yes
fig-006349,hs038,100.0,yes
fig-006348,hs039,100.0,yes
fig-012230,hs040,95.0,yes
fig-000029,min074,85.5,yes
fig-000003,47205pb070,85.5,yes
fig-000003,47205pb071,85.5,yes
fig-000003,47394pb280,85.5,yes
fig-000010,njo0580,85.5,yes
fig-000007,njo0581,85.5,yes
fig-002832,njo0578,100.0,yes
fig-002833,njo0579,93.8,yes
fig-001953,sh0614,90.0,yes
fig-000012,sh0617,90.0,yes
fig-001484,sh0618,85.5,yes
fig-000010,sh0620,85.5,yes
fig-000038,dp078a,85.5,yes
fig-001771,njo0582,90.0,yes
fig-000005,hs041,85.5,yes
fig-000005,sh0621,85.5,yes
fig-005589,sh0622,90.5,yes
fig-000010,sh0623,85.5,yes
fig-005606,sh0624,100.0,yes
fig-011407,sh0625,90.0,yes
fig-002207,sh0626,90.0,yes
fig-000004,sh0629,85.5,yes
fig-008301,sh0630,100.0,yes
fig-010690,sh0631,90.0,yes
fig-005610,sh0633,100.0,yes
fig-005609,sh0632,100.0,yes
fig-000061,sw0166a,85.5,yes
fig-000061,sw0166b,85.5,yes
fig-015717,twt005,90.0,yes
fig-000005,sw1091,85.5,yes
fig-011407,47394pb281,90.0,yes
fig-000170,47394pb282,85.5,yes
fig-000003,47205pb072,85.5,yes
fig-000004,47205pb073,85.5,yes
fig-000003,47394pb283,85.5,yes
fig-000003,47394pb284,85.5,yes
fig-003585,dp087,86.1,yes
fig-000007,dp088,85.5,yes
fig-000007,dp089,85.5,yes
fig-005606,sh0627,90.0,yes
fig-000006,njo0584,85.5,yes
fig-000003,47205pb074,85.5,yes
fig-000012,sc081,85.5,yes
fig-000007,38014pb01,85.5,yes
fig-013844,dp090,90.0,yes
fig-014364,dp091,90.0,yes
fig-016201,dp092,90.0,yes
fig-000028,dp093,85.5,yes
fig-000003,hs043,85.5,yes
fig-000004,hs044,85.5,yes
fig-006361,hs045,100.0,yes
fig-000007,cty1148,85.5,yes
fig-000004,hs042,85.5,yes
fig-000003,cty1055a,85.5,yes
fig-000005,hol182,85.5,yes
fig-000009,sw1113,85.5,yes
fig-000020,hol183,85.5,yes
fig-014604,hol184,87.8,yes
fig-000004,hol185,85.5,yes
fig-000001,hol186,85.5,yes
fig-000004,hol187,85.5,yes
fig-009981,hol188,86.7,yes
fig-009970,hol189,86.6,yes
fig-000004,hol190,85.5,yes
fig-000004,hol191,85.5,yes
fig-000005,hol192,85.5,yes
fig-000003,hol193,85.5,yes
fig-000004,hol194,85.5,yes
fig-000005,hol195,85.5,yes
fig-000004,hs046,85.5,yes
fig-000005,hs047,85.5,yes
fig-016097,sc082,85.8,yes
fig-005606,sh0628,90.0,yes
fig-002853,njo0585,100.0,yes
fig-006365,hs048,100.0,yes
fig-000038,njo0586,85.5,yes
fig-002836,njo0587,100.0,yes
fig-003225,hol196,90.0,yes
fig-000004,hs049,85.5,yes
fig-000003,hs050,85.5,yes
fig-006357,hs051,100.0,yes
fig-000003,cty1149,85.5,yes
fig-000004,LLP003b,85.5,yes
fig-000038,njo0588,85.5,yes
fig-000061,njo0589,85.5,yes
fig-001771,njo0592,90.0,yes
fig-001771,njo0590,90.0,yes
fig-001771,njo0591,90.0,yes
fig-002835,njo0593,100.0,yes
fig-000003,cty1150,85.5,yes
fig-000003,cty1151,85.5,yes
fig-000004,cty1152,85.5,yes
fig-000003,cty1153,85.5,yes
fig-000005,frnd365,85.5,yes
fig-010534,frnd366,90.0,yes
fig-000007,frnd367,85.5,yes
fig-000004,trn252,85.5,yes
fig-015717,twt006,90.0,yes
fig-000010,twt007,85.5,yes
fig-000007,twt008,85.5,yes
fig-001950,njo0594,90.9,yes
fig-000003,twn192b,85.5,yes
fig-000007,njo0595,85.5,yes
fig-000005,hs052,85.5,yes
fig-000005,hs053,85.5,yes
fig-006353,hs054,100.0,yes
fig-006355,hs055,100.0,yes
fig-000004,sh0016b,85.5,yes
fig-000003,cty1154,85.5,yes
fig-005505,idea065,90.0,yes
fig-005506,idea067,100.0,yes
fig-005512,idea068,100.0,yes
fig-005508,idea069,100.0,yes
fig-005510,idea070,100.0,yes
fig-005509,idea066,100.0,yes
fig-005507,idea071,100.0,yes
fig-005513,idea072,100.0,yes
fig-000012,sc083,85.5,yes
fig-013455,gen140,85.5,yes
fig-000010,twn270a,85.5,yes
fig-000012,sc084,85.5,yes
fig-000012,sc085,85.5,yes
fig-012238,hs056,95.0,yes
fig-000007,47394pb147a,85.5,yes
fig-000007,frnd368,85.5,yes
fig-000005,frnd369,85.5,yes
fig-000007,sw1092,85.5,yes
fig-000005,frnd370,85.5,yes
fig-000004,cty0180a,85.5,yes
fig-000004,trn227a,85.5,yes
fig-000004,cty1155,85.5,yes
fig-000004,cty1156,85.5,yes
fig-000014,dp094,85.5,yes
fig-000004,47394pb030b,85.5,yes
fig-000061,twt009,85.5,yes
fig-000005,dp095,85.5,yes
fig-000004,gen141,85.5,yes
fig-006323,hs057,92.7,yes
fig-000211,col358,85.5,yes
fig-000211,col359,85.5,yes
fig-000075,col360,85.5,yes
fig-000211,col361,85.5,yes
fig-002561,col362,90.0,yes
fig-000030,col363,85.5,yes
fig-000211,col364,85.5,yes
fig-000048,col365,85.5,yes
fig-000211,col366,85.5,yes
fig-000211,col367,85.5,yes
fig-000048,col368,85.5,yes
fig-000211,col369,85.5,yes
fig-000211,col370,85.5,yes
fig-000211,col371,85.5,yes
fig-008801,col372,90.0,yes
fig-000211,col373,85.5,yes
fig-000004,twn219a,85.5,yes
fig-000004,cty0500a,85.5,yes
fig-000003,cty1157,85.5,yes
fig-005279,min075,90.0,yes
fig-000061,min076,85.5,yes
fig-006541,min077,86.7,yes
fig-000061,min078,85.5,yes
fig-000005,min079,85.5,yes
fig-002831,njo0596,90.9,yes
fig-000004,cty1158,85.5,yes
fig-000007,cty1159,85.5,yes
fig-005410,sh0635,90.0,yes
fig-007102,sh0636,100.0,yes
fig-000008,sh0634,90.0,yes
fig-000003,cty1160,85.5,yes
fig-000004,cty1161,85.5,yes
fig-000004,cty1162,85.5,yes
fig-000048,mnn002,85.5,yes
fig-000019,mnn001,85.5,yes
fig-000007,mnn003,85.5,yes
fig-000004,con013,85.5,yes
fig-000007,twn005a,85.5,yes
fig-010206,gen142,95.0,yes
fig-010210,gen143,95.0,yes
fig-010209,gen144,95.0,yes
fig-010207,gen145,95.0,yes
fig-010208,gen146,95.0,yes
fig-000006,njo0597,85.5,yes
fig-000010,njo0598,85.5,yes
fig-006546,min080,90.0,yes
fig-000061,min081,85.5,yes
fig-010202,min082,90.0,yes
fig-007813,mnn004,90.0,yes
fig-007814,mnn005,98.2,yes
fig-000019,mnn006,85.5,yes
fig-010631,twt010,90.0,yes
fig-002966,twt010s,90.0,yes
fig-004704,twt011,95.0,yes
fig-000003,frnd371,85.5,yes
fig-002430,twt012,90.0,yes
fig-002430,twt013,90.0,yes
fig-004707,twt014,90.0,yes
fig-014060,twt015,90.0,yes
fig-014060,twt016,90.0,yes
fig-000003,twt017,85.5,yes
fig-000010,twt018,85.5,yes
fig-000010,twt019,85.5,yes
fig-000053,twt020,85.5,yes
fig-000961,twt021,90.0,yes
fig-000003,hol197,85.5,yes
fig-000003,tech022,85.5,yes
fig-000002,mk001,85.5,yes
fig-008253,mk006,90.0,yes
fig-002290,mk002,90.0,yes
fig-008252,mk005,100.0,yes
fig-008248,mk007,90.0,yes
fig-000003,mk008,85.5,yes
fig-008257,mk009,100.0,yes
fig-008247,mk010,100.0,yes
fig-000005,mk011,85.5,yes
fig-008258,mk014,90.0,yes
fig-000010,mk013,85.5,yes
fig-008253,mk012,90.0,yes
fig-008260,mk017,100.0,yes
fig-008261,mk018,100.0,yes
fig-008263,mk016,100.0,yes
fig-008262,mk015,90.0,yes
fig-000005,mk019,85.5,yes
fig-002290,mk020,90.0,yes
fig-011960,mk004,100.0,yes
fig-000010,mk003,85.5,yes
fig-000002,mk021,85.5,yes
fig-000010,ext003a,85.5,yes
fig-000004,twn388,85.5,yes
fig-000004,twn389,85.5,yes
fig-000004,gen147,85.5,yes
fig-000004,twn390,85.5,yes
fig-000003,twn392,85.5,yes
fig-000003,twn391,85.5,yes
fig-000005,twn393,85.5,yes
fig-000004,twn394,85.5,yes
fig-006029,gen148,90.0,yes
fig-000004,sh0637,85.5,yes
fig-000158,dupmermaid02,85.5,yes
fig-000005,cty1163,85.5,yes
fig-000010,47394pb285,85.5,yes
fig-000003,47394pb286,85.5,yes
fig-000004,47394pb287,85.5,yes
fig-000003,47394pb288,85.5,yes
fig-000003,47394pb289,85.5,yes
fig-000003,47394pb290,85.5,yes
fig-000004,47394pb291,85.5,yes
fig-000003,47394pb292,85.5,yes
fig-000007,cty1164,85.5,yes
fig-010264,cty1165,90.0,yes
fig-010264,cty1166,90.0,yes
fig-000003,cty1167,85.5,yes
fig-000005,cty1168,85.5,yes
fig-000007,cty1169,85.5,yes
fig-000007,cty1170,85.5,yes
fig-009744,cty1171,100.0,yes
fig-000007,cty1172,85.5,yes
fig-000010,hp218,85.5,yes
fig-006138,hp209,90.0,yes
fig-008942,hp210,95.5,yes
fig-000005,hp211,85.5,yes
fig-000072,hp212,85.5,yes
fig-000010,hp214,85.5,yes
fig-010579,hp219,90.0,yes
fig-016076,hp213,90.0,yes
fig-008929,hp215,90.0,yes
fig-008930,hp217,90.0,yes
fig-008928,hp216,90.0,yes
fig-008946,hp220,96.6,yes
fig-008948,hp221,96.6,yes
fig-008950,hp222,100.0,yes
fig-000004,hp223,85.5,yes
fig-000426,njo0599,85.5,yes
fig-009073,njo0600,100.0,yes
fig-000004,twn395,85.5,yes
fig-000004,twn396,85.5,yes
fig-000005,hs058,85.5,yes
fig-009874,hs059,90.0,yes
fig-009884,hs060,100.0,yes
fig-010264,cty1173,90.0,yes
fig-009878,hs061,100.0,yes
fig-009880,hs062,100.0,yes
fig-000007,hs063,85.5,yes
fig-000004,twn397,85.5,yes
fig-000004,twn398,85.5,yes
fig-008501,twn399,86.1,yes
fig-000004,edu007,85.5,yes
fig-000004,edu008,85.5,yes
fig-008921,sh0638,100.0,yes
fig-000932,sh0640,90.0,yes
fig-009581,sh0639,96.3,yes
fig-000007,sh0641,85.5,yes
fig-000061,hp224,85.5,yes
fig-008952,hp225,88.3,yes
fig-008960,hp226,90.0,yes
fig-008957,hp227,94.9,yes
fig-000003,hp228,85.5,yes
fig-000010,hp229,85.5,yes
fig-006263,hp230,90.0,yes
fig-008954,hp231,88.9,yes
fig-016076,hp232,90.0,yes
fig-016076,hp233,90.0,yes
fig-006029,sh0642,90.0,yes
fig-000005,sh0616s,85.5,yes
fig-000005,cty1174,85.5,yes
fig-000004,cty1175,85.5,yes
fig-000003,cty1176,85.5,yes
fig-000004,cty1177,85.5,yes
fig-000007,cty1178,85.5,yes
fig-010264,cty1179,90.0,yes
fig-000003,cty1180,85.5,yes
fig-000004,cty1181,85.5,yes
fig-010201,hp235,96.4,yes
fig-000010,hp234,85.5,yes
fig-000004,tech023,85.5,yes
fig-000003,47205pb075,85.5,yes
fig-000004,47394pb294,85.5,yes
fig-000004,47394pb295,85.5,yes
fig-000004,47394pb296,85.5,yes
fig-008945,hp236,100.0,yes
fig-010644,njo0601,86.0,yes
fig-009062,njo0602,86.4,yes
fig-009065,njo0603,90.0,yes
fig-011948,njo0604,90.0,yes
fig-000010,sh0643,85.5,yes
fig-010292,sw1093,90.0,yes
fig-007699,sw1095,85.5,yes
fig-014293,sw1096,90.0,yes
fig-006546,sw1098,90.0,yes
fig-000003,sw1106,85.5,yes
fig-010306,sw1108,100.0,yes
fig-010307,sw1110,100.0,yes
fig-000059,sw1111,85.5,yes
fig-000053,sw1121,85.5,yes
fig-010660,sw1119,90.0,yes
fig-000071,sw1120,85.5,yes
fig-000003,sw1094,85.5,yes
fig-000007,sw1097,85.5,yes
fig-006546,sw1099,90.0,yes
fig-000003,sw1100,85.5,yes
fig-000005,sw1101,85.5,yes
fig-000007,sw1105,85.5,yes
fig-010305,sw1109,100.0,yes
fig-010528,sw1114,100.0,yes
fig-010529,sw1115,100.0,yes
fig-000053,sw1117,85.5,yes
fig-001208,sw1118,90.0,yes
fig-000048,sw1107,85.5,yes
fig-000005,sh0644,85.5,yes
fig-010644,njo0605,86.0,yes
fig-010644,njo0606,95.0,yes
fig-009077,njo0607,100.0,yes
fig-009070,njo0608,93.3,yes
fig-009069,njo0609,100.0,yes
fig-000900,njo0610,72.0,no
fig-000005,sh0645,85.5,yes
fig-004890,sh0646,90.0,yes
fig-016076,hp237,90.0,yes
fig-002015,sh0647,90.0,yes
fig-000004,sh0648,85.5,yes
fig-000061,sh0649,85.5,yes
fig-009076,njo0611,100.0,yes
fig-000007,jw061,85.5,yes
fig-012199,hs064,95.0,yes
fig-016076,hp238,90.0,yes
fig-003427,hp239,90.0,yes
fig-000061,hp240,85.5,yes
fig-010248,hp241,100.0,yes
fig-010241,njo0612,100.0,yes
fig-000061,njo0613,85.5,yes
fig-001344,njo0614,90.0,yes
fig-000072,njo0615,85.5,yes
fig-000061,njo0616,85.5,yes
fig-003023,njo0617,90.0,yes
fig-000061,njo0618,85.5,yes
fig-009872,hs065,83.1,no
fig-009873,hs066,100.0,yes
fig-001805,sh0650,90.0,yes
fig-000004,sh0651,85.5,yes
fig-000003,cty1182,85.5,yes
fig-000004,cty1183,85.5,yes
fig-000005,cty1184,85.5,yes
fig-009656,cty1185,88.1,yes
fig-000010,cty1186,85.5,yes
fig-000004,cty1187,85.5,yes
fig-000004,cty1188,85.5,yes
fig-000003,cty1189,85.5,yes
fig-000004,cty1190,85.5,yes
fig-000005,hs067,85.5,yes
fig-005038,sh0656,90.0,yes
fig-005038,sh0656s,90.0,yes
fig-005042,sh0652,90.0,yes
fig-005606,sh0653,90.0,yes
fig-006498,sh0654,90.0,yes
fig-000007,sh0655,85.5,yes
fig-000004,47394pb169a,85.5,yes
fig-000003,47394pb168a,85.5,yes
fig-000004,47394pb182a,85.5,yes
fig-001327,div024,90.0,yes
fig-010244,njo0619,100.0,yes
fig-010243,njo0620,100.0,yes
fig-000005,sh0589a,85.5,yes
fig-009072,njo0621,100.0,yes
fig-000003,pi185,85.5,yes
fig-000004,pi186,85.5,yes
fig-000003,pi187,85.5,yes
fig-000417,njo0622,85.5,yes
fig-000004,trn253,85.5,yes
fig-000005,trn254,85.5,yes
fig-000003,cty1191,85.5,yes
fig-008980,frnd372,95.0,yes
fig-005606,sh0657,90.0,yes
fig-002553,jw062,90.0,yes
fig-005976,jw063,90.0,yes
fig-005990,jw064,90.0,yes
fig-000005,jw065,85.5,yes
fig-000049,gen149,85.5,yes
fig-000003,frnd373,85.5,yes
fig-002718,frnd374,86.2,yes
fig-000007,frnd375,85.5,yes
fig-000005,frnd376,85.5,yes
fig-000004,sw1103,85.5,yes
fig-000010,sw1102,85.5,yes
fig-000007,sw1104,85.5,yes
fig-001846,jw066,90.0,yes
fig-000007,jw067,85.5,yes
fig-000007,jw068,85.5,yes
fig-000007,njo0623,85.5,yes
fig-000007,sh0658,85.5,yes
fig-000007,sh0659,85.5,yes
fig-004630,sh0660,90.0,yes
fig-000007,frnd378,85.5,yes
fig-000005,frnd377,85.5,yes
fig-000010,frnd379,85.5,yes
fig-000003,twn400,85.5,yes
fig-000898,sw1134,90.0,yes
fig-000898,sw1133,90.0,yes
fig-000003,frnd382,85.5,yes
fig-000007,frnd380,85.5,yes
fig-000007,frnd381,85.5,yes
fig-009396,sh0661,90.0,yes
fig-000010,sh0662,85.5,yes
fig-000003,dp096,85.5,yes
fig-000010,sh0663,85.5,yes
fig-000007,sw1116,85.5,yes
fig-000004,LLP017,85.5,yes
fig-000003,LLP018,85.5,yes
fig-000005,LLP019,85.5,yes
fig-000004,LLP020,85.5,yes
fig-000005,nex151,85.5,yes
fig-000010,mar0013,85.5,yes
fig-012221,mar0014,90.0,yes
fig-012197,mar0001,90.0,yes
fig-006335,mar0015,90.0,yes
fig-012198,mar0002,90.0,yes
fig-006029,mar0003,90.0,yes
fig-012223,mar0016,90.0,yes
fig-012224,mar0017,90.0,yes
fig-012229,mar0018,90.0,yes
fig-012234,mar0019,90.0,yes
fig-012205,mar0004,90.0,yes
fig-012235,mar0020,90.0,yes
fig-000309,mar0021,85.5,yes
fig-000007,mar0023,85.5,yes
fig-012197,mar0005,90.0,yes
fig-010759,mar0006,90.0,yes
fig-012208,mar0007,100.0,yes
fig-006029,mar0008,90.0,yes
fig-000269,mar0025,85.5,yes
fig-000309,mar0026,85.5,yes
fig-012212,mar0009,100.0,yes
fig-000309,mar0028,85.5,yes
fig-008915,mar0029,100.0,yes
fig-009089,mar0030,90.0,yes
fig-012248,mar0031,100.0,yes
fig-012213,mar0010,90.0,yes
fig-012215,mar0011,90.0,yes
fig-000269,mar0032,85.5,yes
fig-010679,mar0033,100.0,yes
fig-000003,mar0012,85.5,yes
fig-006029,mar0027,90.0,yes
fig-000007,mar0022,85.5,yes
fig-000061,mar0024,85.5,yes
fig-000004,cty1192,85.5,yes
fig-000004,cty1193,85.5,yes
fig-000004,cty1194,85.5,yes
fig-008421,cty1195,90.0,yes
fig-000003,cty1196,85.5,yes
fig-010312,njo0624,90.0,yes
fig-008977,frnd389,90.0,yes
fig-000005,frnd388,85.5,yes
fig-000005,sh0664,85.5,yes
fig-000005,frnd384,85.5,yes
fig-000003,frnd383,85.5,yes
fig-012203,hs068,95.0,yes
fig-000003,frnd385,85.5,yes
fig-000007,frnd386,85.5,yes
fig-000005,frnd387,85.5,yes
fig-000109,njo0625,85.5,yes
fig-010261,min083,100.0,yes
fig-010262,min084,100.0,yes
fig-010259,min085,100.0,yes
fig-010260,min086,100.0,yes
fig-005279,frnd390,90.0,yes
fig-000005,frnd391,85.5,yes
fig-000007,frnd392,85.5,yes
fig-000007,hs069,85.5,yes
fig-000007,dp097,85.5,yes
fig-000027,sh0665,85.5,yes
fig-016201,dp098,90.0,yes
fig-000007,dp100,85.5,yes
fig-000007,dp101,85.5,yes
fig-010627,dp099,90.0,yes
fig-010645,njo0626,95.0,yes
fig-010298,njo0627,94.4,yes
fig-000003,cty1197,85.5,yes
fig-000003,cty1198,85.5,yes
fig-000898,cty1199,90.0,yes
fig-014065,crs039,90.0,yes
fig-014051,crs041,100.0,yes
fig-000038,crs040s,85.5,yes
fig-000007,crs042,85.5,yes
fig-014050,crs038,93.6,yes
fig-014049,crs037,100.0,yes
fig-013752,crs043,100.0,yes
fig-010491,tech021a,89.5,yes
fig-011281,tech021b,95.0,yes
fig-005606,sh0668,90.0,yes
fig-005606,sh0669,90.0,yes
fig-011608,sh0666,90.0,yes
fig-005430,sh0667,90.1,yes
fig-010382,hol198,100.0,yes
fig-010205,hol199,100.0,yes
fig-001619,hol200,100.0,yes
fig-014060,hol201,90.0,yes
fig-000004,cty1200,85.5,yes
fig-001052,mk022,90.0,yes
fig-000007,sh0497a,85.5,yes
fig-000005,sh0497as,85.5,yes
fig-000061,mar0034,85.5,yes
fig-000007,mar0035,85.5,yes
fig-010493,tech027a,91.9,yes
fig-010499,tech036,88.6,yes
fig-010486,tech001a,96.8,yes
fig-000003,tech037,85.5,yes
fig-010489,tech019a,90.7,yes
fig-000004,tech023a,85.5,yes
fig-010487,tech001b,96.9,yes
fig-012208,mar0036,90.0,yes
fig-010285,cty1201,90.0,yes
fig-002153,cty1202,90.0,yes
fig-000003,tech038,85.5,yes
fig-010494,tech040,88.6,yes
fig-010288,cty1203,90.0,yes
fig-000019,cty1204,85.5,yes
fig-010289,cty1205,90.0,yes
fig-000019,cty1206,85.5,yes
fig-016278,30599pb01,81.8,no
fig-002141,30598pb01,85.5,yes
fig-000005,dp102,85.5,yes
fig-010759,mar0037,90.0,yes
fig-000007,sw1112,85.5,yes
fig-000010,hp242,85.5,yes
fig-000019,mar0038,85.5,yes
fig-003439,sh0670,90.0,yes
fig-000005,frnd393,85.5,yes
fig-012244,mar0039,90.0,yes
fig-016076,colhp23,90.0,yes
fig-000045,colhp24,85.5,yes
fig-000075,colhp25,85.5,yes
fig-016076,colhp26,90.0,yes
fig-016076,colhp27,90.0,yes
fig-016076,colhp28,90.0,yes
fig-016076,colhp29,90.0,yes
fig-010584,colhp30,90.0,yes
fig-010579,colhp31,90.0,yes
fig-016076,colhp32,90.0,yes
fig-016076,colhp33,90.0,yes
fig-000045,colhp34,85.5,yes
fig-012678,colhp35,90.0,yes
fig-013055,colhp36,90.0,yes
fig-000075,colhp37,85.5,yes
fig-000045,colhp38,85.5,yes
fig-000004,hs072,85.5,yes
fig-000007,hs071,85.5,yes
fig-009877,hs070,100.0,yes
fig-009873,hs073,90.0,yes
fig-000005,sp130,85.5,yes
fig-000269,ww026,85.5,yes
fig-000010,hol202,85.5,yes
fig-000005,hp243,85.5,yes
fig-010518,hp244,90.0,yes
fig-000004,hp255,85.5,yes
fig-010516,hp245,100.0,yes
fig-010517,hp246,97.1,yes
fig-016076,hp247,90.0,yes
fig-000010,hp248,85.5,yes
fig-010579,hp249,90.0,yes
fig-000010,hp250,85.5,yes
fig-010511,hp251,88.3,yes
fig-010512,hp252,87.5,yes
fig-000010,hp253,85.5,yes
fig-000005,hp254,85.5,yes
fig-000004,tech013a,85.5,yes
fig-010505,njo0628,92.9,yes
fig-000005,colhp39,85.5,yes
fig-000007,frnd394,85.5,yes
fig-000007,frnd395,85.5,yes
fig-000007,frnd396,85.5,yes
fig-000005,frnd397,85.5,yes
fig-016076,hp256,90.0,yes
fig-000007,frnd398,85.5,yes
fig-002153,cty1207,90.0,yes
fig-000030,cty1208,85.5,yes
fig-000482,cty1209,90.0,yes
fig-000007,frnd399,85.5,yes
fig-000053,frnd400,85.5,yes
fig-003265,frnd401,85.5,yes
fig-000005,frnd402,85.5,yes
fig-015107,hp257,90.0,yes
fig-015107,hp258,90.0,yes
fig-010681,sw1124,100.0,yes
fig-010673,sw1125,97.4,yes
fig-010674,sw1126,90.0,yes
fig-010675,sw1127,100.0,yes
fig-010676,sw1128,100.0,yes
fig-010677,sw1129,100.0,yes
fig-010678,sw1130,100.0,yes
fig-000004,sw1131,85.5,yes
fig-000007,sw1132,85.5,yes
fig-001771,njo0629,90.0,yes
fig-000053,njo0630,85.5,yes
fig-000003,tech008a,85.5,yes
fig-000003,tech009a,85.5,yes
fig-000007,dp103,85.5,yes
fig-010539,dp104,91.0,yes
fig-000005,mar0040,85.5,yes
fig-003145,frnd403,90.0,yes
fig-000005,frnd404,85.5,yes
fig-000007,frnd405,85.5,yes
fig-000033,hp259,85.5,yes
fig-000010,hp260,85.5,yes
fig-010557,hp261,100.0,yes
fig-000004,cty1210,85.5,yes
fig-000003,cty1211,85.5,yes
fig-000004,cty1212,85.5,yes
fig-000001,cty1213,85.5,yes
fig-000004,cty1214,85.5,yes
fig-000004,cty1215,85.5,yes
fig-000004,cty1216,85.5,yes
fig-009554,cty1217,90.2,yes
fig-000007,cty1218,85.5,yes
fig-010559,cty1219,95.9,yes
fig-000004,cty1220,85.5,yes
fig-010564,cty1221,86.7,yes
fig-000007,cty1222,85.5,yes
fig-000010,dp105,85.5,yes
fig-003602,dp106,90.0,yes
fig-000005,hol203,85.5,yes
fig-000005,hol204,85.5,yes
fig-000005,hol205,85.5,yes
fig-000038,hol206,85.5,yes
fig-000006,njo0574a,85.5,yes
fig-000005,frnd406,85.5,yes
fig-000005,dp054a,85.5,yes
fig-013020,hol207,85.7,yes
fig-000004,hol208,85.5,yes
fig-000027,btb010,85.5,yes
fig-010668,njo0631,100.0,yes
fig-000004,tech033a,85.5,yes
fig-000003,tech034a,85.5,yes
fig-000004,cty1223,85.5,yes
fig-000426,njo0632,85.5,yes
fig-000004,tech023as,85.5,yes
fig-000005,frnd407,85.5,yes
fig-000005,frnd408,85.5,yes
fig-000032,twt022,85.5,yes
fig-000038,twt023,85.5,yes
fig-014168,twt024,90.0,yes
fig-004706,twt025,90.0,yes
fig-000408,twt026,85.5,yes
fig-001773,mk023,100.0,yes
fig-010274,mk024,100.0,yes
fig-010271,mk025,90.0,yes
fig-010724,stu014,100.0,yes
fig-010272,mk026a,90.0,yes
fig-010272,mk026,90.0,yes
fig-000004,par009a,85.5,yes
fig-001262,hol210,90.0,yes
fig-000113,hol209,85.5,yes
fig-009874,hs074,90.0,yes
fig-010732,sh0672,96.0,yes
fig-001050,sh0671,90.0,yes
fig-010729,idea074,100.0,yes
fig-010728,idea077,100.0,yes
fig-010731,idea075,100.0,yes
fig-010730,idea076,100.0,yes
fig-010727,idea073,100.0,yes
fig-012547,idea078,100.0,yes
fig-010726,hp262,92.2,yes
fig-012547,idea079,90.0,yes
fig-009882,hs075,92.3,yes
fig-000007,cty1224,85.5,yes
fig-000007,sh0673,85.5,yes
fig-000005,sh0673s,85.5,yes
fig-000004,47394pb190a,85.5,yes
fig-000003,4555pb070a,85.5,yes
fig-010690,sh0674,90.0,yes
fig-000003,sh0675,85.5,yes
fig-010691,sh0676,100.0,yes
fig-000007,cty0890a,85.5,yes
fig-010720,njo0633,92.9,yes
fig-002044,sh0592a,90.0,yes
fig-016461,tms11,85.5,yes
fig-010857,sw1136,100.0,yes
fig-004464,sw1135,90.0,yes
fig-010686,hol211,100.0,yes
fig-010687,hol213,100.0,yes
fig-010688,hol212,90.0,yes
fig-010685,sh0677,100.0,yes
fig-010735,hol214,86.0,yes
fig-000004,hol215,85.5,yes
fig-000001,tls099,85.5,yes
fig-010748,hol216,89.6,yes
fig-000010,hol217,85.5,yes
fig-010264,cty1225,90.0,yes
fig-010750,gen150,100.0,yes
fig-010275,mk027,100.0,yes
fig-012094,njo0634,90.0,yes
fig-000004,njo0635,85.5,yes
fig-000003,res012a,85.5,yes
fig-015512,hol218,90.0,yes
fig-000004,47394pb207a,85.5,yes
fig-000004,47394pb173a,85.5,yes
fig-000003,47394pb170a,85.5,yes
fig-000004,47394pb180a,85.5,yes
fig-000003,47394pb206a,85.5,yes
fig-000004,47394pb209a,85.5,yes
fig-000003,47394pb171a,85.5,yes
fig-000004,47394pb208a,85.5,yes
fig-000004,47394pb157a,85.5,yes
fig-000004,47394pb165a,85.5,yes
fig-000003,47394pb302,85.5,yes
fig-000003,47394pb183a,85.5,yes
fig-000003,47394pb174a,85.5,yes
fig-000003,47205pb044a,85.5,yes
fig-000003,47205pb039a,85.5,yes
fig-000004,47205pb035a,85.5,yes
fig-000004,47394pb191a,85.5,yes
fig-000004,47394pb297,85.5,yes
fig-000003,47394pb298,85.5,yes
fig-000003,47205pb076,85.5,yes
fig-000003,47394pb299,85.5,yes
fig-011281,tech006a,95.0,yes
fig-011281,tech006b,95.0,yes
fig-000004,47394pb300,85.5,yes
fig-000003,47394pb301,85.5,yes
fig-000003,47205pb025a,85.5,yes
fig-000003,47205pb041a,85.5,yes
fig-000005,frnd409,85.5,yes
fig-010903,frnd410,85.5,yes
fig-000053,frnd411,85.5,yes
fig-000007,sh0678,85.5,yes
fig-000038,frnd412,85.5,yes
fig-000040,frnd413,85.5,yes
fig-014739,frnd414,90.0,yes
fig-000003,frnd415,85.5,yes
fig-010776,frnd416,85.5,yes
fig-000004,frnd417,85.5,yes
fig-000053,frnd418,85.5,yes
fig-011033,tech029a,96.5,yes
fig-000004,cty1226,85.5,yes
fig-000004,cty1227,85.5,yes
fig-000004,47394pb231a,85.5,yes
fig-000004,47394pb215a,85.5,yes
fig-000003,env003,85.5,yes
fig-010753,min087,95.0,yes
fig-000005,hol219,85.5,yes
fig-012221,mar0041,90.0,yes
fig-010759,mar0042,90.0,yes
fig-010759,mar0043,90.0,yes
fig-000004,cty1228,85.5,yes
fig-000004,cty1229,85.5,yes
fig-000004,cty1230,85.5,yes
fig-000003,cty1231,85.5,yes
fig-000003,twn401,85.5,yes
fig-000010,min089,85.5,yes
fig-006477,min088,90.0,yes
fig-000005,sw1137,85.5,yes
fig-013694,sw1138,90.0,yes
fig-000004,sw1139,85.5,yes
fig-001574,sw1140,85.5,yes
fig-000004,cty1232,85.5,yes
fig-010757,cty1233,86.6,yes
fig-008334,cty1234,86.8,yes
fig-010755,cty1235,85.7,yes
fig-014368,min090,90.0,yes
fig-000003,cty1236,85.5,yes
fig-000007,dp107,85.5,yes
fig-000003,cty1237,85.5,yes
fig-000004,cty1238,85.5,yes
fig-000049,cty1239,90.0,yes
fig-012245,mar0044,90.0,yes
fig-000004,hp263,85.5,yes
fig-000005,hp264,85.5,yes
fig-010871,hp265,92.3,yes
fig-006029,mar0045,90.0,yes
fig-010710,idea080,95.0,yes
fig-010910,idea081,89.0,yes
fig-011017,col374,90.0,yes
fig-011013,col375,90.0,yes
fig-011014,col376,90.0,yes
fig-000211,col377,85.5,yes
fig-011016,col378,90.0,yes
fig-011019,col379,90.0,yes
fig-000211,col380,85.5,yes
fig-011023,col381,90.0,yes
fig-011022,col382,90.0,yes
fig-011012,col383,90.0,yes
fig-000019,col384,85.5,yes
fig-011020,col385,90.0,yes
fig-000003,cty1240,85.5,yes
fig-000003,cty1241,85.5,yes
fig-000004,cty1242,85.5,yes
fig-000004,cty1243,85.5,yes
fig-010790,cty1244,90.0,yes
fig-000004,cty1245,85.5,yes
fig-010791,cty1246,86.6,yes
fig-000003,cty1247,85.5,yes
fig-000003,cty1248,85.5,yes
fig-006151,hp266,89.9,yes
fig-010881,hp267,92.6,yes
fig-010882,hp268,92.7,yes
fig-000004,hp270,85.5,yes
fig-000005,hp269,85.5,yes
fig-000004,hp271,85.5,yes
fig-010982,njo0636,90.0,yes
fig-010981,njo0637,100.0,yes
fig-010980,njo0638,100.0,yes
fig-002736,njo0639,100.0,yes
fig-012094,njo0640,90.0,yes
fig-010884,hp272,92.8,yes
fig-010885,hp273,92.6,yes
fig-000004,hp274,85.5,yes
fig-000006,njo0681,85.5,yes
fig-008421,hol220,90.0,yes
fig-000004,hol221,85.5,yes
fig-000004,hol222,85.5,yes
fig-000004,hol223,85.5,yes
fig-002966,hol224,90.0,yes
fig-000003,cty1249,85.5,yes
fig-005667,twn402,75.0,no
fig-000166,twn403,85.5,yes
fig-000030,twn404,85.5,yes
fig-000030,twn405,85.5,yes
fig-000070,twn406,85.5,yes
fig-000003,cty1250,85.5,yes
fig-000003,cty1251,85.5,yes
fig-000003,cty1252,85.5,yes
fig-000007,cty1253,85.5,yes
fig-000003,dp108,85.5,yes
fig-000038,dp109,85.5,yes
fig-000010,cty1254,85.5,yes
fig-000003,cty1255,85.5,yes
fig-010285,cty1256,90.0,yes
fig-002153,cty1257,90.0,yes
fig-000004,cty1258,85.5,yes
fig-000003,frnd420,85.5,yes
fig-000005,frnd421,85.5,yes
fig-000007,njo0642,85.5,yes
fig-000004,njo0643,85.5,yes
fig-000007,njo0644,85.5,yes
fig-010960,njo0645,95.0,yes
fig-000005,frnd422,85.5,yes
fig-000012,cty1259,85.5,yes
fig-000085,cty1260,85.5,yes
fig-000004,cty1261,85.5,yes
fig-000035,cty1262,85.5,yes
fig-000007,njo0646,85.5,yes
fig-001953,sh0679,90.0,yes
fig-000007,sh0681,85.5,yes
fig-000053,njo0647,85.5,yes
fig-000003,njo0648,85.5,yes
fig-000452,njo0649,90.0,yes
fig-000004,hol225,85.5,yes
fig-000007,sh0680,85.5,yes
fig-000003,sh0682,85.5,yes
fig-012244,mar0046,90.0,yes
fig-000004,hol226,85.5,yes
fig-000003,hol227,85.5,yes
fig-005609,sh0683,90.0,yes
fig-001953,sh0684,90.0,yes
fig-012045,hol228,88.0,yes
fig-015202,hol229,91.0,yes
fig-000004,hol230,85.5,yes
fig-011021,min091,100.0,yes
fig-000010,min092,85.5,yes
fig-008192,hol231,90.3,yes
fig-000003,hol232,85.5,yes
fig-000061,hol233,85.5,yes
fig-000004,cty1263,85.5,yes
fig-012094,njo0650,90.0,yes
fig-000004,njo0576a,85.5,yes
fig-000907,hol235,90.0,yes
fig-012094,njo0651,90.0,yes
fig-001771,njo0652,90.0,yes
fig-001771,njo0653,90.0,yes
fig-000003,cty1264,85.5,yes
fig-012552,hol234,89.4,yes
fig-000004,cty1265,85.5,yes
fig-000003,cty1266,85.5,yes
fig-000003,twn407,85.5,yes
fig-000004,twn408,85.5,yes
fig-000007,njo0575a,85.5,yes
fig-012258,mar0047,90.0,yes
fig-000034,mar0048,85.5,yes
fig-000034,mar0049,85.5,yes
fig-012261,mar0050,90.0,yes
fig-000005,frnd423,85.5,yes
fig-010795,cty1267,90.9,yes
fig-000003,cty1268,85.5,yes
fig-000003,cty1269,85.5,yes
fig-009549,cty1270,86.9,yes
fig-000004,cty1271,85.5,yes
fig-000004,cty1272,85.5,yes
fig-000005,sh0685,85.5,yes
fig-000007,dp110,85.5,yes
fig-013847,dp111,90.0,yes
fig-001052,dp112,90.0,yes
fig-001517,dp113,90.0,yes
fig-011407,sh0686,90.0,yes
fig-000006,njo0654,85.5,yes
fig-006523,gen151,67.5,no
fig-000007,sh0687,85.5,yes
fig-000007,crs044,85.5,yes
fig-000003,47394pb303,85.5,yes
fig-000003,47394pb304,85.5,yes
fig-000003,47394pb305,85.5,yes
fig-000003,47394pb306,85.5,yes
fig-000003,47205pb077,85.5,yes
fig-000003,47205pb078,85.5,yes
fig-000003,47205pb079,85.5,yes
fig-000061,njo0658,85.5,yes
fig-010944,njo0655,93.3,yes
fig-010933,njo0656,93.3,yes
fig-001281,njo0657,90.0,yes
fig-000005,frnd424,85.5,yes
fig-000004,edu009,85.5,yes
fig-000005,edu010,85.5,yes
fig-008259,njo0659,90.0,yes
fig-010934,njo0660,100.0,yes
fig-010936,njo0661,100.0,yes
fig-003925,njo0662,100.0,yes
fig-012263,mar0052,90.0,yes
fig-000007,mar0051,85.5,yes
fig-010942,njo0663,100.0,yes
fig-010938,njo0664,100.0,yes
fig-003069,njo0665,90.0,yes
fig-010948,njo0666,100.0,yes
fig-010937,njo0667,90.0,yes
fig-000072,njo0668,85.5,yes
fig-000020,cty1273,85.5,yes
fig-000003,cty1274,85.5,yes
fig-000022,njo0669,85.5,yes
fig-000007,njo0670,85.5,yes
fig-010929,njo0671,100.0,yes
fig-010925,njo0672,94.1,yes
fig-010950,njo0673,100.0,yes
fig-010931,njo0674,90.9,yes
fig-000053,njo0675,85.5,yes
fig-012264,mar0053,90.0,yes
fig-000007,sh0688,85.5,yes
fig-000004,sh0689,85.5,yes
fig-008777,hol236,90.0,yes
fig-003576,dp114,90.0,yes
fig-000034,njo0676,85.5,yes
fig-000004,cty1275,85.5,yes
fig-000022,cty1276,85.5,yes
fig-000003,cty1277,85.5,yes
fig-000004,cty1278,85.5,yes
fig-000004,cty1279,85.5,yes
fig-002103,cty1280,90.0,yes
fig-000004,cty1281,85.5,yes
fig-000003,cty1282,85.5,yes
fig-010820,cty1283,88.8,yes
fig-000012,cty1284,90.0,yes
fig-000053,crs045,85.5,yes
fig-014065,crs047,90.0,yes
fig-000007,crs046,85.5,yes
fig-016461,tms01,85.5,yes
fig-000012,tms02,85.5,yes
fig-001464,hol237,90.0,yes
fig-000010,hol235a,85.5,yes
fig-011066,hol238,85.9,yes
fig-000004,hol238a,85.5,yes
fig-000004,hol239,85.5,yes
fig-014065,crs065,90.0,yes
fig-000072,crs067,85.5,yes
fig-014062,crs066,100.0,yes
fig-011643,crs064,90.0,yes
fig-000007,frnd425,85.5,yes
fig-002935,frnd426,90.0,yes
fig-011087,mar0054,90.0,yes
fig-011088,mar0055,90.0,yes
fig-000034,mar0056,85.5,yes
fig-000046,30599pb02,85.5,yes
fig-000023,30599pb03,85.5,yes
fig-001850,30598pb02,67.5,no
fig-000295,30599pb04,85.5,yes
fig-005658,30598pb03,67.5,no
fig-000166,30598pb04,85.5,yes
fig-011132,30599pb05,72.0,no
fig-006333,30599pb06,77.1,no
fig-004553,30598pb05,90.0,yes
fig-002691,30598pb06,85.5,yes
fig-004580,30599pb07,77.1,no
fig-000579,30598pb07,68.4,no
fig-016461,tms03,85.5,yes
fig-016461,tms04,85.5,yes
fig-001515,tms05,85.5,yes
fig-016461,tms06,85.5,yes
fig-013890,tms07,90.0,yes
fig-001521,tms08,85.5,yes
fig-000012,tms09,85.5,yes
fig-013108,tms10,85.5,yes
fig-006524,idea082,90.0,yes
fig-000057,idea083,85.5,yes
fig-000004,idea084,85.5,yes
fig-000004,idea085,85.5,yes
fig-001400,30598pb08,85.5,yes
fig-000003,cty0964a,85.5,yes
fig-000005,sp131,85.5,yes
fig-000005,sp131s,85.5,yes
fig-011090,mar0057,100.0,yes
fig-011091,mar0058,90.0,yes
fig-016461,btb001,85.5,yes
fig-000038,btb002,85.5,yes
fig-016461,btb003,85.5,yes
fig-011086,rac077,100.0,yes
fig-001953,sh0691,90.0,yes
fig-000932,sh0692,90.0,yes
fig-011098,sh0693,95.0,yes
fig-000034,mar0059,85.5,yes
fig-000027,btb004,85.5,yes
fig-000004,njo0682,85.5,yes
fig-000009,njo0683,85.5,yes
fig-000009,njo0687,85.5,yes
fig-000005,njo0679,85.5,yes
fig-000009,njo0678,85.5,yes
fig-000009,njo0680,85.5,yes
fig-011190,njo0677,100.0,yes
fig-011186,njo0684,87.5,yes
fig-011185,njo0686,100.0,yes
fig-011182,njo0685,100.0,yes
fig-011171,vid001,100.0,yes
fig-011173,vid003,100.0,yes
fig-011174,vid004,90.0,yes
fig-011176,vid005,100.0,yes
fig-000003,LLP021,85.5,yes
fig-000004,LLP022,85.5,yes
fig-000004,LLP023,85.5,yes
fig-008945,hp236a,90.0,yes
fig-000318,rac078,90.0,yes
fig-011243,hol240,95.0,yes
fig-010202,min093,90.0,yes
fig-011201,mar0060,90.0,yes
fig-000003,LLP024,85.5,yes
fig-011163,vid015,90.0,yes
fig-000075,vid006,85.5,yes
fig-000075,vid007,85.5,yes
fig-000075,vid013,85.5,yes
fig-000075,vid012,85.5,yes
fig-011162,vid017,90.0,yes
fig-011169,vid009,90.0,yes
fig-011170,vid008,90.0,yes
fig-011167,vid011,90.0,yes
fig-000075,vid010,85.5,yes
fig-011159,vid018,90.0,yes
fig-011175,vid016,100.0,yes
fig-011172,vid014,91.7,yes
fig-016046,rac079,100.0,yes
fig-000075,vid002,85.5,yes
fig-016047,rac080,100.0,yes
fig-016048,rac081,100.0,yes
fig-000010,sw1141,85.5,yes
fig-011127,sw1142,100.0,yes
fig-001228,sw1143,85.5,yes
fig-000004,47205pb080,85.5,yes
fig-000004,47205pb081,85.5,yes
fig-000004,47205pb082,85.5,yes
fig-000003,47205pb083,85.5,yes
fig-000004,47205pb084,85.5,yes
fig-000003,47394pb307,85.5,yes
fig-000003,47394pb308,85.5,yes
fig-000007,sh0694,85.5,yes
fig-001052,poc043,90.0,yes
fig-016049,rac082,100.0,yes
fig-016050,rac083,100.0,yes
fig-000010,dp116,85.5,yes
fig-011131,dp117,100.0,yes
fig-000004,njo0688,85.5,yes
fig-011101,sh0695,90.0,yes
fig-000005,mk028,85.5,yes
fig-000010,mk029,85.5,yes
fig-011149,mk030,100.0,yes
fig-011150,mk031,100.0,yes
fig-011145,mk032,100.0,yes
fig-008262,mk033,90.0,yes
fig-011143,mk034,100.0,yes
fig-011148,mk035,100.0,yes
fig-016051,rac084,100.0,yes
fig-011948,njo0689,90.0,yes
fig-000007,dp118,85.5,yes
fig-011133,mk036,100.0,yes
fig-011132,mk037,100.0,yes
fig-000005,mk038,85.5,yes
fig-001052,mk039,90.0,yes
fig-000034,sh0690,85.5,yes
fig-000004,twn409,85.5,yes
fig-000004,twn410,85.5,yes
fig-000004,mk040,85.5,yes
fig-000004,sh0696,85.5,yes
fig-000005,mk041,85.5,yes
fig-011210,cty1285,87.7,yes
fig-000102,sw1145,85.5,yes
fig-000004,cty1286,85.5,yes
fig-010942,njo0690,90.0,yes
fig-011174,vid004a,90.0,yes
fig-016052,rac085,100.0,yes
fig-011103,dp119,90.0,yes
fig-011102,dp120,100.0,yes
fig-011129,min095,100.0,yes
fig-000010,min096,85.5,yes
fig-000010,min097,85.5,yes
fig-016053,rac086,88.7,yes
fig-016054,rac087,88.7,yes
fig-000858,gen152,100.0,yes
fig-000005,frnd427,85.5,yes
fig-011120,frnd428,85.5,yes
fig-002354,frnd429,85.5,yes
fig-000005,frnd430,85.5,yes
fig-000003,frnd431,85.5,yes
fig-009077,njo0691,90.0,yes
fig-000049,fst033,85.5,yes
fig-000003,frnd432,85.5,yes
fig-000010,hol241,85.5,yes
fig-000007,mk042,85.5,yes
fig-011135,mk043,100.0,yes
fig-011138,mk044,100.0,yes
fig-016055,rac088,100.0,yes
fig-016056,rac089,100.0,yes
fig-011226,idea086,100.0,yes
fig-011224,idea087,100.0,yes
fig-011225,idea088,100.0,yes
fig-011223,idea089,100.0,yes
fig-000005,idea090,85.5,yes
fig-010723,sw1147,86.7,yes
fig-013704,idea091,75.0,no
fig-000003,tech039,85.5,yes
fig-011235,tech003a,90.1,yes
fig-000005,frnd433,85.5,yes
fig-000005,frnd434,85.5,yes
fig-000003,frnd435,85.5,yes
fig-000029,frnd436,85.5,yes
fig-000007,frnd437,85.5,yes
fig-014065,crs068,90.0,yes
fig-014090,crs069,100.0,yes
fig-014087,crs070,100.0,yes
fig-000061,crs071,85.5,yes
fig-014059,crs072,100.0,yes
fig-014063,crs073,100.0,yes
fig-014065,crs074,90.0,yes
fig-011109,mk045,93.9,yes
fig-000022,mk046,85.5,yes
fig-005610,sh0697,90.0,yes
fig-011232,sh0698,100.0,yes
fig-000429,cty1287,85.5,yes
fig-000211,collt01,85.5,yes
fig-000211,collt02,85.5,yes
fig-000211,collt03,85.5,yes
fig-011274,collt04,90.0,yes
fig-000211,collt05,85.5,yes
fig-000211,collt06,85.5,yes
fig-000211,collt07,85.5,yes
fig-011271,collt08,90.0,yes
fig-000211,collt09,85.5,yes
fig-011277,collt10,90.0,yes
fig-000211,collt12,85.5,yes
fig-011276,collt11,90.0,yes
fig-014049,crs075,90.0,yes
fig-014072,crs076,100.0,yes
fig-000007,crs077,85.5,yes
fig-014073,crs078,100.0,yes
fig-000053,crs079,85.5,yes
fig-014076,crs080,90.0,yes
fig-000003,frnd438,85.5,yes
fig-014076,crs080s,90.0,yes
fig-000005,mk047,85.5,yes
fig-000004,rac090,85.5,yes
fig-011221,hp275,95.0,yes
fig-000004,47394pb051a,85.5,yes
fig-011016,hol245,90.0,yes
fig-000005,rac091,85.5,yes
fig-000005,rac092,85.5,yes
fig-011581,gen153,90.0,yes
fig-011582,gen154,90.0,yes
fig-000005,rac093,85.5,yes
fig-000003,cty1288,85.5,yes
fig-011537,vid019,100.0,yes
fig-011538,vid020,100.0,yes
fig-011529,vid021,100.0,yes
fig-011530,vid022,100.0,yes
fig-011138,vid023,90.0,yes
fig-011532,vid024,87.5,yes
fig-011541,vid025,100.0,yes
fig-011539,vid026,100.0,yes
fig-011540,vid027,100.0,yes
fig-011543,vid028,100.0,yes
fig-011542,vid029,100.0,yes
fig-011544,vid030,100.0,yes
fig-011535,vid031,100.0,yes
fig-011533,vid032,100.0,yes
fig-011536,vid033,100.0,yes
fig-011534,vid034,100.0,yes
fig-011854,vid038,90.0,yes
fig-000075,vid042,85.5,yes
fig-000075,vid044,85.5,yes
fig-000075,vid037,85.5,yes
fig-000075,vid035,85.5,yes
fig-011819,vid040,90.0,yes
fig-011818,vid046,90.0,yes
fig-011855,vid045,90.0,yes
fig-000075,vid036,85.5,yes
fig-011817,vid043,90.0,yes
fig-011816,vid039,90.0,yes
fig-011853,vid041,90.0,yes
fig-012619,rac094,90.0,yes
fig-011260,sh0700,100.0,yes
fig-000001,gen155,85.5,yes
fig-011258,sh0699,100.0,yes
fig-005018,sh0701,90.0,yes
fig-011257,sh0702,100.0,yes
fig-011261,sh0706,100.0,yes
fig-011262,sh0705,100.0,yes
fig-000007,mnn007,85.5,yes
fig-000048,mnn008,85.5,yes
fig-011255,mnn009,87.5,yes
fig-000003,47205pb085,85.5,yes
fig-000003,cop057,85.5,yes
fig-000004,sw1153,85.5,yes
fig-000303,sw1148,85.5,yes
fig-000664,sw1149,85.5,yes
fig-000664,sw1150,85.5,yes
fig-000303,sw1151,85.5,yes
fig-011623,sw1152,90.0,yes
fig-000009,njo0692,85.5,yes
fig-016058,rac095,90.0,yes
fig-000020,mk048,85.5,yes
fig-000004,47205pb014a,85.5,yes
fig-000003,47205pb016a,85.5,yes
fig-000003,47394pb197a,85.5,yes
fig-000004,47394pb159a,85.5,yes
fig-014060,crs081,100.0,yes
fig-010496,tech033s,90.3,yes
fig-010497,tech034s,86.1,yes
fig-011264,cty1289,95.0,yes
fig-000005,cty1290,85.5,yes
fig-016059,rac096,100.0,yes
fig-016060,rac097,100.0,yes
fig-016061,rac098,100.0,yes
fig-016062,rac099,100.0,yes
fig-016063,rac100,100.0,yes
fig-016064,rac101,100.0,yes
fig-016065,rac102,90.0,yes
fig-000007,sh0703,85.5,yes
fig-001050,sh0704,90.0,yes
fig-000003,47394pb310,85.5,yes
fig-000003,47394pb309,85.5,yes
fig-000010,oct070,85.5,yes
fig-000005,frnd439,85.5,yes
fig-000005,frnd440,85.5,yes
fig-000003,frnd441,85.5,yes
fig-000007,sh0707,85.5,yes
fig-001953,sh0708,90.0,yes
fig-006449,ftv001,90.0,yes
fig-006447,ftv002,90.0,yes
fig-006344,ftv003,90.0,yes
fig-006451,ftv004,90.0,yes
fig-006453,ftv005,90.0,yes
fig-006452,ftv007,90.0,yes
fig-011444,ftv006,100.0,yes
fig-016066,rac103,100.0,yes
fig-000004,LLP025,85.5,yes
fig-000003,LLP026,85.5,yes
fig-000003,LLP027,85.5,yes
fig-000010,LLP028,85.5,yes
fig-000004,LLP029,85.5,yes
fig-000005,LLP030,85.5,yes
fig-000005,LLP031,85.5,yes
fig-000003,47394pb302a,85.5,yes
fig-011475,frnd442,88.2,yes
fig-011522,njo0693,97.1,yes
fig-000061,hp276,85.5,yes
fig-000004,min098,85.5,yes
fig-000003,frnd443,85.5,yes
fig-000007,sh0709,85.5,yes
fig-004895,sh0710,90.0,yes
fig-000061,sh0711,85.5,yes
fig-009810,cty1291,85.9,yes
fig-011295,sh0712,100.0,yes
fig-011302,sh0713,100.0,yes
fig-011298,sh0714,93.9,yes
fig-011311,sh0715,100.0,yes
fig-011299,sh0716,100.0,yes
fig-011306,sh0717,100.0,yes
fig-011309,sh0718,100.0,yes
fig-011301,sh0719,100.0,yes
fig-000012,sh0720,85.5,yes
fig-011300,sh0721,95.8,yes
fig-011310,sh0722,100.0,yes
fig-005609,sh0723,90.0,yes
fig-000241,sh0724,100.0,yes
fig-011305,sh0725,100.0,yes
fig-011303,sh0726,100.0,yes
fig-011611,sw1154,95.1,yes
fig-000029,sw1155,85.5,yes
fig-010528,sw1156,90.0,yes
fig-000007,sw1157,85.5,yes
fig-000007,sw1158,85.5,yes
fig-011624,sw1159,92.7,yes
fig-011626,sw1160,90.0,yes
fig-011625,sw1161,100.0,yes
fig-011638,sw1162,100.0,yes
fig-011639,sw1163,100.0,yes
fig-011640,sw1164,100.0,yes
fig-004464,sw1170,90.0,yes
fig-000009,sw1173,85.5,yes
fig-000005,sh0727,85.5,yes
fig-000005,cty1292,85.5,yes
fig-000007,hp277,85.5,yes
fig-016076,hp278,90.0,yes
fig-011362,hp279,92.8,yes
fig-013195,hp280,95.0,yes
fig-000004,twn063a,85.5,yes
fig-000053,dis047,85.5,yes
fig-000053,dis048,85.5,yes
fig-011322,dis049,92.3,yes
fig-000053,dis050,85.5,yes
fig-000053,dis051,85.5,yes
fig-005751,dis052,90.0,yes
fig-000032,dis053,85.5,yes
fig-000010,dis054,85.5,yes
fig-005755,dis055,90.0,yes
fig-000032,dis056,85.5,yes
fig-000053,njo0694,85.5,yes
fig-000053,njo0695,85.5,yes
fig-004556,njo0696,90.0,yes
fig-011521,njo0697,90.0,yes
fig-000053,njo0699,85.5,yes
fig-000053,njo0700,85.5,yes
fig-000053,njo0701,85.5,yes
fig-000006,njo0702,85.5,yes
fig-000053,njo0703,85.5,yes
fig-011528,njo0704,90.0,yes
fig-011948,njo0705,90.0,yes
fig-000004,air046a,85.5,yes
fig-005225,sh0728,90.0,yes
fig-011407,sh0729,90.0,yes
fig-005584,sh0730,90.0,yes
fig-013191,sh0731,91.7,yes
fig-015928,sh0732,90.0,yes
fig-000004,sh0733,85.5,yes
fig-011395,sh0734,93.9,yes
fig-016076,hp281,90.0,yes
fig-000004,hp282,85.5,yes
fig-000004,hp283,85.5,yes
fig-000010,tls100,85.5,yes
fig-000048,tls101,85.5,yes
fig-000027,tls102,85.5,yes
fig-000048,tls103,85.5,yes
fig-000032,tls104,85.5,yes
fig-000059,tls105,85.5,yes
fig-000019,tls106,85.5,yes
fig-000010,tls107,85.5,yes
fig-000019,tls108,85.5,yes
fig-000003,tls109,85.5,yes
fig-000010,tls110,85.5,yes
fig-000003,post010a,85.5,yes
fig-000004,cty0214a,85.5,yes
fig-000004,cty0058a,85.5,yes
fig-016076,hp284,90.0,yes
fig-016076,hp285,90.0,yes
fig-011345,hp286,93.9,yes
fig-000004,hp287,85.5,yes
fig-011379,hp289,93.9,yes
fig-016076,hp288,90.0,yes
fig-011381,hp290,90.0,yes
fig-011382,hp291,100.0,yes
fig-011383,hp292,100.0,yes
fig-000004,hp293,85.5,yes
fig-000061,hp294,85.5,yes
fig-000004,air046b,85.5,yes
fig-000004,cty0123a,85.5,yes
fig-000004,cty0123b,85.5,yes
fig-000003,chef017a,85.5,yes
fig-000003,chef017b,85.5,yes
fig-000004,twn131a,85.5,yes
fig-000004,twn131b,85.5,yes
fig-000003,doc035a,85.5,yes
fig-000003,doc035b,85.5,yes
fig-000003,cty0090a,85.5,yes
fig-000003,cty0090b,85.5,yes
fig-000004,oct055a,85.5,yes
fig-000004,oct055b,85.5,yes
fig-000004,cty0058b,85.5,yes
fig-000004,cty0214b,85.5,yes
fig-000004,cty0222a,85.5,yes
fig-000004,cty0222b,85.5,yes
fig-000003,post010b,85.5,yes
fig-000005,frnd444,85.5,yes
fig-011481,frnd445,85.5,yes
fig-011151,mk049,100.0,yes
fig-005435,sh0735,90.0,yes
fig-000007,47394pb311,85.5,yes
fig-011309,47394pb312,90.0,yes
fig-005755,47394pb313,90.0,yes
fig-000004,47394pb314,85.5,yes
fig-000003,47394pb315,85.5,yes
fig-000003,47394pb316,85.5,yes
fig-000007,hp295,85.5,yes
fig-000004,hp296,85.5,yes
fig-011344,hp297,94.7,yes
fig-000040,hp298,85.5,yes
fig-000004,hp299,85.5,yes
fig-016076,hp300,90.0,yes
fig-000004,hp301,85.5,yes
fig-000007,hp302,85.5,yes
fig-000003,frnd446,85.5,yes
fig-000003,twn411,85.5,yes
fig-000038,hp303,85.5,yes
fig-011370,hp304,90.0,yes
fig-010579,hp305,90.0,yes
fig-011371,hp306,100.0,yes
fig-011373,hp307,88.9,yes
fig-011367,hp308,96.1,yes
fig-000005,hp309,85.5,yes
fig-011364,hp310,100.0,yes
fig-000004,hp311,85.5,yes
fig-000061,hp312,85.5,yes
fig-000003,frnd447,85.5,yes
fig-014872,frnd448,90.0,yes
fig-000007,frnd449,85.5,yes
fig-000053,frnd450,85.5,yes
fig-000004,cas554,85.5,yes
fig-000004,cas555,85.5,yes
fig-006524,cas556,90.0,yes
fig-000004,hol163a,85.5,yes
fig-000004,cty0893a,85.5,yes
fig-002095,twn412,87.3,yes
fig-000003,twn413,85.5,yes
fig-000003,twn414,85.5,yes
fig-000003,twn415,85.5,yes
fig-011451,twn416,87.0,yes
fig-000003,47394pb317,85.5,yes
fig-000004,47205pb086,85.5,yes
fig-011385,hp313,94.3,yes
fig-002220,njo0118a,100.0,yes
fig-000005,njo0706,85.5,yes
fig-000061,frnd451,85.5,yes
fig-000010,frnd452,85.5,yes
fig-000010,frnd453,85.5,yes
fig-000010,frnd454,85.5,yes
fig-000004,47205pb087,85.5,yes
fig-000003,47205pb088,85.5,yes
fig-000004,47394pb318,85.5,yes
fig-000007,mnn010,85.5,yes
fig-000053,mnn011,85.5,yes
fig-000005,frnd455,85.5,yes
fig-000007,frnd456,85.5,yes
fig-000003,47394pb320,85.5,yes
fig-000004,47394pb319,85.5,yes
fig-000004,47394pb321,85.5,yes
fig-003072,frnd457,90.0,yes
fig-000003,frnd458,85.5,yes
fig-000004,pi138b,85.5,yes
fig-000004,edu021b,85.5,yes
fig-000004,edu021a,85.5,yes
fig-000005,pi138a,85.5,yes
fig-000004,pi135b,85.5,yes
fig-000004,pi135a,85.5,yes
fig-005552,pi140b,100.0,yes
fig-011671,pi140a,100.0,yes
fig-005563,pi137b,100.0,yes
fig-011672,pi137a,100.0,yes
fig-000007,cas482b,85.5,yes
fig-000010,cas482a,85.5,yes
fig-000004,cas478b,85.5,yes
fig-000004,cas478a,85.5,yes
fig-000004,cas476b,85.5,yes
fig-000004,cas476a,85.5,yes
fig-000004,cas479b,85.5,yes
fig-000010,cas479a,85.5,yes
fig-006913,cas483b,87.4,yes
fig-011677,cas483a,85.7,yes
fig-000010,twn133b,85.5,yes
fig-000010,twn133a,85.5,yes
fig-001318,edu020b,90.0,yes
fig-001318,edu020a,90.0,yes
fig-016076,hp314,90.0,yes
fig-016099,sc086,85.8,yes
fig-012094,njo0707,90.0,yes
fig-000006,njo0708,85.5,yes
fig-000876,njo0709,90.0,yes
fig-012094,njo0710,90.0,yes
fig-000012,sc087,85.5,yes
fig-000003,frnd459,85.5,yes
fig-000007,frnd460,85.5,yes
fig-000005,frnd461,85.5,yes
fig-000005,sw1168,85.5,yes
fig-000004,sw1167,85.5,yes
fig-011724,sw1171,100.0,yes
fig-011725,sw1172,90.0,yes
fig-000012,sc088,85.5,yes
fig-000012,sc089,85.5,yes
fig-011407,sh0736,90.0,yes
fig-002266,sh0737,85.5,yes
fig-000005,frnd462,85.5,yes
fig-011588,mar0061,90.0,yes
fig-000007,cty1293,85.5,yes
fig-000004,div015a,85.5,yes
fig-000003,div018a,85.5,yes
fig-011400,sh0739,91.6,yes
fig-000010,sh0740,85.5,yes
fig-011402,sh0738,100.0,yes
fig-000038,gen156s,85.5,yes
fig-001737,gen156,85.5,yes
fig-000014,twn310a,85.5,yes
fig-000005,cty1294,85.5,yes
fig-000005,cty1295,85.5,yes
fig-000003,cty1296,85.5,yes
fig-001612,cty1297,90.0,yes
fig-000005,cty1298,85.5,yes
fig-011416,cty1299,90.0,yes
fig-000004,cty1300,85.5,yes
fig-011407,sh0741,90.0,yes
fig-000005,cty1301,85.5,yes
fig-009744,cty1302,100.0,yes
fig-000005,cty1303,85.5,yes
fig-000004,sh0742,85.5,yes
fig-005438,sh0743,90.0,yes
fig-012197,sh0744,90.0,yes
fig-005339,sh0745,90.0,yes
fig-000007,90398pb044,85.5,yes
fig-011565,mk050,100.0,yes
fig-011564,mk051,100.0,yes
fig-008248,mk052,90.0,yes
fig-006478,min100,90.0,yes
fig-011492,min101,100.0,yes
fig-001288,min103,100.0,yes
fig-002229,min102,85.5,yes
fig-000010,sw1165,85.5,yes
fig-000007,sw1146,85.5,yes
fig-000898,min104,100.0,yes
fig-011496,min099,90.0,yes
fig-000012,sc090,85.5,yes
fig-000012,sc091,85.5,yes
fig-000003,frnd382a,85.5,yes
fig-011591,frnd463,95.0,yes
fig-000007,frnd256a,85.5,yes
fig-000003,47394pb322,85.5,yes
fig-000003,47394pb323,85.5,yes
fig-000003,47205pb089,85.5,yes
fig-000003,twn269a,85.5,yes
fig-000010,frnd464,85.5,yes
fig-010627,dp121,90.0,yes
fig-013844,dp122,90.0,yes
fig-014583,dp123,90.0,yes
fig-003594,dp124,90.0,yes
fig-000007,dp125,85.5,yes
fig-001612,cty1304,90.0,yes
fig-000004,cty1305,85.5,yes
fig-000004,cty1306,85.5,yes
fig-000003,cty1307,85.5,yes
fig-000007,frnd465,85.5,yes
fig-000012,sc092,85.5,yes
fig-000299,47394pb324,85.5,yes
fig-000486,sc093,85.5,yes
fig-011602,idea092,100.0,yes
fig-011603,idea093,100.0,yes
fig-011604,idea094,100.0,yes
fig-011777,sw1174,100.0,yes
fig-011605,idea095,100.0,yes
fig-011606,idea096,100.0,yes
fig-004464,sw1166,90.0,yes
fig-006394,cty1308,100.0,yes
fig-000004,cty1309,85.5,yes
fig-000004,cty1310,85.5,yes
fig-000003,cty1311,85.5,yes
fig-011609,sh0746,100.0,yes
fig-011608,sh0747,90.0,yes
fig-002567,sh0748,90.0,yes
fig-010202,min105,90.0,yes
fig-000007,frnd467,85.5,yes
fig-000011,sh0749,85.5,yes
fig-005042,sh0750,90.0,yes
fig-011614,sh0751,100.0,yes
fig-000012,sc094,85.5,yes
fig-000003,frnd468,85.5,yes
fig-000004,frnd469,85.5,yes
fig-000053,frnd470,85.5,yes
fig-000007,frnd466,85.5,yes
fig-011643,mar0062,100.0,yes
fig-011644,mar0063,100.0,yes
fig-011583,mnn012,100.0,yes
fig-000915,idea097,90.0,yes
fig-000003,idea098,85.5,yes
fig-001415,sh0753,85.5,yes
fig-011615,sh0754,100.0,yes
fig-011617,sh0752,100.0,yes
fig-011281,tech005a,95.0,yes
fig-000027,dp127,85.5,yes
fig-000007,dp126,85.5,yes
fig-000019,dp128,85.5,yes
fig-016201,dp129,90.0,yes
fig-016201,dp129s,90.0,yes
fig-000007,dp130,85.5,yes
fig-011652,dp131,90.0,yes
fig-000004,pln190,85.5,yes
fig-001157,4555pb036a,90.0,yes
fig-000006,njo0711,85.5,yes
fig-004890,sh0755,90.0,yes
fig-002029,frnd471,85.7,yes
fig-002430,frnd472,90.0,yes
fig-000010,frnd473,85.5,yes
fig-000004,hp315,85.5,yes
fig-000003,4555pb113a,85.5,yes
fig-000019,dp132,85.5,yes
fig-000061,dp133,85.5,yes
fig-015928,colmar01,90.0,yes
fig-000075,colmar02,85.5,yes
fig-011742,colmar03,90.0,yes
fig-000463,colmar04,90.0,yes
fig-011407,colmar05,90.0,yes
fig-000075,colmar06,85.5,yes
fig-000075,colmar07,85.5,yes
fig-000045,colmar08,85.5,yes
fig-011407,colmar09,90.0,yes
fig-011612,colmar10,90.0,yes
fig-000045,colmar11,85.5,yes
fig-000005,colmar12,85.5,yes
fig-000003,mar0064,85.5,yes
fig-011694,mar0065,100.0,yes
fig-014610,dp134,90.0,yes
fig-000004,dp135,85.5,yes
fig-000007,dp136,85.5,yes
fig-000004,dp137,85.5,yes
fig-000019,dp138,85.5,yes
fig-003579,dp139,90.0,yes
fig-016380,79710pb01,60.0,no
fig-011487,min106,100.0,yes
fig-011488,min107,100.0,yes
fig-000010,twt018s,85.5,yes
fig-000003,twt017s1,85.5,yes
fig-000003,twt017s2,85.5,yes
fig-000005,mk053,85.5,yes
fig-000010,mk054,85.5,yes
fig-011156,mk055,100.0,yes
fig-000061,mk056,85.5,yes
fig-008253,mk057,90.0,yes
fig-011139,mk058,100.0,yes
fig-000010,mk059,85.5,yes
fig-011250,mnn013,90.0,yes
fig-016076,hp316,90.0,yes
fig-008928,hp317,90.0,yes
fig-010577,hp318,90.0,yes
fig-000010,hp319,85.5,yes
fig-000010,hp320,85.5,yes
fig-000010,hp321,85.5,yes
fig-000061,hp322,85.5,yes
fig-000007,hp323,85.5,yes
fig-000061,hp324,85.5,yes
fig-000004,cty1312,85.5,yes
fig-011706,jw069,90.0,yes
fig-000005,jw070,85.5,yes
fig-011709,jw071,90.0,yes
fig-000003,jw072,85.5,yes
fig-000003,jw073,85.5,yes
fig-000004,jw074,85.5,yes
fig-000053,frnd474,85.5,yes
fig-000053,frnd475,85.5,yes
fig-000061,frnd476,85.5,yes
fig-000053,frnd477,85.5,yes
fig-000053,frnd478,85.5,yes
fig-011718,sh0756,88.7,yes
fig-011722,sh0757,93.6,yes
fig-004898,sh0758,90.0,yes
fig-011774,sh0759,85.7,yes
fig-011720,sh0760,91.7,yes
fig-000005,sh0761,85.5,yes
fig-000004,twn361a,85.5,yes
fig-000004,twn358a,85.5,yes
fig-000005,soc144,85.5,yes
fig-000005,soc145,85.5,yes
fig-000005,soc146,85.5,yes
fig-000005,soc147,85.5,yes
fig-000003,soc148,85.5,yes
fig-011775,mar0066,90.0,yes
fig-000191,mar0067,85.5,yes
fig-011778,mar0068,90.0,yes
fig-011779,mar0069,90.0,yes
fig-000191,mar0070,85.5,yes
fig-011781,mar0071,90.0,yes
fig-011782,mar0072,90.0,yes
fig-011783,mar0073,90.0,yes
fig-011784,mar0074,90.0,yes
fig-000191,mar0075,85.5,yes
fig-000003,jw075,85.5,yes
fig-004898,sh0585a,90.0,yes
fig-004898,sh0585b,90.0,yes
fig-000003,doc038,85.5,yes
fig-000005,adv054,85.5,yes
fig-011793,sh0614a,91.5,yes
fig-001953,sh0614b,90.0,yes
fig-000004,pln191,85.5,yes
fig-000004,pln192,85.5,yes
fig-000004,pln193,85.5,yes
fig-000004,pln194,85.5,yes
fig-000004,cas101b,85.5,yes
fig-000004,air010b,85.5,yes
fig-000010,chef007b,85.5,yes
fig-000004,doc001b,85.5,yes
fig-000004,air010a,85.5,yes
fig-000004,doc001a,85.5,yes
fig-000010,chef007a,85.5,yes
fig-000004,cas101a,85.5,yes
fig-000001,tls088a,85.5,yes
fig-011812,sh0762,100.0,yes
fig-011810,sh0771,100.0,yes
fig-011813,sh0768,100.0,yes
fig-011808,sh0764,100.0,yes
fig-011811,sh0763,100.0,yes
fig-011806,sh0767,100.0,yes
fig-011805,sh0770,100.0,yes
fig-011807,sh0765,100.0,yes
fig-011814,sh0769,100.0,yes
fig-011809,sh0766,100.0,yes
fig-000027,dis057,85.5,yes
fig-000004,hol246,85.5,yes
fig-000010,dp140,85.5,yes
fig-000004,dp141,85.5,yes
fig-000004,cty1313,85.5,yes
fig-000004,sh0772,85.5,yes
fig-000061,sh0773,85.5,yes
fig-011702,que004,100.0,yes
fig-011698,que005,100.0,yes
fig-011700,que006,85.5,yes
fig-011700,que007,85.5,yes
fig-011703,que001,100.0,yes
fig-011699,que002,100.0,yes
fig-011697,que003,100.0,yes
fig-001953,sh0774,90.0,yes
fig-000004,sh0775,85.5,yes
fig-000004,sh0776,85.5,yes
fig-005331,sh0777,90.0,yes
fig-000004,sh0778,85.5,yes
fig-000033,sh0779,85.5,yes
fig-001019,sh0780,90.0,yes
fig-000005,sh0781,85.5,yes
fig-006001,jw076,100.0,yes
fig-000003,cty1314,85.5,yes
fig-000012,cty1315,85.5,yes
fig-000053,cty1316,85.5,yes
fig-000053,hol247,85.5,yes
fig-000020,hol248,85.5,yes
fig-011714,hol249,100.0,yes
fig-000030,hol250,85.5,yes
fig-001208,hol251,90.0,yes
fig-003579,dp142,90.0,yes
fig-012143,frnd479,85.6,yes
fig-000010,hol252,85.5,yes
fig-001656,gen157,85.5,yes
fig-000004,sh0782,85.5,yes
fig-000007,sh0783,85.5,yes
fig-000003,4555pb268,85.5,yes
fig-011860,idea099,100.0,yes
fig-011864,idea100,100.0,yes
fig-011862,idea101,100.0,yes
fig-011861,idea102,85.5,yes
fig-011863,idea103,90.0,yes
fig-000004,47394pb019b,85.5,yes
fig-000004,47394pb019a,85.5,yes
fig-000004,47205pb090,85.5,yes
fig-000004,cty1317,85.5,yes
fig-000049,fst034,85.5,yes
fig-015570,sh0784,90.0,yes
fig-000009,sh0785,85.5,yes
fig-000004,sh0786,85.5,yes
fig-000010,sh0787,85.5,yes
fig-005175,sh0788,90.0,yes
fig-000004,sh0789,85.5,yes
fig-000004,hol253,85.5,yes
fig-012966,hol254,90.6,yes
fig-008334,hol255,86.8,yes
fig-000004,hol256,85.5,yes
fig-000029,sw1175,85.5,yes
fig-000010,sw1176,85.5,yes
fig-000010,sw1177,85.5,yes
fig-000004,sw1178,85.5,yes
fig-000004,sw1179,85.5,yes
fig-000004,sw1180,85.5,yes
fig-000004,sw1181,85.5,yes
fig-002015,sh0790,100.0,yes
fig-000003,47394pb024a,85.5,yes
fig-000898,mnn014,90.0,yes
fig-000007,njo0712,85.5,yes
fig-000007,sw1182,85.5,yes
fig-000003,sw1183,85.5,yes
fig-000007,sw1184,85.5,yes
fig-000003,sw1185,85.5,yes
fig-000007,cty1318,85.5,yes
fig-000004,sh0791,85.5,yes
fig-001050,sh0792,90.0,yes
fig-011929,mnn015,100.0,yes
fig-000004,twn376b,85.5,yes
fig-000004,twn446,85.5,yes
fig-000038,twn447,85.5,yes
fig-000003,frnd480,85.5,yes
fig-000005,frnd481,85.5,yes
fig-000005,hol257,85.5,yes
fig-000053,njo0713,85.5,yes
fig-000003,cty1319,85.5,yes
fig-000004,cty1320,85.5,yes
fig-000004,cty1321,85.5,yes
fig-000004,cty1322,85.5,yes
fig-009813,cty1323,95.0,yes
fig-000003,cty1324,85.5,yes
fig-000003,cty1325,85.5,yes
fig-000003,cty1326,85.5,yes
fig-012148,sw1186,88.6,yes
fig-000003,sw1187,85.5,yes
fig-000003,sw1188,85.5,yes
fig-000005,sw1189,85.5,yes
fig-000004,njo0714,85.5,yes
fig-011824,cty1327,90.0,yes
fig-011826,cty1328,90.0,yes
fig-000004,tech002a,85.5,yes
fig-000004,tech002as,85.5,yes
fig-011971,mar0076,90.0,yes
fig-011973,mar0077,100.0,yes
fig-011974,mar0078,100.0,yes
fig-011975,mar0079,100.0,yes
fig-011976,mar0080,90.0,yes
fig-011972,mar0081,100.0,yes
fig-000003,oct012new2,85.5,yes
fig-000003,firec001new,85.5,yes
fig-000211,col394,85.5,yes
fig-012182,col387,90.0,yes
fig-012186,col391,90.0,yes
fig-012188,col393,90.0,yes
fig-000048,col390,85.5,yes
fig-012187,col392,90.0,yes
fig-012190,col395,90.0,yes
fig-012181,col386,90.0,yes
fig-012191,col396,90.0,yes
fig-012184,col389,90.0,yes
fig-012183,col388,90.0,yes
fig-012192,col397,90.0,yes
fig-002153,cty1329,90.0,yes
fig-000004,cty1330,85.5,yes
fig-010482,sw1190,100.0,yes
fig-000003,cty1331,85.5,yes
fig-011949,dis058,91.4,yes
fig-000007,dis059,85.5,yes
fig-000004,chef027,85.5,yes
fig-000007,dis060,85.5,yes
fig-011955,dis061,91.4,yes
fig-011954,dis062,92.3,yes
fig-011951,dis063,90.0,yes
fig-000010,dis064,85.5,yes
fig-000007,njo0715,85.5,yes
fig-000019,gen160,85.5,yes
fig-000010,sh0793,85.5,yes
fig-000003,sh0794,85.5,yes
fig-005070,sh0795,90.0,yes
fig-000010,sh0796,85.5,yes
fig-000004,sh0797,85.5,yes
fig-000005,sh0798,85.5,yes
fig-011528,njo0716,90.0,yes
fig-000932,njo0717,90.0,yes
fig-012026,njo0718,90.0,yes
fig-000053,njo0719,85.5,yes
fig-014390,sh0799,90.0,yes
fig-000004,sh0800,85.5,yes
fig-000053,njo0720,85.5,yes
fig-011101,sh0803,90.0,yes
fig-000004,frnd482,85.5,yes
fig-000053,njo0721,85.5,yes
fig-000053,njo0722,85.5,yes
fig-000005,cty1332,85.5,yes
fig-000003,cty1333,85.5,yes
fig-000003,frnd483,85.5,yes
fig-012133,frnd484,85.5,yes
fig-000004,twn448,85.5,yes
fig-000004,con015,85.5,yes
fig-000004,con014,85.5,yes
fig-000004,con016,85.5,yes
fig-012035,njo0723,94.0,yes
fig-012060,njo0724,100.0,yes
fig-000006,njo0725,85.5,yes
fig-000053,njo0726,85.5,yes
fig-001059,twn417,72.0,no
fig-009567,twn418,90.0,yes
fig-013489,twn419,85.5,yes
fig-000380,twn420,80.0,no
fig-000004,twn421,85.5,yes
fig-015812,twn422,67.5,no
fig-003279,twn423,85.5,yes
fig-000004,cty1334,85.5,yes
fig-011151,mk060,90.0,yes
fig-006691,cty1335,88.3,yes
fig-000004,cty1336,85.5,yes
fig-000012,cty1337,85.5,yes
fig-010539,cty1338,85.5,yes
fig-012226,mar0082,100.0,yes
fig-006527,mar0083,90.0,yes
fig-000003,mar0084,85.5,yes
fig-012315,hp325,95.0,yes
fig-000004,hp326,85.5,yes
fig-000005,hp327,85.5,yes
fig-000027,hp328,85.5,yes
fig-000007,hp329,85.5,yes
fig-012313,hp330,91.7,yes
fig-000004,hp331,85.5,yes
fig-000004,hp332,85.5,yes
fig-012308,hp333,90.2,yes
fig-010557,hp334,90.0,yes
fig-000166,90398pb045,85.5,yes
fig-012144,frnd485,85.5,yes
fig-005353,frnd486,85.5,yes
fig-002748,frnd487,90.0,yes
fig-000038,frnd488,85.5,yes
fig-000004,frnd489,85.5,yes
fig-000005,frnd490,85.5,yes
fig-012139,frnd491,85.5,yes
fig-012141,frnd492,85.5,yes
fig-011569,mk061,95.0,yes
fig-000010,mk062,85.5,yes
fig-011570,mk063,100.0,yes
fig-000005,mk064,85.5,yes
fig-012040,cty1339,86.2,yes
fig-000003,cty1340,85.5,yes
fig-000003,cty1341,85.5,yes
fig-012032,cty1350,90.0,yes
fig-012038,cty1342,95.2,yes
fig-000004,cty1343,85.5,yes
fig-000004,cty1348,85.5,yes
fig-006691,cty1344,86.7,yes
fig-000003,cty1349,85.5,yes
fig-012041,cty1345,100.0,yes
fig-012042,cty1346,100.0,yes
fig-012043,cty1347,90.7,yes
fig-000005,mar0085,85.5,yes
fig-012092,sh0801,100.0,yes
fig-005331,sh0802,90.0,yes
fig-000003,frnd493,85.5,yes
fig-012079,frnd494,85.5,yes
fig-000003,cty1351,85.5,yes
fig-000006,njo0727,85.5,yes
fig-002430,dp143,90.0,yes
fig-000003,frnd495,85.5,yes
fig-000007,frnd496,85.5,yes
fig-000007,frnd497,85.5,yes
fig-000003,frnd498,85.5,yes
fig-000003,frnd499,85.5,yes
fig-000003,frnd500,85.5,yes
fig-012163,cty1352,87.4,yes
fig-000005,cty1353,85.5,yes
fig-000003,cty1354,85.5,yes
fig-012276,mar0086,90.0,yes
fig-010942,njo0728,90.0,yes
fig-010942,njo0729,90.0,yes
fig-000007,idea104,85.5,yes
fig-000003,frnd501,85.5,yes
fig-000005,frnd502,85.5,yes
fig-000005,frnd503,85.5,yes
fig-000007,frnd504,85.5,yes
fig-002430,dp144,90.0,yes
fig-002430,dp145,90.0,yes
fig-002430,dp146,90.0,yes
fig-011983,njo0733,100.0,yes
fig-003069,njo0734,90.0,yes
fig-012550,njo0730,90.0,yes
fig-000003,njo0731,85.5,yes
fig-011986,njo0732,100.0,yes
fig-006478,min108,90.0,yes
fig-002430,dp147,90.0,yes
fig-000003,cty1355,85.5,yes
fig-000004,cty1356,85.5,yes
fig-000004,cty1357,85.5,yes
fig-000004,cty1358,85.5,yes
fig-000003,cty1359,85.5,yes
fig-000005,cty1360,85.5,yes
fig-000003,cty1361,85.5,yes
fig-000004,cty1362,85.5,yes
fig-000003,cty1363,85.5,yes
fig-000004,cty1364,85.5,yes
fig-010851,cty1365,90.0,yes
fig-000030,cty1367,85.5,yes
fig-000004,cty1368,85.5,yes
fig-000771,dp148,90.0,yes
fig-000004,dp149,85.5,yes
fig-002966,hol258,90.0,yes
fig-000004,hol259,85.5,yes
fig-000004,hol260,85.5,yes
fig-000004,hol261,85.5,yes
fig-000004,hol262,85.5,yes
fig-000005,hol263,85.5,yes
fig-000004,hol264,85.5,yes
fig-000004,hol265,85.5,yes
fig-000010,hol266,85.5,yes
fig-000010,hol267,85.5,yes
fig-011907,hol268,95.0,yes
fig-000005,hol269,85.5,yes
fig-000005,hol270,85.5,yes
fig-000004,hol271,85.5,yes
fig-011800,hol272,90.0,yes
fig-000007,njo0741,85.5,yes
fig-000053,njo0742,85.5,yes
fig-012026,njo0735,90.0,yes
fig-000004,hol273,85.5,yes
fig-000004,hol274,85.5,yes
fig-000004,hol275,85.5,yes
fig-000004,hol276,85.5,yes
fig-000004,hol277,85.5,yes
fig-000004,hol278,85.5,yes
fig-000005,hol279,85.5,yes
fig-000004,hol280,85.5,yes
fig-000004,hol281,85.5,yes
fig-012049,njo0738,90.0,yes
fig-010942,njo0736,90.0,yes
fig-012026,njo0737,90.0,yes
fig-000003,cty1369,85.5,yes
fig-000004,cty1370,85.5,yes
fig-000005,cty1371,85.5,yes
fig-000007,cty1372,85.5,yes
fig-000007,frnd505,85.5,yes
fig-000007,frnd506,85.5,yes
fig-000003,frnd507,85.5,yes
fig-000004,cty1373,85.5,yes
fig-000320,mar0087,85.5,yes
fig-012282,mar0088,90.0,yes
fig-012283,mar0089,90.0,yes
fig-012284,mar0090,90.0,yes
fig-001327,min109,100.0,yes
fig-000005,cty1374,85.5,yes
fig-000004,cty1375,85.5,yes
fig-000005,cty1376,85.5,yes
fig-010288,cty1377,90.0,yes
fig-000005,cty1378,85.5,yes
fig-000004,cty1379,85.5,yes
fig-000898,cty1380,90.0,yes
fig-000004,cty1381,85.5,yes
fig-000030,cty1382,85.5,yes
fig-000005,hol282,85.5,yes
fig-012028,cty1383,90.0,yes
fig-012029,cty1385,90.0,yes
fig-000004,cty1384,85.5,yes
fig-000003,cty1387,85.5,yes
fig-000003,cty1388,85.5,yes
fig-000007,cty1389,85.5,yes
fig-000004,cty1386,85.5,yes
fig-000053,njo0743,85.5,yes
fig-000053,njo0739,85.5,yes
fig-000932,njo0740,90.0,yes
fig-000053,njo0744,85.5,yes
fig-000004,47394pb085a,85.5,yes
fig-000059,47394pb224a,85.5,yes
fig-012093,min110,90.0,yes
fig-000007,njo0745,85.5,yes
fig-012012,cty1390,95.0,yes
fig-006335,cty1391,90.0,yes
fig-000004,cty1392,85.5,yes
fig-000004,cty1393,85.5,yes
fig-000003,cty1394,85.5,yes
fig-013636,cty1395,87.0,yes
fig-000004,cty1396,85.5,yes
fig-000010,sw1191,85.5,yes
fig-000005,mk065,85.5,yes
fig-012096,min111,90.0,yes
fig-006691,cty1397,86.7,yes
fig-006188,hp149a,88.7,yes
fig-012289,hp149b,88.9,yes
fig-000003,cty1398,85.5,yes
fig-000003,frnd508,85.5,yes
fig-000003,47394pb327,85.5,yes
fig-016201,dupclock01,90.0,yes
fig-016201,dupclock02,90.0,yes
fig-005757,84187pb01,85.5,yes
fig-012294,mar0091,90.0,yes
fig-012295,mar0092,90.0,yes
fig-012296,mar0093,90.0,yes
fig-000004,cty1399,85.5,yes
fig-000003,cty1400,85.5,yes
fig-000003,cty1401,85.5,yes
fig-000004,47394pb123a,85.5,yes
fig-000004,cty1402,85.5,yes
fig-000004,cty1403,85.5,yes
fig-000004,47394pb040a,85.5,yes
fig-012359,sw1192,91.9,yes
fig-000010,sw1193,85.5,yes
fig-012356,sw1194,100.0,yes
fig-012361,sw1195,100.0,yes
fig-000005,sw1196,85.5,yes
fig-012357,sw1197,90.0,yes
fig-000004,twn424,85.5,yes
fig-000003,cty1404,85.5,yes
fig-000004,cty1405,85.5,yes
fig-000004,cty1406,85.5,yes
fig-012442,adp009,90.0,yes
fig-012442,adp010,90.0,yes
fig-000003,sw1198,85.5,yes
fig-012675,sw1210,100.0,yes
fig-015332,sw1211,60.0,no
fig-000003,cty1407,85.5,yes
fig-000003,cty1408,85.5,yes
fig-000003,cty1409,85.5,yes
fig-000003,cty1410,85.5,yes
fig-000007,cty1411,85.5,yes
fig-000004,cty1412,85.5,yes
fig-004464,sw1212,90.0,yes
fig-000007,frnd509,85.5,yes
fig-012334,frnd510,85.5,yes
fig-008248,mk066,90.0,yes
fig-000003,mk067,85.5,yes
fig-011920,mk068,100.0,yes
fig-011924,mk069,100.0,yes
fig-000004,mk070,85.5,yes
fig-011927,mk071,93.9,yes
fig-011923,mk072,100.0,yes
fig-011922,mk073,100.0,yes
fig-000022,tls114,85.5,yes
fig-000004,47394pb030c,85.5,yes
fig-012363,dp150,100.0,yes
fig-000007,dp151,85.5,yes
fig-013711,dp152,90.0,yes
fig-000004,47394pb062a,85.5,yes
fig-000003,cty1413,85.5,yes
fig-000003,cty1414,85.5,yes
fig-000004,cty1415,85.5,yes
fig-000003,47394pb102a,85.5,yes
fig-000006,njo0746,85.5,yes
fig-000007,njo0747,85.5,yes
fig-000007,njo0748,85.5,yes
fig-008248,mk074,90.0,yes
fig-000004,mk075,85.5,yes
fig-011930,mk076,95.0,yes
fig-011931,mk077,90.0,yes
fig-012366,mk078,95.0,yes
fig-014725,mk079,80.0,no
fig-011935,mk080,90.9,yes
fig-011936,mk081,100.0,yes
fig-012368,adp011,95.0,yes
fig-004556,adp012,90.0,yes
fig-012370,adp013,100.0,yes
fig-012371,adp014,100.0,yes
fig-012372,adp015,100.0,yes
fig-012372,adp016,85.7,yes
fig-000003,47205pb091,85.5,yes
fig-000012,sc095,85.5,yes
fig-012069,mk082,93.0,yes
fig-011182,mk083,90.0,yes
fig-008259,mk084,90.0,yes
fig-012068,mk085,90.9,yes
fig-012071,mk086,89.5,yes
fig-012072,mk093,100.0,yes
fig-000007,frnd511,85.5,yes
fig-000005,frnd512,85.5,yes
fig-012351,frnd513,91.9,yes
fig-000005,mk087,85.5,yes
fig-008259,mk088,90.0,yes
fig-000003,frnd514,85.5,yes
fig-000003,frnd515,85.5,yes
fig-012299,mar0094,90.0,yes
fig-000005,cty1416,85.5,yes
fig-000003,cty1417,85.5,yes
fig-000004,par058a,85.5,yes
fig-000032,mk089,85.5,yes
fig-000007,mk090,85.5,yes
fig-000005,mk091,85.5,yes
fig-008248,mk092,90.0,yes
fig-000007,njo0749,85.5,yes
fig-012367,gen161,100.0,yes
fig-000012,sc096,85.5,yes
fig-000007,frnd516,85.5,yes
fig-000003,frnd517,85.5,yes
fig-002125,gen139a,90.0,yes
fig-000003,cty1419,85.5,yes
fig-000775,gen163,85.5,yes
fig-000306,gen162,85.5,yes
fig-016097,sc097,85.8,yes
fig-012392,mar0096,100.0,yes
fig-012390,mar0097,100.0,yes
fig-012391,mar0098,100.0,yes
fig-012393,mar0099,100.0,yes
fig-001771,njo0750,90.0,yes
fig-000004,par046a,85.5,yes
fig-000380,sw1199,85.5,yes
fig-003541,sw1200,87.9,yes
fig-000010,sw1201,85.5,yes
fig-003541,sw1202,87.9,yes
fig-000004,sw1203,85.5,yes
fig-000004,sw1204,85.5,yes
fig-000003,mar0100,85.5,yes
fig-012400,mar0102,100.0,yes
fig-012401,mar0103,100.0,yes
fig-012229,mar0101,90.0,yes
fig-012404,mar0104,100.0,yes
fig-012406,mar0105,100.0,yes
fig-012197,mar0106,90.0,yes
fig-012407,mar0107,90.0,yes
fig-012408,mar0108,100.0,yes
fig-012409,mar0109,100.0,yes
fig-000004,sh0804,85.5,yes
fig-000053,njo0751,85.5,yes
fig-000004,sw1205,85.5,yes
fig-000007,sw1206,85.5,yes
fig-000007,sw1207,85.5,yes
fig-012094,min112,100.0,yes
fig-001264,min113,100.0,yes
fig-000003,cty1420,85.5,yes
fig-000004,cty1421,85.5,yes
fig-000007,cty1422,85.5,yes
fig-000003,cty1423,85.5,yes
fig-000003,cty1424,85.5,yes
fig-000004,cty1425,85.5,yes
fig-000004,cty1426,85.5,yes
fig-000004,cty1427,85.5,yes
fig-012168,cty1428,100.0,yes
fig-012169,cty1429,100.0,yes
fig-000003,cty1430,85.5,yes
fig-000003,cty1431,85.5,yes
fig-012535,dis065,100.0,yes
fig-003223,dis066,90.0,yes
fig-012533,dis067,100.0,yes
fig-012534,dis068,100.0,yes
fig-012536,dis069,100.0,yes
fig-005225,sh0807,90.0,yes
fig-004583,sh0805,90.0,yes
fig-000010,sh0806,85.5,yes
fig-012298,mar0110,90.0,yes
fig-002567,sc098,90.0,yes
fig-010359,sc099,90.0,yes
fig-000012,sc100,85.5,yes
fig-016105,sc101,88.0,yes
fig-012419,sh0808,100.0,yes
fig-000005,cty1432,85.5,yes
fig-006029,sh0809,90.0,yes
fig-012026,njo0752,90.0,yes
fig-000003,cty1433,85.5,yes
fig-001604,cty1434,90.0,yes
fig-011617,sh0810,90.0,yes
fig-000003,jw077,85.5,yes
fig-012492,jw078,86.7,yes
fig-000003,dp153,85.5,yes
fig-012495,jw080,100.0,yes
fig-002553,jw079,90.0,yes
fig-016176,jw081,90.0,yes
fig-016177,jw082,90.0,yes
fig-002935,jw083,90.0,yes
fig-012494,jw084,100.0,yes
fig-000004,jw085,85.5,yes
fig-000007,jw086,85.5,yes
fig-002554,jw087,90.0,yes
fig-000007,jw088,85.5,yes
fig-001846,jw089,90.0,yes
fig-012488,jw090,97.4,yes
fig-012489,jw091,100.0,yes
fig-002553,jw092,90.0,yes
fig-004663,jw093,90.0,yes
fig-004663,jw094,90.0,yes
fig-000010,jw095,85.5,yes
fig-016176,jw096,90.0,yes
fig-000005,jw097,85.5,yes
fig-006008,jw098,90.0,yes
fig-006009,jw099,90.0,yes
fig-001846,jw100,90.0,yes
fig-000004,jw101,85.5,yes
fig-005820,btf002,90.0,yes
fig-000005,btf001,85.5,yes
fig-000007,sh0811,85.5,yes
fig-012574,sh0812,100.0,yes
fig-011101,sh0813,90.0,yes
fig-003907,sw1208,85.5,yes
fig-000007,sw1209,85.5,yes
fig-012576,sh0814,95.0,yes
fig-012575,sh0815,90.0,yes
fig-012577,sh0816,100.0,yes
fig-000010,dp103a,85.5,yes
fig-000003,dp154,85.5,yes
fig-000005,dp155,85.5,yes
fig-000003,cty1435,85.5,yes
fig-016201,dp156,90.0,yes
fig-010627,dp157,90.0,yes
fig-012561,dis070,100.0,yes
fig-012536,dis071,90.0,yes
fig-000227,sh0817,90.0,yes
fig-000048,coltm04,85.5,yes
fig-012522,coltm05,90.0,yes
fig-000021,coltm01,85.5,yes
fig-012520,coltm07,90.0,yes
fig-012521,coltm06,90.0,yes
fig-012516,coltm11,90.0,yes
fig-000211,coltm12,85.5,yes
fig-000211,coltm10,85.5,yes
fig-012525,coltm02,90.0,yes
fig-000211,coltm03,85.5,yes
fig-000211,coltm09,85.5,yes
fig-000211,coltm08,85.5,yes
fig-002098,dp158,95.0,yes
fig-012592,twn425,100.0,yes
fig-000061,hfw001,85.5,yes
fig-012593,hfw002,100.0,yes
fig-011948,njo0753,90.0,yes
fig-000053,njo0766,85.5,yes
fig-000061,njo0760,85.5,yes
fig-000061,njo0758,85.5,yes
fig-000061,njo0772,85.5,yes
fig-000006,njo0774,85.5,yes
fig-012712,njo0754,100.0,yes
fig-000003,cty1436,85.5,yes
fig-000932,njo0779,90.0,yes
fig-012746,njo0777,100.0,yes
fig-003023,njo0778,90.0,yes
fig-012742,njo0780,95.1,yes
fig-000061,njo0775,85.5,yes
fig-001344,njo0776,90.0,yes
fig-012730,njo0765,100.0,yes
fig-012711,njo0759,100.0,yes
fig-012715,njo0771,100.0,yes
fig-015024,njo0773,90.0,yes
fig-000111,njo0770,85.5,yes
fig-000007,njo0763,85.5,yes
fig-000007,njo0764,85.5,yes
fig-000007,njo0762,85.5,yes
fig-000007,njo0768,85.5,yes
fig-000034,njo0769,85.5,yes
fig-000006,njo0767,85.5,yes
fig-012678,hp335,100.0,yes
fig-000005,hp336,85.5,yes
fig-000010,hp337,85.5,yes
fig-016076,hp338,90.0,yes
fig-000029,hp339,85.5,yes
fig-012679,hp340,96.4,yes
fig-000907,hp341,90.0,yes
fig-000053,hp342,85.5,yes
fig-000072,hp343,85.5,yes
fig-012692,hp344,100.0,yes
fig-000004,hp345,85.5,yes
fig-016076,hp346,90.0,yes
fig-013252,hp347,90.0,yes
fig-000053,mk094,85.5,yes
fig-000020,mk095,85.5,yes
fig-012662,mk096,100.0,yes
fig-000204,hp348,90.0,yes
fig-001302,njo0757,85.5,yes
fig-016076,hp349,90.0,yes
fig-012749,dp159,100.0,yes
fig-004890,sh0819,90.0,yes
fig-012658,sh0821,100.0,yes
fig-012611,hp350,85.7,yes
fig-000007,nex152,85.5,yes
fig-012595,adp017,87.4,yes
fig-000003,adp018,85.5,yes
fig-012597,adp019,88.5,yes
fig-012598,adp020,88.5,yes
fig-000004,adp021,85.5,yes
fig-000004,adp022,85.5,yes
fig-011407,sh0818,90.0,yes
fig-004890,sh0820,90.0,yes
fig-012736,njo0761,90.0,yes
fig-000282,njo0755,85.5,yes
fig-000007,sh0822,85.5,yes
fig-000003,frnd518,85.5,yes
fig-000003,frnd519,85.5,yes
fig-012583,frnd520,90.0,yes
fig-014739,frnd521,90.0,yes
fig-000170,adp023,85.5,yes
fig-000008,adp024,85.5,yes
fig-000038,gg011s,85.5,yes
fig-000004,idea105,85.5,yes
fig-000004,twn426,85.5,yes
fig-000003,twn427,85.5,yes
fig-012922,sw1216,100.0,yes
fig-004017,sw1221,85.7,yes
fig-010997,sw1224,90.0,yes
fig-004091,sw1222,90.0,yes
fig-004091,sw1237,85.5,yes
fig-012938,sw1223,95.0,yes
fig-002544,sw1213,51.4,no
fig-000010,sw1231,85.5,yes
fig-012947,sw1230,100.0,yes
fig-012948,sw1232,90.0,yes
fig-012739,njo0756,100.0,yes
fig-000004,hp351,85.5,yes
fig-000004,hp352,85.5,yes
fig-000010,hp367,85.5,yes
fig-006120,hp353,90.0,yes
fig-000003,hp354,85.5,yes
fig-012706,hp355,95.0,yes
fig-000009,adp025,85.5,yes
fig-000005,hp356,85.5,yes
fig-012693,hp357,100.0,yes
fig-000009,adp026,85.5,yes
fig-000009,adp028,85.5,yes
fig-012696,hp358,100.0,yes
fig-000009,adp027,85.5,yes
fig-012695,hp359,96.1,yes
fig-016076,hp360,90.0,yes
fig-012698,hp361,85.5,yes
fig-008939,hp362,85.5,yes
fig-000009,hp363,85.5,yes
fig-000004,hp364,85.5,yes
fig-000005,hp365,85.5,yes
fig-000004,hp366,85.5,yes
fig-000019,dis072,85.5,yes
fig-000020,dis073,85.5,yes
fig-000007,dis074,85.5,yes
fig-000003,dis075,85.5,yes
fig-000005,dis076,85.5,yes
fig-006546,dis077,90.0,yes
fig-012629,dis078,92.7,yes
fig-005755,dis079,90.0,yes
fig-012635,dis080,92.3,yes
fig-012609,idea106,100.0,yes
fig-000004,frnd522,85.5,yes
fig-000005,frnd523,85.5,yes
fig-000003,frnd524,85.5,yes
fig-000034,njo0783,85.5,yes
fig-000007,frnd525,85.5,yes
fig-000007,frnd526,85.5,yes
fig-000007,frnd527,85.5,yes
fig-000007,frnd528,85.5,yes
fig-000003,frnd529,85.5,yes
fig-000005,frnd530,85.5,yes
fig-000003,frnd531,85.5,yes
fig-012844,frnd532,90.0,yes
fig-012838,frnd533,90.0,yes
fig-012834,frnd534,90.0,yes
fig-000010,frnd535,85.5,yes
fig-012835,frnd536,90.0,yes
fig-012836,frnd537,90.0,yes
fig-000004,sw1227,85.5,yes
fig-009479,sw1226,90.0,yes
fig-012929,sw1225,90.0,yes
fig-005463,sh0823,93.3,yes
fig-000003,cty1437,85.5,yes
fig-000003,cty1438,85.5,yes
fig-000004,cty1439,85.5,yes
fig-000014,sh0824,85.5,yes
fig-014604,cty1440,85.8,yes
fig-000004,cty1442,85.5,yes
fig-000004,cty1443,85.5,yes
fig-000004,cty1444,85.5,yes
fig-000003,cty1441,85.5,yes
fig-000322,njo0781,85.5,yes
fig-012900,sh0825,88.4,yes
fig-000004,cty1445,85.5,yes
fig-000003,cty1446,85.5,yes
fig-012860,cty1447,100.0,yes
fig-000004,twn428,85.5,yes
fig-000004,twn429,85.5,yes
fig-000007,frnd538,85.5,yes
fig-000003,frnd539,85.5,yes
fig-000003,frnd540,85.5,yes
fig-000005,frnd541,85.5,yes
fig-012839,frnd542,90.0,yes
fig-000029,frnd543,85.5,yes
fig-000003,frnd544,85.5,yes
fig-000004,cty1448,85.5,yes
fig-000005,hp369,85.5,yes
fig-000005,hp370,85.5,yes
fig-006076,hp368,86.2,yes
fig-000010,hp371,85.5,yes
fig-013055,hp372,90.0,yes
fig-000003,hp373,85.5,yes
fig-006263,hp374,90.0,yes
fig-000007,njo0782,85.5,yes
fig-012213,sw1215,77.1,no
fig-012918,sw1214,100.0,yes
fig-002941,avt005,72.0,no
fig-000007,avt004,85.5,yes
fig-013134,avt006,90.0,yes
fig-006344,avt003,60.0,no
fig-000007,frnd545,85.5,yes
fig-000007,frnd546,85.5,yes
fig-012831,frnd547,90.0,yes
fig-001850,cty1449,90.0,yes
fig-009629,twn430,85.9,yes
fig-000003,twn431,85.5,yes
fig-000003,cty1450,85.5,yes
fig-000004,cty1451,85.5,yes
fig-000003,cty1452,85.5,yes
fig-000004,sw1234,85.5,yes
fig-000007,cas557,85.5,yes
fig-016157,cas558,90.0,yes
fig-000004,cty1453,85.5,yes
fig-000004,cty1454,85.5,yes
fig-000004,cty1455,85.5,yes
fig-000004,cty1456,85.5,yes
fig-000004,cty1457,85.5,yes
fig-000004,cty1458,85.5,yes
fig-000004,cty1459,85.5,yes
fig-000102,cty1460,85.5,yes
fig-000102,cty1461,85.5,yes
fig-002941,cty1462,90.0,yes
fig-000008,adp029,85.5,yes
fig-000170,adp030,85.5,yes
fig-005332,sh0832,90.0,yes
fig-015928,sh0831,90.0,yes
fig-012899,sh0827,95.5,yes
fig-000010,sh0826,85.5,yes
fig-012900,sh0828,86.4,yes
fig-012903,sh0830,100.0,yes
fig-012906,sh0833,100.0,yes
fig-001953,sh0829,90.0,yes
fig-000007,min115,85.5,yes
fig-012640,min116,100.0,yes
fig-000038,njo0784,85.5,yes
fig-000004,vik038,85.5,yes
fig-000004,vik039,85.5,yes
fig-000004,vik040,85.5,yes
fig-000004,vik041,85.5,yes
fig-000005,dp160,85.5,yes
fig-000109,frnd548,85.5,yes
fig-000005,sw1217,85.5,yes
fig-012953,sw1218,90.0,yes
fig-015881,dp161,90.0,yes
fig-000005,dp162,85.5,yes
fig-000004,cty1463,85.5,yes
fig-000004,cty1466,85.5,yes
fig-000004,cty1464,85.5,yes
fig-000004,cty1465,85.5,yes
fig-012807,cty1468,89.3,yes
fig-000004,cty1467,85.5,yes
fig-000003,cty1469,85.5,yes
fig-012813,cty1470,87.5,yes
fig-000005,cty1471,85.5,yes
fig-010240,cty1472,86.4,yes
fig-000004,cty1473,85.5,yes
fig-000007,cty1474,85.5,yes
fig-000005,dp095a,85.5,yes
fig-000005,dp095b,85.5,yes
fig-012654,min117,93.6,yes
fig-012653,min118,100.0,yes
fig-014126,min119,100.0,yes
fig-000007,cty1475,85.5,yes
fig-000005,mk097,85.5,yes
fig-000061,hp375,85.5,yes
fig-012890,cty1476,90.0,yes
fig-013195,hp395,100.0,yes
fig-000038,twn443,85.5,yes
fig-000004,col084a,85.5,yes
fig-005597,gg011,85.5,yes
fig-003279,twn432,85.5,yes
fig-001604,twn433,100.0,yes
fig-003279,twn434,85.5,yes
fig-006662,twn435,85.5,yes
fig-000004,twn436,85.5,yes
fig-000003,twn437,85.5,yes
fig-000004,twn438,85.5,yes
fig-009972,twn439,86.2,yes
fig-000004,twn440,85.5,yes
fig-012870,twn441,87.4,yes
fig-000004,twn442,85.5,yes
fig-013133,avt010,100.0,yes
fig-013132,avt007,95.0,yes
fig-013130,avt008,100.0,yes
fig-013134,avt011,90.0,yes
fig-013131,avt009,90.0,yes
fig-013123,avt001,90.0,yes
fig-011931,mk099,90.0,yes
fig-012663,mk098,100.0,yes
fig-012668,mk100,100.0,yes
fig-013137,sh0848,100.0,yes
fig-012916,sc102,90.0,yes
fig-000007,frnd549,85.5,yes
fig-000003,frnd550,85.5,yes
fig-000003,frnd551,85.5,yes
fig-000010,adp031,85.5,yes
fig-008420,adp032,87.0,yes
fig-000003,adp033,85.5,yes
fig-000004,adp034,85.5,yes
fig-012897,adp035,88.7,yes
fig-000061,min120,85.5,yes
fig-006524,min121,90.0,yes
fig-012647,min122,100.0,yes
fig-012646,min123,100.0,yes
fig-000004,min124,85.5,yes
fig-000003,par031a,85.5,yes
fig-000003,par031b,85.5,yes
fig-000001,tls111,85.5,yes
fig-000004,tls112,85.5,yes
fig-012954,adp036,85.6,yes
fig-000004,adp037,85.5,yes
fig-000004,adp038,85.5,yes
fig-016375,adp039,90.0,yes
fig-000004,adp040,85.5,yes
fig-012959,adp041,86.8,yes
fig-012960,adp042,85.9,yes
fig-000003,adp043,85.5,yes
fig-004754,adp044,86.7,yes
fig-009980,adp045,89.7,yes
fig-012964,adp046,88.5,yes
fig-000004,adp047,85.5,yes
fig-012966,adp048,88.2,yes
fig-000005,sp132,85.5,yes
fig-000004,sp133,85.5,yes
fig-000003,cty1477,85.5,yes
fig-012656,min125,100.0,yes
fig-000007,min126,85.5,yes
fig-001988,min127,90.0,yes
fig-000007,sw1219,85.5,yes
fig-000004,sw1220,85.5,yes
fig-016456,min128,90.0,yes
fig-000007,hp377,85.5,yes
fig-000004,hp378,85.5,yes
fig-000004,hp381,85.5,yes
fig-016076,hp380,90.0,yes
fig-013036,hp382,86.3,yes
fig-000005,hp383,85.5,yes
fig-016076,hp384,90.0,yes
fig-000010,hp386,85.5,yes
fig-000007,hp385,85.5,yes
fig-016076,hp387,90.0,yes
fig-010579,hp388,90.0,yes
fig-013046,hp392,90.0,yes
fig-000053,hp389,85.5,yes
fig-013047,hp390,90.0,yes
fig-013048,hp391,90.0,yes
fig-013049,hp393,90.0,yes
fig-000010,hp376,85.5,yes
fig-013034,hp379,94.7,yes
fig-000004,dp163,85.5,yes
fig-000004,dp164,85.5,yes
fig-000007,dp165,85.5,yes
fig-001628,dp166,90.0,yes
fig-008262,mk101,90.0,yes
fig-012665,mk102,100.0,yes
fig-012667,mk103,90.0,yes
fig-000007,cas559,85.5,yes
fig-006546,cas560,90.0,yes
fig-016553,cas561,90.0,yes
fig-016553,cas562,90.0,yes
fig-006546,cas563,90.0,yes
fig-016553,cas564,90.0,yes
fig-016553,cas565,90.0,yes
fig-016553,cas566,90.0,yes
fig-016553,cas567,90.0,yes
fig-000004,cty1478,85.5,yes
fig-005985,cas568,90.0,yes
fig-008777,cas569,90.0,yes
fig-000003,cas570,85.5,yes
fig-000004,frnd552,85.5,yes
fig-000003,frnd553,85.5,yes
fig-000007,cas571,85.5,yes
fig-016157,cas572,90.0,yes
fig-015512,cas573,90.0,yes
fig-000003,frnd554,85.5,yes
fig-000004,cas574,85.5,yes
fig-000004,cas575,85.5,yes
fig-000004,cas576,85.5,yes
fig-000004,cas577,85.5,yes
fig-000004,cas578,85.5,yes
fig-000010,cas579,85.5,yes
fig-012917,sc103,100.0,yes
fig-014952,dis081,85.5,yes
fig-000029,cty1479,85.5,yes
fig-012797,cty1480,95.2,yes
fig-000003,cty1481,85.5,yes
fig-000001,cty1482,85.5,yes
fig-000003,cty1483,85.5,yes
fig-000004,mk104,85.5,yes
fig-000002,mk105,85.5,yes
fig-000003,frnd555,85.5,yes
fig-000005,frnd556,85.5,yes
fig-000005,frnd557,85.5,yes
fig-000003,mar0111,85.5,yes
fig-000004,njo0785,85.5,yes
fig-005327,cty1484,90.0,yes
fig-012766,cty1485,90.0,yes
fig-000003,47394pb328,85.5,yes
fig-010790,cty1486,90.0,yes
fig-000004,cty1487,85.5,yes
fig-000053,cty1488,85.5,yes
fig-015717,cty1489,90.0,yes
fig-000027,LLP032,85.5,yes
fig-000010,LLP033,85.5,yes
fig-000004,sw1229,85.5,yes
fig-000010,sw1228,85.5,yes
fig-012643,min129,100.0,yes
fig-011064,min130,100.0,yes
fig-006477,min131,90.0,yes
fig-000005,sw1236,85.5,yes
fig-000003,sw1235,85.5,yes
fig-013052,sw1238,88.0,yes
fig-000053,sw1239,85.5,yes
fig-013050,sw1241,94.0,yes
fig-000071,sw1240,85.5,yes
fig-000005,sw1233,85.5,yes
fig-000003,47394pb329,85.5,yes
fig-000004,47394pb330,85.5,yes
fig-000004,47394pb331,85.5,yes
fig-000004,47394pb332,85.5,yes
fig-013080,col398,90.0,yes
fig-013081,col399,90.0,yes
fig-000048,col400,85.5,yes
fig-013083,col401,90.0,yes
fig-013084,col402,90.0,yes
fig-013079,col403,90.0,yes
fig-013085,col404,90.0,yes
fig-013086,col405,90.0,yes
fig-013087,col406,90.0,yes
fig-000211,col407,85.5,yes
fig-013089,col408,90.0,yes
fig-000067,col409,85.5,yes
fig-000004,cty1490,85.5,yes
fig-015223,cty1491,90.0,yes
fig-000004,cty1492,85.5,yes
fig-000003,cty1493,85.5,yes
fig-012773,cty1494,86.6,yes
fig-000004,cty1495,85.5,yes
fig-006691,cty1496,86.7,yes
fig-000003,cty1497,85.5,yes
fig-000004,cty1498,85.5,yes
fig-002313,cty1499,90.0,yes
fig-000004,cty1500,85.5,yes
fig-000010,cty1501,85.5,yes
fig-000061,shg017,85.5,yes
fig-000010,shg018,85.5,yes
fig-000003,cty1502,85.5,yes
fig-000004,47394pb333,85.5,yes
fig-000004,47394pb334,85.5,yes
fig-000010,sh0834,85.5,yes
fig-005438,sh0836,90.0,yes
fig-013067,sh0835,93.6,yes
fig-013063,sh0837,93.0,yes
fig-010583,hp394,95.1,yes
fig-001805,sh0838,90.0,yes
fig-000029,cty1503,85.5,yes
fig-000019,cty1504,85.5,yes
fig-013070,cty1505,90.0,yes
fig-000019,cty1506,85.5,yes
fig-000005,hol284,85.5,yes
fig-000429,gen164,85.5,yes
fig-000007,gen166,85.5,yes
fig-000369,gen165,85.5,yes
fig-000007,frnd558,85.5,yes
fig-000005,frnd559,85.5,yes
fig-000003,frnd560,85.5,yes
fig-000007,njo0786,85.5,yes
fig-012615,mar0112,90.0,yes
fig-012213,mar0113,90.0,yes
fig-000005,mar0114,85.5,yes
fig-000007,mar0115,85.5,yes
fig-012237,mar0116,90.0,yes
fig-012237,mar0117,90.0,yes
fig-000003,mar0118,85.5,yes
fig-012213,mar0095,90.0,yes
fig-013164,mar0120,90.0,yes
fig-012198,mar0121,90.0,yes
fig-011139,mar0122,90.0,yes
fig-012244,mar0137,90.0,yes
fig-013184,mar0124,100.0,yes
fig-000027,mar0127,85.5,yes
fig-012970,mar0128,90.0,yes
fig-012976,mar0129,90.0,yes
fig-012973,mar0130,90.0,yes
fig-012967,mar0131,90.0,yes
fig-001123,mar0132,85.5,yes
fig-001123,mar0133,85.5,yes
fig-012971,mar0134,90.0,yes
fig-013173,mar0135,90.0,yes
fig-013175,mar0136,100.0,yes
fig-013177,mar0125,100.0,yes
fig-000005,adp049,85.5,yes
fig-000007,lom003a,85.5,yes
fig-000007,lom003b,85.5,yes
fig-000007,nba057,85.5,yes
fig-000005,nba057s,85.5,yes
fig-013127,avt002,90.0,yes
fig-016375,adp050,90.0,yes
fig-016375,adp051,90.0,yes
fig-013095,adp052,90.0,yes
fig-004464,sw1242,90.0,yes
fig-013155,sw1243,90.0,yes
fig-000007,sw1244,85.5,yes
fig-000002,cty1507,85.5,yes
fig-000004,cty1508,85.5,yes
fig-000003,cty1509,85.5,yes
fig-015511,hol302,90.0,yes
fig-000007,hol301,85.5,yes
fig-001019,hol303,90.0,yes
fig-000168,twn444,85.5,yes
fig-013116,idea107,100.0,yes
fig-013109,idea108,100.0,yes
fig-013110,idea109,100.0,yes
fig-013113,idea110,100.0,yes
fig-013112,idea111,95.2,yes
fig-013114,idea112,100.0,yes
fig-013107,idea113,100.0,yes
fig-013115,idea114,100.0,yes
fig-013111,idea115,100.0,yes
fig-013121,idea116,100.0,yes
fig-013118,idea117,100.0,yes
fig-013119,idea118,100.0,yes
fig-013120,idea119,100.0,yes
fig-013117,idea120,100.0,yes
fig-013108,idea121,100.0,yes
fig-012912,min132,100.0,yes
fig-006477,min133,90.0,yes
fig-006477,min134,90.0,yes
fig-006477,min135,90.0,yes
fig-000004,hol285,85.5,yes
fig-000003,pln055s,85.5,yes
fig-000003,47394pb335,85.5,yes
fig-012215,mar0138,90.0,yes
fig-000034,njo0787,85.5,yes
fig-000004,mar0139,85.5,yes
fig-013164,mar0123,90.0,yes
fig-000004,hol286,85.5,yes
fig-000010,hol287,85.5,yes
fig-000004,hol288,85.5,yes
fig-000486,hol289,85.5,yes
fig-000001,hol290,85.5,yes
fig-000001,hol291,85.5,yes
fig-000061,shg019,85.5,yes
fig-000010,shg020,85.5,yes
fig-004064,crs082,90.0,yes
fig-013715,hol304,85.5,yes
fig-014079,crs084,88.9,yes
fig-001771,njo0788,90.0,yes
fig-014033,crs083,100.0,yes
fig-005225,sh0839,90.0,yes
fig-005435,sh0843,90.0,yes
fig-013138,sh0840,100.0,yes
fig-013141,sh0841,100.0,yes
fig-005443,sh0844,90.0,yes
fig-005225,sh0842,90.0,yes
fig-005446,sh0847,90.0,yes
fig-013140,sh0846,100.0,yes
fig-013146,sh0845,100.0,yes
fig-000004,crs085,85.5,yes
fig-000020,crs086,85.5,yes
fig-000059,crs087,85.5,yes
fig-000038,crs088,85.5,yes
fig-011643,crs089,90.0,yes
fig-006029,mar0126,90.0,yes
fig-000007,crs091,85.5,yes
fig-010716,crs090,100.0,yes
fig-014038,crs092,89.5,yes
fig-014065,crs093,90.0,yes
fig-000003,pln092s01,85.5,yes
fig-000003,pln093s01,85.5,yes
fig-014039,crs094,100.0,yes
fig-014065,crs095,90.0,yes
fig-014065,crs096,90.0,yes
fig-013156,idea122,100.0,yes
fig-000003,hol292,85.5,yes
fig-014073,crs097,90.0,yes
fig-000061,crs040,85.5,yes
fig-014049,crs099,90.0,yes
fig-000012,tls113,90.0,yes
fig-014046,crs100,87.9,yes
fig-014084,crs101,88.0,yes
fig-014082,crs102,94.3,yes
fig-014086,crs103,93.9,yes
fig-014085,crs104s,90.0,yes
fig-014080,crs105,100.0,yes
fig-014049,crs106,90.0,yes
fig-000004,cty0983a,85.5,yes
fig-003223,47394pb336,90.0,yes
fig-000004,cty1510,85.5,yes
fig-000004,cty1511,85.5,yes
fig-014085,crs104,90.0,yes
fig-014072,crs107,90.0,yes
fig-000005,crs108s,85.5,yes
fig-014042,crs109,90.9,yes
fig-000020,crs108,85.5,yes
fig-000027,crs110,85.5,yes
fig-000020,crs111s,85.5,yes
fig-007288,crs111,85.5,yes
fig-000003,47205pb092,85.5,yes
fig-000003,47205pb093,85.5,yes
fig-013439,avt017,100.0,yes
fig-013438,avt020,100.0,yes
fig-013425,avt015,100.0,yes
fig-013426,avt014,100.0,yes
fig-013433,avt018,90.0,yes
fig-013432,avt016,100.0,yes
fig-013430,avt019,100.0,yes
fig-013431,avt021,100.0,yes
fig-003259,idea123,90.0,yes
fig-000915,idea124,90.0,yes
fig-000010,sh0849,85.5,yes
fig-000004,47394pb337,85.5,yes
fig-000003,mar0119,85.5,yes
fig-000007,sw0202b,85.5,yes
fig-000932,njo0789,90.0,yes
fig-013454,gen158,85.5,yes
fig-002966,hol296,90.0,yes
fig-007480,hol297,90.0,yes
fig-001739,hol298,90.0,yes
fig-001988,hol299,90.0,yes
fig-000603,hol300,90.0,yes
fig-000010,hol293,85.5,yes
fig-000005,hol294,85.5,yes
fig-000005,cty1512,85.5,yes
fig-000004,twn449,85.5,yes
fig-000001,tls115,85.5,yes
fig-006546,tls116,90.0,yes
fig-000001,tls117,85.5,yes
fig-000001,tls118,85.5,yes
fig-000347,tls119,90.0,yes
fig-000001,tls120,85.5,yes
fig-000001,tls121,85.5,yes
fig-000001,tls122,85.5,yes
fig-000003,twn450,85.5,yes
fig-000005,hol295,85.5,yes
fig-000005,sw1248,85.5,yes
fig-000003,sw1246,85.5,yes
fig-000003,sw1247,85.5,yes
fig-000005,frnd561,85.5,yes
fig-000005,frnd562,85.5,yes
fig-000005,frnd563,85.5,yes
fig-000005,frnd564,85.5,yes
fig-000003,frnd565,85.5,yes
fig-000010,frnd566,85.5,yes
fig-000007,avt012,85.5,yes
fig-013134,avt013,90.0,yes
fig-013443,sw1250,100.0,yes
fig-000061,sw1245,85.5,yes
fig-000061,sw1251,85.5,yes
fig-000033,sw1252,85.5,yes
fig-000003,sw1249,85.5,yes
fig-013496,col410,100.0,yes
fig-011608,sh0850,90.0,yes
fig-011101,47394pb338,90.0,yes
fig-014390,47394pb339,90.0,yes
fig-000176,idea139,90.0,yes
fig-000176,idea144,90.0,yes
fig-000176,idea134,90.0,yes
fig-000176,idea135,90.0,yes
fig-000004,idea145,85.5,yes
fig-006532,idea146,90.0,yes
fig-000176,idea127,90.0,yes
fig-000176,idea129,90.0,yes
fig-000176,idea133,90.0,yes
fig-000176,idea125,90.0,yes
fig-000176,idea131,90.0,yes
fig-000176,idea143,90.0,yes
fig-000176,idea141,90.0,yes
fig-000176,idea138,90.0,yes
fig-000176,idea132,90.0,yes
fig-000176,idea137,90.0,yes
fig-000176,idea126,90.0,yes
fig-000176,idea130,90.0,yes
fig-000176,idea140,90.0,yes
fig-000176,idea142,90.0,yes
fig-000176,idea136,90.0,yes
fig-000176,idea128,90.0,yes
fig-013455,gen167,85.5,yes
fig-013455,gen168,85.5,yes
fig-011193,gen169,85.5,yes
fig-013455,gen170,85.5,yes
fig-000003,tech041a,85.5,yes
fig-000004,sh0851,85.5,yes
fig-011407,sh0852,90.0,yes
fig-000061,sh0853,85.5,yes
fig-000010,sh0854,85.5,yes
fig-000007,sh0855,85.5,yes
fig-013380,sh0856,100.0,yes
fig-000004,sh0858,85.5,yes
fig-000007,sh0859,85.5,yes
fig-013400,mk106,100.0,yes
fig-013401,mk107,100.0,yes
fig-013399,mk108,100.0,yes
fig-000010,mk109,85.5,yes
fig-008259,mk110,90.0,yes
fig-013413,mk111,90.0,yes
fig-000010,mk112,85.5,yes
fig-000003,cty1513,85.5,yes
fig-000211,col411,85.5,yes
fig-000211,col412,85.5,yes
fig-000004,col413,85.5,yes
fig-000019,col414,85.5,yes
fig-000211,col415,85.5,yes
fig-000211,col416,85.5,yes
fig-000211,col417,85.5,yes
fig-000048,col418,85.5,yes
fig-000211,col419,85.5,yes
fig-000048,col420,85.5,yes
fig-000211,col421,85.5,yes
fig-000075,col422,85.5,yes
fig-000211,col423,85.5,yes
fig-000004,frnd567,85.5,yes
fig-008252,frnd568,90.0,yes
fig-000003,frnd569,85.5,yes
fig-003344,frnd570,90.0,yes
fig-000029,frnd571,85.5,yes
fig-013274,frnd572,90.0,yes
fig-002029,frnd573,87.7,yes
fig-013278,frnd574,85.5,yes
fig-000007,frnd575,85.5,yes
fig-000007,frnd576,85.5,yes
fig-000004,frnd577,85.5,yes
fig-000007,frnd578,85.5,yes
fig-000007,frnd579,85.5,yes
fig-000061,frnd580,85.5,yes
fig-014493,cty1519,90.0,yes
fig-000003,cty1520,85.5,yes
fig-000004,cty1521,85.5,yes
fig-000004,cty1522,85.5,yes
fig-000004,cty1523,85.5,yes
fig-000020,sp134,85.5,yes
fig-009479,sp135,90.0,yes
fig-011159,twn451,90.0,yes
fig-013487,twn452,90.0,yes
fig-000007,twn453,85.5,yes
fig-000003,twn454,85.5,yes
fig-000915,twn455,83.3,no
fig-011138,twn456,90.0,yes
fig-000003,twn457,85.5,yes
fig-013493,twn458,90.0,yes
fig-000003,47394pb340,85.5,yes
fig-013196,gen171,100.0,yes
fig-000007,dp167,85.5,yes
fig-005097,cty1524,90.0,yes
fig-000004,cty1525,85.5,yes
fig-000010,cty1526,85.5,yes
fig-000004,cty1527,85.5,yes
fig-000007,dp168,85.5,yes
fig-000007,dp169,85.5,yes
fig-000771,dp170,90.0,yes
fig-012094,njo0790,90.0,yes
fig-013417,njo0791,100.0,yes
fig-000007,frnd581,85.5,yes
fig-000007,frnd582,85.5,yes
fig-000005,frnd583,85.5,yes
fig-013441,cty1528,90.0,yes
fig-000072,njo0784a,85.5,yes
fig-000003,frnd584,85.5,yes
fig-000004,frnd585,85.5,yes
fig-000007,frnd586,85.5,yes
fig-000007,frnd587,85.5,yes
fig-013419,njo0792,90.0,yes
fig-006546,njo0793,90.0,yes
fig-011619,njo0794,90.0,yes
fig-013754,njo0795,86.9,yes
fig-000006,njo0796,85.5,yes
fig-000149,njo0797,85.5,yes
fig-000003,frnd588,85.5,yes
fig-000007,frnd589,85.5,yes
fig-000007,frnd590,85.5,yes
fig-000002,mk113,85.5,yes
fig-000053,mk114,85.5,yes
fig-013407,mk115,90.3,yes
fig-000003,cty1529,85.5,yes
fig-000004,cty1530,85.5,yes
fig-000004,frnd591,85.5,yes
fig-000007,frnd592,85.5,yes
fig-012866,cty1534,95.0,yes
fig-000003,frnd593,85.5,yes
fig-000007,frnd594,85.5,yes
fig-000004,frnd595,85.5,yes
fig-000004,frnd596,85.5,yes
fig-000003,frnd597,85.5,yes
fig-000003,frnd598,85.5,yes
fig-000003,frnd599,85.5,yes
fig-000004,hol305,85.5,yes
fig-000004,hol306,85.5,yes
fig-000004,hol307,85.5,yes
fig-000004,hol308,85.5,yes
fig-000004,hol309,85.5,yes
fig-013409,mk116,100.0,yes
fig-013413,mk117,90.0,yes
fig-011223,hol310,90.0,yes
fig-008248,mk118,90.0,yes
fig-008262,mk119,90.0,yes
fig-000010,mk120,85.5,yes
fig-000004,hol311,85.5,yes
fig-000004,hol312,85.5,yes
fig-000004,hol313,85.5,yes
fig-000004,hol314,85.5,yes
fig-000004,hol315,85.5,yes
fig-000004,hol316,85.5,yes
fig-000004,hol321,85.5,yes
fig-000004,hol319,85.5,yes
fig-008262,hol317,90.0,yes
fig-000004,hol318,85.5,yes
fig-000003,hol320,85.5,yes
fig-000004,hol322,85.5,yes
fig-000003,frnd600,85.5,yes
fig-000003,frnd601,85.5,yes
fig-013260,frnd602,90.0,yes
fig-013261,frnd603,90.0,yes
fig-000004,dp171,85.5,yes
fig-000005,dp172,85.5,yes
fig-000003,frnd604,85.5,yes
fig-000003,frnd605,85.5,yes
fig-013421,njo0798,100.0,yes
fig-000007,frnd606,85.5,yes
fig-003344,frnd607,90.0,yes
fig-000003,cty1531,85.5,yes
fig-001612,cty1532,90.0,yes
fig-001612,cty1533,90.0,yes
fig-005812,mar0140,67.5,no
fig-000007,frnd608,85.5,yes
fig-000003,frnd609,85.5,yes
fig-000007,frnd610,85.5,yes
fig-000007,frnd611,85.5,yes
fig-000010,gen172,85.5,yes
fig-000003,frnd612,85.5,yes
fig-000003,frnd613,85.5,yes
fig-000003,frnd614,85.5,yes
fig-000003,frnd615,85.5,yes
fig-000003,frnd616,85.5,yes
fig-013314,min136,90.0,yes
fig-000004,cty1535,85.5,yes
fig-000176,soc149,90.0,yes
fig-000176,soc151,90.0,yes
fig-000176,soc150,90.0,yes
fig-013506,mar0141,100.0,yes
fig-000004,cty1536,85.5,yes
fig-000004,cty1537,85.5,yes
fig-000004,cty1538,85.5,yes
fig-000004,cty1539,85.5,yes
fig-000004,cty1540,85.5,yes
fig-000004,cty1541,85.5,yes
fig-000003,cty1542,85.5,yes
fig-000004,cty1543,85.5,yes
fig-000004,cty1544,85.5,yes
fig-000004,cty1545,85.5,yes
fig-000003,cty1546,85.5,yes
fig-000003,cty1547,85.5,yes
fig-000775,njo0799,85.5,yes
fig-002233,njo0800,85.5,yes
fig-013309,min138,100.0,yes
fig-013308,min137,92.3,yes
fig-016508,min139,90.0,yes
fig-000049,adp053,90.0,yes
fig-000005,adp054,85.5,yes
fig-000049,adp055,90.0,yes
fig-000049,adp056,90.0,yes
fig-000049,adp057,90.0,yes
fig-000004,adp058,85.5,yes
fig-013481,mar0142,100.0,yes
fig-000003,mar0143,85.5,yes
fig-011976,mar0144,90.0,yes
fig-013477,mar0145,95.0,yes
fig-013480,mar0146,90.0,yes
fig-000007,mar0147,85.5,yes
fig-011588,mar0148,90.0,yes
fig-000003,cty1548,85.5,yes
fig-013421,njo0801,90.0,yes
fig-006691,cty1549,86.7,yes
fig-000003,cty1550,85.5,yes
fig-000004,cty1551,85.5,yes
fig-000007,oct071,85.5,yes
fig-003279,cty1552,85.5,yes
fig-000004,cty1553,85.5,yes
fig-000004,cty1554,85.5,yes
fig-000004,cty1555,85.5,yes
fig-000005,cty1556,85.5,yes
fig-000003,cty1557,85.5,yes
fig-000003,cty1558,85.5,yes
fig-000061,shg021,85.5,yes
fig-013455,gen173,73.1,no
fig-013442,sc104,100.0,yes
fig-000004,min140,85.5,yes
fig-013307,min141,93.6,yes
fig-013482,mar0149,100.0,yes
fig-013473,mar0150,100.0,yes
fig-000004,cty1559,85.5,yes
fig-000004,cty1560,85.5,yes
fig-000004,cty1561,85.5,yes
fig-000004,cty1562,85.5,yes
fig-000004,cty1563,85.5,yes
fig-000004,cty1564,85.5,yes
fig-000007,sh0857,85.5,yes
fig-000005,frnd617,85.5,yes
fig-000019,frnd618,85.5,yes
fig-000004,frnd619,85.5,yes
fig-000010,sh0860,85.5,yes
fig-000004,cty1565,85.5,yes
fig-000004,cty1566,85.5,yes
fig-000004,cty1567,85.5,yes
fig-000004,cty1568,85.5,yes
fig-000004,cty1569,85.5,yes
fig-000176,soc152s,90.0,yes
fig-000176,soc152,90.0,yes
fig-000004,hp396,85.5,yes
fig-013545,hp397,90.0,yes
fig-000005,hp398,85.5,yes
fig-000010,hp399,85.5,yes
fig-000004,hp400,85.5,yes
fig-013543,hp401,90.0,yes
fig-000005,hp402,85.5,yes
fig-000010,hp403,85.5,yes
fig-013540,hp404,90.0,yes
fig-000072,hp405,85.5,yes
fig-000061,hp406,85.5,yes
fig-008950,hp407,90.0,yes
fig-013578,hp408,96.3,yes
fig-000007,hp409,85.5,yes
fig-013574,hp410,95.4,yes
fig-013573,hp411,100.0,yes
fig-000007,hp412,85.5,yes
fig-016076,hp413,90.0,yes
fig-000072,hp414,85.5,yes
fig-013563,hp415,85.9,yes
fig-000004,hp416,85.5,yes
fig-000059,hp417,85.5,yes
fig-014122,hp442,90.0,yes
fig-000010,sw1253,85.5,yes
fig-000020,LLP002a,85.5,yes
fig-000005,LLP003a,85.5,yes
fig-000004,cty1570,85.5,yes
fig-000005,cty1571,85.5,yes
fig-000004,cty1572,85.5,yes
fig-000004,cty1573,85.5,yes
fig-013523,hp418,95.0,yes
fig-013518,njo0802,95.0,yes
fig-000003,sh0861,85.5,yes
fig-000004,twn459,85.5,yes
fig-009554,twn460,86.0,yes
fig-000004,cty1574,85.5,yes
fig-000021,dis092,85.5,yes
fig-000211,dis093,85.5,yes
fig-013753,dis094,90.0,yes
fig-000075,dis095,85.5,yes
fig-000048,dis096,85.5,yes
fig-013725,dis097,90.0,yes
fig-013749,dis098,90.0,yes
fig-000048,dis099,85.5,yes
fig-000048,dis100,85.5,yes
fig-000075,dis101,85.5,yes
fig-000048,dis102,85.5,yes
fig-013717,dis103,90.0,yes
fig-013751,dis104,90.0,yes
fig-013718,dis105,90.0,yes
fig-013750,dis106,90.0,yes
fig-000211,dis107,85.5,yes
fig-000048,dis108,85.5,yes
fig-000211,dis109,85.5,yes
fig-000004,cty1575,85.5,yes
fig-000004,cty1576,85.5,yes
fig-000004,cty1577,85.5,yes
fig-011825,cty1578,90.0,yes
fig-000004,cty1579,85.5,yes
fig-000004,cty1580,85.5,yes
fig-000003,cty1581,85.5,yes
fig-013463,mar0151,90.0,yes
fig-013464,mar0152,90.0,yes
fig-013465,mar0153,90.0,yes
fig-000486,mar0155,85.5,yes
fig-013467,mar0156,90.0,yes
fig-000486,mar0157,85.5,yes
fig-000007,mar0158,85.5,yes
fig-000007,sw1254,85.5,yes
fig-000004,idea147,85.5,yes
fig-000005,idea148,85.5,yes
fig-000004,idea149,85.5,yes
fig-012847,idea150,87.4,yes
fig-013733,sw1256,100.0,yes
fig-013734,sw1257,100.0,yes
fig-004464,sw1258,90.0,yes
fig-013592,dis083,93.0,yes
fig-013591,dis084,92.3,yes
fig-013593,dis082,90.0,yes
fig-000005,dp173,85.5,yes
fig-000005,dp174,85.5,yes
fig-000004,cty1582,85.5,yes
fig-000004,cty1583,85.5,yes
fig-000003,cty1584,85.5,yes
fig-002574,njo0803,90.0,yes
fig-000003,cty1585,85.5,yes
fig-013475,mar0159,100.0,yes
fig-002076,min142,100.0,yes
fig-001953,sh0862,90.0,yes
fig-000004,sh0863,85.5,yes
fig-005069,sh0864,90.0,yes
fig-013528,sh0865,94.3,yes
fig-013302,min143,100.0,yes
fig-013303,min144,100.0,yes
fig-013304,min145,100.0,yes
fig-000072,lor114,85.5,yes
fig-000029,lor115,85.5,yes
fig-000029,lor116,85.5,yes
fig-000053,lor130,85.5,yes
fig-005248,lor121,90.0,yes
fig-005903,lor118,90.0,yes
fig-000007,dp176,85.5,yes
fig-013374,dp175,100.0,yes
fig-003602,dp177,90.0,yes
fig-011639,sw1287,90.0,yes
fig-005192,lor119,90.0,yes
fig-013600,lor117,100.0,yes
fig-005194,lor127,90.0,yes
fig-000612,lor128,90.0,yes
fig-000010,lor120,85.5,yes
fig-000005,lor122,85.5,yes
fig-000007,lor125,85.5,yes
fig-000004,adp059,85.5,yes
fig-000004,adp060,85.5,yes
fig-000004,adp061,85.5,yes
fig-000004,adp062,85.5,yes
fig-000003,adp063,85.5,yes
fig-013623,adp064,90.4,yes
fig-015131,lor112,90.0,yes
fig-015133,lor113,90.0,yes
fig-000004,lor124,85.5,yes
fig-000004,lor123,85.5,yes
fig-005249,lor126,90.0,yes
fig-005181,lor129,90.0,yes
fig-000003,sh0866,85.5,yes
fig-000003,sh0867,85.5,yes
fig-000003,sh0868,85.5,yes
fig-006546,min146,90.0,yes
fig-013629,mar0160,100.0,yes
fig-013681,dis091,100.0,yes
fig-013680,dis090,100.0,yes
fig-000061,dis088,85.5,yes
fig-005756,dis086,90.0,yes
fig-013679,dis087,90.0,yes
fig-000019,dis085,85.5,yes
fig-000007,dis089,85.5,yes
fig-004064,crs112,90.0,yes
fig-013134,avt022,90.0,yes
fig-013427,avt023,90.0,yes
fig-013349,cty1586,87.2,yes
fig-000003,cty1587,85.5,yes
fig-000004,cty1588,85.5,yes
fig-000004,cty1589,85.5,yes
fig-000007,sh0869,85.5,yes
fig-000057,njo0804,85.5,yes
fig-000061,njo0805,85.5,yes
fig-000007,avt024,85.5,yes
fig-013427,avt025,90.0,yes
fig-013434,avt026,100.0,yes
fig-013435,avt027,100.0,yes
fig-012966,adp065,90.6,yes
fig-000004,adp066,85.5,yes
fig-000004,adp067,85.5,yes
fig-000004,adp068,85.5,yes
fig-009554,adp069,86.0,yes
fig-000004,adp070,85.5,yes
fig-000004,adp071,85.5,yes
fig-000012,sc105,85.5,yes
fig-000005,adp072,85.5,yes
fig-000005,adp073,85.5,yes
fig-000005,adp074,85.5,yes
fig-000003,adp075,85.5,yes
fig-000005,adp078,85.5,yes
fig-000004,adp079,85.5,yes
fig-000004,adp080,85.5,yes
fig-000004,adp081,85.5,yes
fig-000012,sc106,85.5,yes
fig-000004,cty1590,85.5,yes
fig-005097,cty1591,90.0,yes
fig-000005,cty1592,85.5,yes
fig-005446,sh0870,90.0,yes
fig-000005,sh0871,85.5,yes
fig-005433,sh0872,90.0,yes
fig-000004,adp082,85.5,yes
fig-000004,adp083,85.5,yes
fig-000004,adp084,85.5,yes
fig-000004,adp085,85.5,yes
fig-000004,adp086,85.5,yes
fig-000004,adp087,85.5,yes
fig-000004,adp088,85.5,yes
fig-000003,adp089,85.5,yes
fig-000004,adp090,85.5,yes
fig-013638,adp091,88.0,yes
fig-008343,adp092,87.4,yes
fig-016099,sc108,95.0,yes
fig-016099,sc107,85.8,yes
fig-001846,jw102,90.0,yes
fig-000003,cty1593,85.5,yes
fig-000005,adp076,85.5,yes
fig-000003,adp077,85.5,yes
fig-000007,sw1270,85.5,yes
fig-013888,sw1269,100.0,yes
fig-013887,sw1268,100.0,yes
fig-005438,sh0874,90.0,yes
fig-000010,sh0873,85.5,yes
fig-000007,sw1263,85.5,yes
fig-000038,sw1262,85.5,yes
fig-013747,sw1266,96.7,yes
fig-013743,sw1264,86.1,yes
fig-000004,sw1265,85.5,yes
fig-014453,sw1271,100.0,yes
fig-005027,sh0879,90.0,yes
fig-005339,sh0878,90.0,yes
fig-005033,sh0876,90.0,yes
fig-013666,sh0877,100.0,yes
fig-013669,sh0875,86.3,yes
fig-013736,sw1259,95.0,yes
fig-013738,sw1261,100.0,yes
fig-000007,sw1267,85.5,yes
fig-000012,sc109,85.5,yes
fig-000004,cty1594,85.5,yes
fig-000004,cty1595,85.5,yes
fig-000004,iaj046,85.5,yes
fig-005829,iaj047,91.9,yes
fig-013694,iaj048,100.0,yes
fig-000005,sw0202a,85.5,yes
fig-010494,tech031,88.6,yes
fig-000005,cty1596,85.5,yes
fig-000003,cty1597,85.5,yes
fig-000005,cty1598,85.5,yes
fig-000003,cty1599,85.5,yes
fig-000411,iaj049,90.0,yes
fig-003427,iaj050,90.0,yes
fig-013688,iaj051,100.0,yes
fig-000900,iaj052,100.0,yes
fig-014368,min154,100.0,yes
fig-000004,47205pb094,85.5,yes
fig-000003,47205pb095,85.5,yes
fig-000003,twn461,85.5,yes
fig-000003,twn462,85.5,yes
fig-014994,min147,100.0,yes
fig-013312,min149,100.0,yes
fig-013703,min148,100.0,yes
fig-000003,hol323,85.5,yes
fig-000004,hol324,85.5,yes
fig-000003,pln195,85.5,yes
fig-000019,alp034,85.5,yes
fig-000010,dis115,85.5,yes
fig-000029,iaj053,85.5,yes
fig-013684,iaj054,100.0,yes
fig-005862,iaj055,90.0,yes
fig-000411,iaj056,90.0,yes
fig-013551,idea151,90.0,yes
fig-013549,idea152,90.0,yes
fig-013539,idea154,90.0,yes
fig-013552,idea153,90.0,yes
fig-013542,idea155,90.0,yes
fig-013546,idea156,90.0,yes
fig-013536,idea157,90.0,yes
fig-013706,sw1255,94.1,yes
fig-000007,sw1260,85.5,yes
fig-000110,dis110,90.0,yes
fig-013713,dis114,100.0,yes
fig-013712,dis113,100.0,yes
fig-000010,dis112,85.5,yes
fig-013711,dis111,90.0,yes
fig-000007,gen174,85.5,yes
fig-000007,gen174a,85.5,yes
fig-000005,gen176,85.5,yes
fig-000005,gen176a,85.5,yes
fig-014352,sw1312,95.0,yes
fig-000004,cty1600,85.5,yes
fig-000004,cty1601,85.5,yes
fig-000007,shg022,85.5,yes
fig-000010,shg023,85.5,yes
fig-000010,shg024,85.5,yes
fig-000061,sw1272,85.5,yes
fig-013769,njo0811,90.0,yes
fig-013781,njo0816,90.0,yes
fig-000053,njo0814,85.5,yes
fig-013788,njo0819,90.0,yes
fig-000006,njo0813,85.5,yes
fig-000072,njo0824,85.5,yes
fig-000005,njo0822,85.5,yes
fig-013787,njo0820,90.0,yes
fig-013772,njo0823,90.0,yes
fig-013779,njo0826,100.0,yes
fig-015601,njo0812,90.0,yes
fig-015257,njo0821,90.0,yes
fig-000061,njo0815,85.5,yes
fig-013767,njo0817,100.0,yes
fig-013778,njo0818,95.0,yes
fig-013784,njo0827,100.0,yes
fig-013783,njo0825,100.0,yes
fig-000004,par050a,85.5,yes
fig-000003,47394pb341,85.5,yes
fig-000007,dp178,85.5,yes
fig-003585,dp179,86.1,yes
fig-003575,dp180,90.0,yes
fig-000004,pln190s,85.5,yes
fig-000009,90398pb046,85.5,yes
fig-000003,47205pb096,85.5,yes
fig-000003,47205pb097,85.5,yes
fig-000003,47205pb098,85.5,yes
fig-000003,47394pb342,85.5,yes
fig-000003,47394pb343,85.5,yes
fig-000003,47394pb344,85.5,yes
fig-000045,47394pb345,85.5,yes
fig-000007,nba058,85.5,yes
fig-000005,nba058s,85.5,yes
fig-000038,njo0806,85.5,yes
fig-014065,crs113,90.0,yes
fig-000007,crs114,85.5,yes
fig-000004,sw1274,85.5,yes
fig-000004,47394pb346,85.5,yes
fig-000176,soc153,90.0,yes
fig-000176,soc153s,90.0,yes
fig-000003,twn463,85.5,yes
fig-000003,twn464,85.5,yes
fig-000005,hp419,85.5,yes
fig-000007,hp420,85.5,yes
fig-013825,hp421,96.7,yes
fig-000005,hp425,85.5,yes
fig-000048,hp423,85.5,yes
fig-013830,hp426,100.0,yes
fig-013824,hp422,87.2,yes
fig-000010,hp424,85.5,yes
fig-014195,sw1277,90.0,yes
fig-000005,sw1278,85.5,yes
fig-000005,sw1276,85.5,yes
fig-005097,sw1283,90.0,yes
fig-000038,sw1284,85.5,yes
fig-000061,sw1282,85.5,yes
fig-014207,sw1281,90.0,yes
fig-015317,sw1279,90.0,yes
fig-014210,sw1286,90.0,yes
fig-000007,sw1298,85.5,yes
fig-000072,sw1297,85.5,yes
fig-009479,sw1294,90.0,yes
fig-000071,sw1295,85.5,yes
fig-000038,sw1296,85.5,yes
fig-016176,jw105,90.0,yes
fig-016177,jw104,90.0,yes
fig-000038,jw103,85.5,yes
fig-012640,njo0828,100.0,yes
fig-013796,njo0829,90.0,yes
fig-013797,njo0830,95.0,yes
fig-013807,njo0831,96.6,yes
fig-013799,njo0832,100.0,yes
fig-013806,njo0833,100.0,yes
fig-013805,njo0834,94.1,yes
fig-013798,njo0835,90.0,yes
fig-013800,njo0836,100.0,yes
fig-013802,njo0837,95.2,yes
fig-013789,njo0838,100.0,yes
fig-013790,njo0839,100.0,yes
fig-013791,njo0840,100.0,yes
fig-013792,njo0841,100.0,yes
fig-013793,njo0842,100.0,yes
fig-014728,njo0843,90.0,yes
fig-003023,njo0844,90.0,yes
fig-013804,njo0845,94.1,yes
fig-013794,njo0846,100.0,yes
fig-000007,njo0807,85.5,yes
fig-000004,cty1602,85.5,yes
fig-013850,dis116,100.0,yes
fig-011951,dis117,90.0,yes
fig-013717,dis118,100.0,yes
fig-000061,dis119,85.5,yes
fig-000004,dis120,85.5,yes
fig-013841,dis122,93.9,yes
fig-005756,dis121,90.0,yes
fig-013844,dis123,90.0,yes
fig-000004,dis124,85.5,yes
fig-000003,dis125,85.5,yes
fig-014609,dis126,90.0,yes
fig-016076,hp427,90.0,yes
fig-000005,hp428,85.5,yes
fig-000005,hp429,85.5,yes
fig-000005,hp430,85.5,yes
fig-013816,hp431,100.0,yes
fig-008960,hp432,90.0,yes
fig-014025,hp433,88.0,yes
fig-013815,hp434,90.0,yes
fig-014026,hp435,87.8,yes
fig-000048,hp436,85.5,yes
fig-010579,hp437,90.0,yes
fig-013766,njo0810,95.0,yes
fig-013765,njo0809,95.0,yes
fig-013763,njo0808,95.0,yes
fig-000003,tech022as,85.5,yes
fig-000003,tech022bs,85.5,yes
fig-005994,jw106,90.0,yes
fig-000003,twn466,85.5,yes
fig-016076,hp438,90.0,yes
fig-000004,hp439,85.5,yes
fig-000007,hp440,85.5,yes
fig-013814,hp441,90.0,yes
fig-000004,soc154,85.5,yes
fig-000005,soc155,85.5,yes
fig-014008,soc156,90.0,yes
fig-014005,soc157,90.0,yes
fig-014006,soc158,90.0,yes
fig-013448,soc159,90.0,yes
fig-000004,soc160,85.5,yes
fig-000004,soc161,85.5,yes
fig-000003,soc162,85.5,yes
fig-000004,soc163,85.5,yes
fig-000004,soc164,85.5,yes
fig-000003,soc165,85.5,yes
fig-000007,soc166,85.5,yes
fig-000003,soc167,85.5,yes
fig-000004,soc168,85.5,yes
fig-000168,twn465,85.5,yes
fig-003602,dis127,90.0,yes
fig-001052,dis128,90.0,yes
fig-013864,dis129,100.0,yes
fig-000933,dis130,90.0,yes
fig-000007,div025,85.5,yes
fig-012400,div026,90.0,yes
fig-000004,47205pb099,85.5,yes
fig-000002,mk121,85.5,yes
fig-013835,mk122,100.0,yes
fig-000010,mk123,85.5,yes
fig-013840,mk124,100.0,yes
fig-013843,mk125,100.0,yes
fig-008262,mk126,90.0,yes
fig-000004,cty1603,85.5,yes
fig-000004,cty1604,85.5,yes
fig-000004,cty1605,85.5,yes
fig-000004,cty1606,85.5,yes
fig-000005,sh0880,85.5,yes
fig-008248,mk127,90.0,yes
fig-008246,mk128,90.0,yes
fig-000003,twn467,85.5,yes
fig-000007,frnd620,85.5,yes
fig-000004,frnd621,85.5,yes
fig-016177,jw107,90.0,yes
fig-000005,jw108,85.5,yes
fig-013860,mk129,97.0,yes
fig-013868,mk130,100.0,yes
fig-008248,mk131,90.0,yes
fig-000007,dp181,85.5,yes
fig-000004,cty1607,85.5,yes
fig-000004,cty1608,85.5,yes
fig-000007,cty1609,85.5,yes
fig-006691,cty1610,88.3,yes
fig-000004,cty1611,85.5,yes
fig-000003,cty1612,85.5,yes
fig-000005,cty1613,85.5,yes
fig-000005,cty1614,85.5,yes
fig-014344,dis139,93.9,yes
fig-000004,cty1615,85.5,yes
fig-000004,cty1616,85.5,yes
fig-000022,cty1617,85.5,yes
fig-000005,pln196,85.5,yes
fig-000004,adp093,85.5,yes
fig-000004,adp094,85.5,yes
fig-000003,adp095,85.5,yes
fig-000959,adp096,90.0,yes
fig-000007,frnd622,85.5,yes
fig-000003,frnd623,85.5,yes
fig-000030,cty1618,85.5,yes
fig-000001,cty1619,85.5,yes
fig-000917,cty1620,90.0,yes
fig-000003,cty1621,85.5,yes
fig-000004,cty1622,85.5,yes
fig-000004,cty1623,85.5,yes
fig-000003,cty1624,85.5,yes
fig-000004,sh0881,85.5,yes
fig-000007,frnd624,85.5,yes
fig-000004,frnd625,85.5,yes
fig-000007,frnd626,85.5,yes
fig-000003,cty1625,85.5,yes
fig-000005,cty1626,85.5,yes
fig-002069,cty1627,86.7,yes
fig-000005,cty1628,85.5,yes
fig-000007,frnd627,85.5,yes
fig-000007,frnd628,85.5,yes
fig-000003,frnd629,85.5,yes
fig-000003,frnd630,85.5,yes
fig-000003,frnd631,85.5,yes
fig-000004,frnd632,85.5,yes
fig-000004,frnd633,85.5,yes
fig-000005,47394pb347,85.5,yes
fig-000020,47205pb100,85.5,yes
fig-000014,47205pb101,85.5,yes
fig-000045,47205pb102,85.5,yes
fig-014105,dis131,90.0,yes
fig-000005,frnd634,85.5,yes
fig-000004,frnd635,85.5,yes
fig-000004,frnd636,85.5,yes
fig-000005,frnd637,85.5,yes
fig-000005,cty1629,85.5,yes
fig-000004,cty1630,85.5,yes
fig-005097,cty1631,90.0,yes
fig-012849,cty1632,87.0,yes
fig-000004,cty1633,85.5,yes
fig-000004,cty1634,85.5,yes
fig-000004,cty1635,85.5,yes
fig-000909,cty1636,90.0,yes
fig-000004,cty1637,85.5,yes
fig-000004,cty1638,85.5,yes
fig-000007,cty1639,85.5,yes
fig-000007,cty1640,85.5,yes
fig-000003,cty1641,85.5,yes
fig-000010,frnd638,85.5,yes
fig-000010,frnd639,85.5,yes
fig-000010,frnd640,85.5,yes
fig-000010,frnd641,85.5,yes
fig-000177,hky011,90.0,yes
fig-000177,hky011s,90.0,yes
fig-000004,pln197,85.5,yes
fig-000004,frnd642,85.5,yes
fig-000003,frnd643,85.5,yes
fig-000003,frnd644,85.5,yes
fig-000005,frnd645,85.5,yes
fig-000004,twn468,85.5,yes
fig-010942,njo0847,90.0,yes
fig-014296,sw1307,100.0,yes
fig-000504,sw1311,90.0,yes
fig-000003,cty1642,85.5,yes
fig-000003,cty1643,85.5,yes
fig-000004,cty1644,85.5,yes
fig-000004,cty1645,85.5,yes
fig-000003,cty1646,85.5,yes
fig-000004,cty1647,85.5,yes
fig-000004,cty1648,85.5,yes
fig-001612,cty1649,90.0,yes
fig-000003,cty1650,85.5,yes
fig-000004,cty1651,85.5,yes
fig-000004,cty1652,85.5,yes
fig-000003,cty1653,85.5,yes
fig-000004,cty1655,85.5,yes
fig-000004,cty1654,85.5,yes
fig-014295,sw1310,100.0,yes
fig-014297,sw1309,100.0,yes
fig-014260,sw1308,90.0,yes
fig-013994,sh0882,100.0,yes
fig-000007,sh0883,85.5,yes
fig-000004,47394pb348,85.5,yes
fig-000010,sh0884,85.5,yes
fig-013719,sh0885,90.0,yes
fig-000003,sh0886,85.5,yes
fig-002015,sh0887,90.0,yes
fig-000003,twn469,85.5,yes
fig-000003,twn470,85.5,yes
fig-000004,47205pb103,85.5,yes
fig-000004,47205pb104,85.5,yes
fig-000004,47394pb349,85.5,yes
fig-000003,47394pb350,85.5,yes
fig-000007,cty1656,85.5,yes
fig-000004,cty1657,85.5,yes
fig-000004,cty1658,85.5,yes
fig-000004,cty1659,85.5,yes
fig-000004,47394pb351,85.5,yes
fig-000004,cty1660,85.5,yes
fig-000004,cty1661,85.5,yes
fig-000003,frnd646,85.5,yes
fig-000005,frnd647,85.5,yes
fig-000003,jw109,85.5,yes
fig-016177,jw110,90.0,yes
fig-016176,jw111,90.0,yes
fig-002935,jw112,90.0,yes
fig-006009,jw113,90.0,yes
fig-006008,jw114,90.0,yes
fig-000004,pi188,85.5,yes
fig-000003,pi189,85.5,yes
fig-000003,pi190,85.5,yes
fig-000003,pi191,85.5,yes
fig-000004,pi192,85.5,yes
fig-000004,pi193,85.5,yes
fig-000004,pi194,85.5,yes
fig-000005,pi195,85.5,yes
fig-000004,pi196,85.5,yes
fig-001655,dis132,100.0,yes
fig-002798,dis133,90.0,yes
fig-014096,dis134,93.0,yes
fig-014097,dis135,100.0,yes
fig-014101,dis136,100.0,yes
fig-014100,dis137,93.3,yes
fig-014099,dis138,90.0,yes
fig-014293,sw1300,90.0,yes
fig-000010,sw1302,85.5,yes
fig-014290,sw1299,100.0,yes
fig-014292,sw1301,90.0,yes
fig-000010,sw1290,85.5,yes
fig-014316,sw1293,100.0,yes
fig-014315,sw1292,100.0,yes
fig-005508,sw1289,90.0,yes
fig-014314,sw1291,100.0,yes
fig-000004,sh0911,85.5,yes
fig-011742,sh0912,90.0,yes
fig-014390,sh0913,90.0,yes
fig-000038,dp182,85.5,yes
fig-000056,dp183,85.5,yes
fig-000004,dp184,85.5,yes
fig-000007,frnd648,85.5,yes
fig-000007,frnd649,85.5,yes
fig-000007,frnd650,85.5,yes
fig-000007,frnd651,85.5,yes
fig-000003,frnd652,85.5,yes
fig-000005,frnd653,85.5,yes
fig-000007,frnd654,85.5,yes
fig-000004,frnd655,85.5,yes
fig-013880,jw115,100.0,yes
fig-016177,jw116,90.0,yes
fig-000003,cty1662,85.5,yes
fig-000004,cty1663,85.5,yes
fig-000003,cty1664,85.5,yes
fig-014109,idea158,100.0,yes
fig-014108,idea159,100.0,yes
fig-014110,idea160,100.0,yes
fig-014107,idea161,100.0,yes
fig-014111,idea162,100.0,yes
fig-014106,idea163,100.0,yes
fig-000004,cty1665,85.5,yes
fig-000019,dp185,85.5,yes
fig-000003,sw1273,85.5,yes
fig-000007,frnd656,85.5,yes
fig-000004,frnd657,85.5,yes
fig-000005,sw1275,85.5,yes
fig-000053,sw1306,85.5,yes
fig-000072,sw1303,85.5,yes
fig-000005,sw1304,85.5,yes
fig-000007,sw1305,85.5,yes
fig-000003,frnd658,85.5,yes
fig-000005,frnd659,85.5,yes
fig-000007,drm001,85.5,yes
fig-014163,drm002,90.0,yes
fig-000010,drm003,85.5,yes
fig-014140,drm004,100.0,yes
fig-000004,sw1285,85.5,yes
fig-000007,frnd660,85.5,yes
fig-000007,son001,85.5,yes
fig-000072,son002,85.5,yes
fig-000094,son003,85.5,yes
fig-000007,son004,85.5,yes
fig-014253,mar0161,100.0,yes
fig-012213,mar0162,90.0,yes
fig-014217,sh0892,100.0,yes
fig-014218,sh0889,100.0,yes
fig-014205,sw1280,96.8,yes
fig-000004,drm005,85.5,yes
fig-014144,drm006,100.0,yes
fig-014151,drm007,100.0,yes
fig-014168,drm008,90.0,yes
fig-014160,drm009,90.0,yes
fig-004896,drm010,100.0,yes
fig-007052,drm011,100.0,yes
fig-014149,drm012,100.0,yes
fig-014181,min150,90.0,yes
fig-014251,mar0163,90.0,yes
fig-014139,drm013,100.0,yes
fig-014165,drm014,90.0,yes
fig-000048,drm015,85.5,yes
fig-014530,drm016,90.0,yes
fig-000003,gdh001,85.5,yes
fig-000007,gdh002,85.5,yes
fig-002306,gdh003,72.0,no
fig-014171,gdh004,100.0,yes
fig-014141,drm017,95.2,yes
fig-014142,drm018,95.0,yes
fig-014143,drm019,95.0,yes
fig-014158,drm020,90.0,yes
fig-000007,drm021,85.5,yes
fig-014152,drm022,90.0,yes
fig-014153,drm023,100.0,yes
fig-014155,drm024,100.0,yes
fig-014154,drm025,100.0,yes
fig-014156,drm026,100.0,yes
fig-000010,drm027,85.5,yes
fig-014150,drm028,100.0,yes
fig-014160,drm029,100.0,yes
fig-000007,drm030,85.5,yes
fig-014249,mar0164,100.0,yes
fig-014247,mar0165,100.0,yes
fig-014248,mar0166,100.0,yes
fig-009878,mar0167,88.9,yes
fig-016508,min151,90.0,yes
fig-014729,min152,90.0,yes
fig-000004,sw1314,85.5,yes
fig-011101,sh0888,90.0,yes
fig-000007,sh0890,85.5,yes
fig-000004,sh0891,85.5,yes
fig-000005,sh0893,85.5,yes
fig-000004,sh0894,85.5,yes
fig-000005,sw1288,85.5,yes
fig-000004,twn473,85.5,yes
fig-000003,twn471,85.5,yes
fig-000004,twn472,85.5,yes
fig-014179,son005,90.0,yes
fig-000004,twn474,85.5,yes
fig-000005,twn475,85.5,yes
fig-000001,twn476,85.5,yes
fig-014265,son006,90.0,yes
fig-000004,twn477,85.5,yes
fig-000003,twn478,85.5,yes
fig-000007,twn479,85.5,yes
fig-000003,twn480,85.5,yes
fig-000004,twn481,85.5,yes
fig-000003,tech022b,85.5,yes
fig-000003,tech022a,85.5,yes
fig-000003,tech041,85.5,yes
fig-014165,drm031,90.0,yes
fig-003925,drm032,90.0,yes
fig-000061,shg025,85.5,yes
fig-014234,cty1666,88.8,yes
fig-000004,cty1667,85.5,yes
fig-011532,shg026,80.0,no
fig-000061,sh0895,85.5,yes
fig-000004,sh0896,85.5,yes
fig-015928,sh0897,90.0,yes
fig-002567,sh0898,90.0,yes
fig-000004,cty1668,85.5,yes
fig-000004,cty1669,85.5,yes
fig-014262,son008,100.0,yes
fig-014263,son007,100.0,yes
fig-000004,twn482,85.5,yes
fig-000003,sh0899,85.5,yes
fig-001050,sh0900,90.0,yes
fig-014170,gdh005,90.0,yes
fig-000007,gdh006,85.5,yes
fig-000603,gdh007,90.0,yes
fig-000007,idea164,85.5,yes
fig-014265,idea165,90.0,yes
fig-014260,son009,100.0,yes
fig-014261,son010,100.0,yes
fig-000003,chef028,85.5,yes
fig-000059,hp456,85.5,yes
fig-000004,hp444,85.5,yes
fig-001050,sh0901,90.0,yes
fig-016076,hp449,90.0,yes
fig-016076,hp443,90.0,yes
fig-000007,hp446,85.5,yes
fig-010577,hp445,90.0,yes
fig-014338,hp455,90.0,yes
fig-007635,hp451,95.0,yes
fig-000010,hp448,85.5,yes
fig-001319,hp452,90.0,yes
fig-014339,hp453,93.6,yes
fig-004556,hp450,90.0,yes
fig-004556,hp454,90.0,yes
fig-000007,hp457,85.5,yes
fig-007233,hp458,87.8,yes
fig-000004,hp459,85.5,yes
fig-000004,hp460,85.5,yes
fig-000004,hp461,85.5,yes
fig-014301,hp462,100.0,yes
fig-011381,hp463,90.0,yes
fig-014271,hp464,95.0,yes
fig-014329,dis140,100.0,yes
fig-000010,dis141,85.5,yes
fig-000010,dis142,85.5,yes
fig-000075,colmar15,85.5,yes
fig-014358,colmar16,86.4,yes
fig-000075,colmar17,85.5,yes
fig-000075,colmar18,85.5,yes
fig-000075,colmar19,85.5,yes
fig-000075,colmar20,85.5,yes
fig-000075,colmar21,85.5,yes
fig-000075,colmar22,85.5,yes
fig-000075,colmar24,85.5,yes
fig-000003,sh0902,85.5,yes
fig-000004,sh0903,85.5,yes
fig-000007,sw1317,85.5,yes
fig-000007,sw1318,85.5,yes
fig-000075,colmar14,85.5,yes
fig-001288,min153,90.0,yes
fig-014355,colmar13,90.0,yes
fig-000001,tls123,85.5,yes
fig-000075,colmar23,85.5,yes
fig-014369,idea166s,90.0,yes
fig-014286,sh0905,90.6,yes
fig-014287,sh0907,90.9,yes
fig-000005,idea164s,85.5,yes
fig-000007,sh0904,85.5,yes
fig-011407,sh0908,90.0,yes
fig-005331,sh0909,90.0,yes
fig-008939,hp447,85.5,yes
fig-000004,47394pb115a,85.5,yes
fig-014252,mar0168,100.0,yes
fig-000003,cty1682,85.5,yes
fig-014276,cty1683,86.8,yes
fig-000003,cty1684,85.5,yes
fig-014278,cty1685,89.8,yes
fig-000004,cty1686,85.5,yes
fig-000010,hol325,85.5,yes
fig-001846,jw117,90.0,yes
fig-000007,twn483,85.5,yes
fig-000005,47205pb105,85.5,yes
fig-000004,47205pb106,85.5,yes
fig-004005,sw1315,90.0,yes
fig-001291,sw1316,100.0,yes
fig-000007,frnd664,85.5,yes
fig-000007,frnd665,85.5,yes
fig-000007,frnd666,85.5,yes
fig-000004,cty1670,85.5,yes
fig-000004,cty1671,85.5,yes
fig-000004,cty1672,85.5,yes
fig-000007,frnd661,85.5,yes
fig-000003,frnd662,85.5,yes
fig-000007,frnd663,85.5,yes
fig-006029,mar0169,90.0,yes
fig-014369,son011,90.0,yes
fig-000888,gen175,90.0,yes
fig-000007,sh0906,85.5,yes
fig-000004,frnd667,85.5,yes
fig-000007,frnd668,85.5,yes
fig-000003,47205pb107,85.5,yes
fig-014250,mar0170,100.0,yes
fig-000004,47205pb109,85.5,yes
fig-000003,47394pb352,85.5,yes
fig-014258,mar0171,90.0,yes
fig-006527,mar0172,90.0,yes
fig-000003,sw1313,85.5,yes
fig-014406,mar0173,100.0,yes
fig-014407,mar0174,100.0,yes
fig-015921,sh0910,85.8,yes
fig-000004,cty1673,85.5,yes
fig-000004,cty1674,85.5,yes
fig-000004,cty1675,85.5,yes
fig-000004,cty1677,85.5,yes
fig-000004,cty1678,85.5,yes
fig-000004,cty1679,85.5,yes
fig-000004,cty1680,85.5,yes
fig-000003,cty1681,85.5,yes
fig-000003,47205pb110,85.5,yes
fig-014246,mar0175,100.0,yes
fig-014371,mar0176,100.0,yes
fig-014139,drm033,90.0,yes
fig-000007,cty1687,85.5,yes
fig-000004,cty1688,85.5,yes
fig-000004,hol326,85.5,yes
fig-000004,hol327,85.5,yes
fig-014385,hol328,85.6,yes
fig-000004,hol329,85.5,yes
fig-000004,hol330,85.5,yes
fig-000660,jw118,85.5,yes
fig-014182,min155,100.0,yes
fig-014183,min156,100.0,yes
fig-014378,dis143,100.0,yes
fig-014381,dis144,100.0,yes
fig-014382,dis145,100.0,yes
fig-000007,gen180,85.5,yes
fig-002941,gen181,60.0,no
fig-000021,gen182,85.5,yes
fig-000037,dis146,90.0,yes
fig-000004,pi197,85.5,yes
fig-000004,4555pb269,85.5,yes
fig-000003,dis147,85.5,yes
fig-015238,sw1347,100.0,yes
fig-014379,dis148,100.0,yes
fig-014380,dis149,100.0,yes
fig-000007,shg027,85.5,yes
fig-000061,shg028,85.5,yes
fig-000061,shg029,85.5,yes
fig-000010,shg030,85.5,yes
fig-000061,shg031,85.5,yes
fig-014417,hp465,87.9,yes
fig-000004,idea167,85.5,yes
fig-000005,idea168,85.5,yes
fig-000005,idea169,85.5,yes
fig-000004,idea170,85.5,yes
fig-000053,sh0914,85.5,yes
fig-014424,njo0848,95.0,yes
fig-000010,cty1689,85.5,yes
fig-000421,gen177,85.5,yes
fig-006029,gen178,90.0,yes
fig-000021,gen179,85.5,yes
fig-000176,soc169,90.0,yes
fig-000176,soc170,90.0,yes
fig-000525,stu016,90.0,yes
fig-014412,idea171,100.0,yes
fig-002164,tlm037a,90.0,yes
fig-000007,shg032,85.5,yes
fig-000010,shg033,85.5,yes
fig-000007,shg034,85.5,yes
fig-008777,cas580,90.0,yes
fig-000004,cas581,85.5,yes
fig-000007,shg035,85.5,yes
fig-000007,cty1690,85.5,yes
fig-000004,hol331,85.5,yes
fig-000004,hol332,85.5,yes
fig-000007,drm034,85.5,yes
fig-000010,90398pb049,85.5,yes
fig-000166,90398pb050,85.5,yes
fig-000001,twn484,85.5,yes
fig-000001,twn485,85.5,yes
fig-000004,twn486,85.5,yes
fig-000007,twn487,85.5,yes
fig-000004,twn488,85.5,yes
fig-000004,twn489,85.5,yes
fig-000003,twn490,85.5,yes
fig-000004,twn492,85.5,yes
fig-000004,twn491,85.5,yes
fig-000005,sh0915,85.5,yes
fig-000007,sh0923,85.5,yes
fig-000004,sh0925,85.5,yes
fig-000007,sh0916,85.5,yes
fig-000932,sh0933,90.0,yes
fig-014440,sh0920,100.0,yes
fig-014434,sh0921,95.0,yes
fig-014442,sh0930,100.0,yes
fig-000061,sw1319,85.5,yes
fig-000007,sw1320,85.5,yes
fig-000007,sw1321,85.5,yes
fig-009479,sw1323,90.0,yes
fig-010994,sw1324,100.0,yes
fig-000005,sh0929,85.5,yes
fig-014427,sh0931,100.0,yes
fig-015925,sh0924,90.0,yes
fig-000005,sh0927,85.5,yes
fig-000007,sh0926,85.5,yes
fig-005075,sh0917,90.0,yes
fig-005075,sh0918,90.0,yes
fig-005075,sh0919,90.0,yes
fig-011608,sh0928,90.0,yes
fig-000004,sh0922,85.5,yes
fig-000010,sh0932,85.5,yes
fig-014469,min157,100.0,yes
fig-000010,min158,85.5,yes
fig-014468,min159,100.0,yes
fig-008262,mk132,90.0,yes
fig-010996,sw1322,90.0,yes
fig-000003,hol333,85.5,yes
fig-000004,hol334,85.5,yes
fig-000003,hol335,85.5,yes
fig-014655,col424,90.0,yes
fig-014654,col425,90.0,yes
fig-014653,col426,90.0,yes
fig-000211,col427,85.5,yes
fig-000211,col428,85.5,yes
fig-014650,col429,90.0,yes
fig-000917,col430,90.0,yes
fig-014648,col431,90.0,yes
fig-000048,col432,85.5,yes
fig-000211,col433,85.5,yes
fig-014645,col434,90.0,yes
fig-014644,col435,90.0,yes
fig-000007,njo0862,85.5,yes
fig-000006,njo0853,85.5,yes
fig-014466,son012,90.0,yes
fig-014491,njo0849,94.1,yes
fig-000004,pln198,85.5,yes
fig-014467,son013,100.0,yes
fig-014578,njo0856,90.0,yes
fig-014583,njo0861,90.0,yes
fig-013787,njo0855,90.0,yes
fig-014577,njo0857,90.0,yes
fig-000007,son016,85.5,yes
fig-014158,drm035,90.0,yes
fig-000002,mk133,85.5,yes
fig-010270,mk134,90.0,yes
fig-011565,mk135,90.0,yes
fig-008253,mk136,90.0,yes
fig-001648,mk137s,65.5,no
fig-008262,mk138,90.0,yes
fig-014546,mk139,90.0,yes
fig-000001,mk140,85.5,yes
fig-000003,mk141,85.5,yes
fig-014548,mk142,100.0,yes
fig-014549,mk143,93.6,yes
fig-014550,mk144,94.1,yes
fig-000003,mk145,85.5,yes
fig-000007,mk146,85.5,yes
fig-008246,mk147,90.0,yes
fig-000007,mk148,85.5,yes
fig-000005,jw119,85.5,yes
fig-000003,jw120,85.5,yes
fig-000007,frnd669,85.5,yes
fig-000007,frnd670,85.5,yes
fig-000003,frnd671,85.5,yes
fig-007226,frnd672,90.0,yes
fig-007207,frnd673,90.0,yes
fig-003344,frnd674,90.0,yes
fig-014493,mar0177,100.0,yes
fig-014495,mar0178,100.0,yes
fig-000004,dupfig044,85.5,yes
fig-012407,mar0182,90.0,yes
fig-014677,mar0183,100.0,yes
fig-012198,mar0179,90.0,yes
fig-008997,hol336,86.5,yes
fig-000004,hol337,85.5,yes
fig-000004,cty1691,85.5,yes
fig-000003,hol338,85.5,yes
fig-014499,hol339,86.1,yes
fig-000003,hol340,85.5,yes
fig-014501,hol341,86.5,yes
fig-000004,hol342,85.5,yes
fig-000003,hol343,85.5,yes
fig-000004,hol344,85.5,yes
fig-000003,hol345,85.5,yes
fig-000004,hol346,85.5,yes
fig-000004,hol347,85.5,yes
fig-000022,hol348,85.5,yes
fig-013788,njo0859,90.0,yes
fig-000053,njo0852,85.5,yes
fig-013769,njo0858,90.0,yes
fig-000005,njo0860,85.5,yes
fig-000005,sp139,85.5,yes
fig-014705,son014,100.0,yes
fig-000038,njo0850,85.5,yes
fig-000004,min160,85.5,yes
fig-014577,njo0851,90.0,yes
fig-014566,njo0854,100.0,yes
fig-004922,sh0934,100.0,yes
fig-002247,idea172,90.0,yes
fig-000962,idea173,90.0,yes
fig-000066,idea174,90.0,yes
fig-000253,idea175,85.5,yes
fig-000010,idea177,85.5,yes
fig-000012,idea178,85.5,yes
fig-000129,idea179,90.0,yes
fig-000072,idea176,85.5,yes
fig-013781,njo0863,90.0,yes
fig-000005,njo0865,85.5,yes
fig-000004,hol349,85.5,yes
fig-014487,hol350,88.4,yes
fig-000004,hol351,85.5,yes
fig-000003,hol352,85.5,yes
fig-012213,mar0181,90.0,yes
fig-000004,hol353,85.5,yes
fig-000003,hol354,85.5,yes
fig-000005,njo0866,85.5,yes
fig-013769,njo0864,90.0,yes
fig-014558,min161,100.0,yes
fig-000004,dis150,85.5,yes
fig-000004,dis151,85.5,yes
fig-000004,dis152,85.5,yes
fig-011923,mar0180,90.0,yes
fig-000029,sh0935,85.5,yes
fig-000004,frnd675,85.5,yes
fig-000005,njo0867,85.5,yes
fig-000003,cty1692,85.5,yes
fig-000003,twn493,85.5,yes
fig-000002,twn494,85.5,yes
fig-014621,dp187,91.0,yes
fig-014620,dp188,100.0,yes
fig-000061,dp186,85.5,yes
fig-008248,mk152,90.0,yes
fig-009490,mk154,72.0,no
fig-001059,mk155,72.0,no
fig-011807,mk156,72.0,no
fig-014523,drm036,100.0,yes
fig-014152,drm037,90.0,yes
fig-000003,cty1693,85.5,yes
fig-000005,frnd676,85.5,yes
fig-000007,frnd677,85.5,yes
fig-000007,frnd678,85.5,yes
fig-000004,frnd679,85.5,yes
fig-014522,frnd680,90.0,yes
fig-000007,frnd681,85.5,yes
fig-014521,frnd682,90.0,yes
fig-000003,frnd683,85.5,yes
fig-000003,frnd684,85.5,yes
fig-000003,cty1694,85.5,yes
fig-000003,cty1695,85.5,yes
fig-014556,min162,100.0,yes
fig-000003,cty1696,85.5,yes
fig-000003,cty1697,85.5,yes
fig-000003,cty1698,85.5,yes
fig-014526,drm038,100.0,yes
fig-014525,drm040,100.0,yes
fig-000010,drm039,85.5,yes
fig-000012,twn495,85.5,yes
fig-000004,twn496,85.5,yes
fig-000007,cty1699,85.5,yes
fig-000004,cty1700,85.5,yes
fig-000007,cty1701,85.5,yes
fig-000004,cty1702,85.5,yes
fig-000004,cty1703,85.5,yes
fig-000004,cty1704,85.5,yes
fig-000004,cty1705,85.5,yes
fig-000004,sh0936,85.5,yes
fig-000010,sh0937,85.5,yes
fig-000499,sh0938,90.0,yes
fig-000007,mk153,85.5,yes
fig-000004,cty1710,85.5,yes
fig-009001,frnd685,90.0,yes
fig-000007,frnd686,85.5,yes
fig-000053,frnd687,85.5,yes
fig-000003,frnd688,85.5,yes
fig-000005,frnd689,85.5,yes
fig-000004,frnd690,85.5,yes
fig-008248,mk151,90.0,yes
fig-000004,cty1711,85.5,yes
fig-000004,cty1712,85.5,yes
fig-000010,njo0868,85.5,yes
fig-000004,frnd691,85.5,yes
fig-004583,sh0939,90.0,yes
fig-014571,sh0940,93.6,yes
fig-000615,sh0941,90.0,yes
fig-001264,sh0942,100.0,yes
fig-000004,cty1713,85.5,yes
fig-000004,cty1714,85.5,yes
fig-000003,cty1715,85.5,yes
fig-000004,cty1716,85.5,yes
fig-000003,cty1717,85.5,yes
fig-001953,sh0943,90.0,yes
fig-004890,sh0944,90.0,yes
fig-000003,cty1718,85.5,yes
fig-000004,cty1719,85.5,yes
fig-000004,cty1720,85.5,yes
fig-000004,cty1721,85.5,yes
fig-000003,47205pb111,85.5,yes
fig-000004,47205pb112,85.5,yes
fig-014719,dun001,100.0,yes
fig-014720,dun002,100.0,yes
fig-014721,dun003,96.0,yes
fig-014722,dun004,100.0,yes
fig-014723,dun005,100.0,yes
fig-014724,dun006,100.0,yes
fig-014725,dun007,100.0,yes
fig-014726,dun008,95.8,yes
fig-000033,47394pb353,85.5,yes
fig-000033,47394pb354,85.5,yes
fig-001014,frnd692,90.0,yes
fig-001014,frnd694,90.0,yes
fig-005765,frnd693,90.0,yes
fig-000007,frnd695,85.5,yes
fig-014667,frnd696,90.0,yes
fig-014668,frnd697,90.0,yes
fig-000005,frnd698,85.5,yes
fig-000061,frnd699,85.5,yes
fig-014673,frnd700,90.0,yes
fig-000003,frnd701,85.5,yes
fig-010357,frnd702,90.0,yes
fig-000004,frnd703,85.5,yes
fig-000004,frnd706,85.5,yes
fig-000007,frnd704,85.5,yes
fig-000005,frnd705,85.5,yes
fig-014557,min163,100.0,yes
fig-000004,frnd707,85.5,yes
fig-000007,frnd708,85.5,yes
fig-010365,frnd709,90.0,yes
fig-000007,frnd710,85.5,yes
fig-000007,frnd711,85.5,yes
fig-000003,frnd712,85.5,yes
fig-001044,frnd713,90.0,yes
fig-000007,frnd714,85.5,yes
fig-013470,frnd715,90.0,yes
fig-000003,frnd716,85.5,yes
fig-000007,frnd717,85.5,yes
fig-000004,sh0945,85.5,yes
fig-000003,cty1722,85.5,yes
fig-000007,frnd718,85.5,yes
fig-000007,frnd719,85.5,yes
fig-014530,drm041,90.0,yes
fig-000003,frnd720,85.5,yes
fig-000005,frnd721,85.5,yes
fig-000003,frnd722,85.5,yes
fig-000003,frnd723,85.5,yes
fig-000003,frnd724,85.5,yes
fig-000003,sp138,85.5,yes
fig-000003,sp137,85.5,yes
fig-016013,sp136,90.0,yes
fig-014799,sw1325,100.0,yes
fig-000305,sw1329,85.5,yes
fig-000005,sw1328,85.5,yes
fig-000005,cty1723,85.5,yes
fig-000004,cty1724,85.5,yes
fig-000004,cty1725,85.5,yes
fig-000003,cty1726,85.5,yes
fig-000003,cty1729,85.5,yes
fig-014795,njo0879,100.0,yes
fig-000003,cty1728,85.5,yes
fig-000018,cty1727,90.0,yes
fig-000003,cty1730,85.5,yes
fig-000004,cty1731,85.5,yes
fig-000003,cty1735,85.5,yes
fig-000007,sh0946,85.5,yes
fig-014163,drm042,90.0,yes
fig-000005,sh0947,85.5,yes
fig-010049,son015,90.0,yes
fig-000004,dis153,85.5,yes
fig-000005,frnd725,85.5,yes
fig-000007,njo0869,85.5,yes
fig-014595,sh0948,100.0,yes
fig-000004,cty1732,85.5,yes
fig-000004,cty1733,85.5,yes
fig-001145,cty1734,90.6,yes
fig-000007,frnd726,85.5,yes
fig-010993,frnd727,90.0,yes
fig-000007,frnd728,85.5,yes
fig-000003,frnd729,85.5,yes
fig-000005,frnd730,85.5,yes
fig-008262,mk149,90.0,yes
fig-008248,mk150,90.0,yes
fig-000007,dp189,85.5,yes
fig-000004,cty1737,85.5,yes
fig-000004,cty1738,85.5,yes
fig-000004,cty1736,85.5,yes
fig-000007,njo0870,85.5,yes
fig-013772,njo0872,90.0,yes
fig-014781,njo0871,93.0,yes
fig-000007,njo0873,85.5,yes
fig-014560,min164,100.0,yes
fig-014562,min166,100.0,yes
fig-002229,min165,85.5,yes
fig-014837,min168,100.0,yes
fig-000004,cty1739,85.5,yes
fig-000006,njo0876,85.5,yes
fig-011948,njo0874,90.0,yes
fig-000007,njo0875,85.5,yes
fig-000053,njo0877,85.5,yes
fig-000003,cty1740,85.5,yes
fig-000003,frnd731,85.5,yes
fig-000003,cty1741,85.5,yes
fig-000004,cty1742,85.5,yes
fig-000004,cty1743,85.5,yes
fig-000003,cty1744,85.5,yes
fig-000003,frnd732,85.5,yes
fig-000004,frnd733,85.5,yes
fig-014728,njo0878,100.0,yes
fig-000004,cas582,85.5,yes
fig-000004,cas583,85.5,yes
fig-000004,cas584,85.5,yes
fig-000004,cas585,85.5,yes
fig-014807,cas586,89.2,yes
fig-000004,cas587,85.5,yes
fig-000004,cas588,85.5,yes
fig-016553,cas589,90.0,yes
fig-000003,par016a,85.5,yes
fig-000019,sp140,85.5,yes
fig-000020,sp141,85.5,yes
fig-016076,hp466,90.0,yes
fig-014745,ani001,100.0,yes
fig-014746,ani002,100.0,yes
fig-014610,dp190,90.0,yes
fig-000003,cty1745,85.5,yes
fig-000018,cty1757,90.0,yes
fig-000486,sc110,85.5,yes
fig-000012,sc111,85.5,yes
fig-014744,ani003,90.0,yes
fig-014743,ani004,100.0,yes
fig-014741,ani005,100.0,yes
fig-014742,ani006,100.0,yes
fig-000004,frnd734,85.5,yes
fig-007230,frnd735,90.0,yes
fig-000004,hp468,85.5,yes
fig-000004,47205pb113,85.5,yes
fig-000004,47394pb355,85.5,yes
fig-000004,hp479,85.5,yes
fig-000004,hp473,85.5,yes
fig-016076,hp470,90.0,yes
fig-000010,hp472,85.5,yes
fig-000010,hp471,85.5,yes
fig-000010,hp474,85.5,yes
fig-016076,hp475,90.0,yes
fig-000005,hp476,85.5,yes
fig-000005,hp477,85.5,yes
fig-006120,hp478,90.0,yes
fig-014762,hp467,92.9,yes
fig-000005,hp469,85.5,yes
fig-016076,hp481,90.0,yes
fig-014769,hp482,93.9,yes
fig-000003,dp191,85.5,yes
fig-014609,dp192,90.0,yes
fig-000004,cty1746,85.5,yes
fig-000004,cty1747,85.5,yes
fig-000004,cty1748,85.5,yes
fig-000004,cty1749,85.5,yes
fig-000003,cty1750,85.5,yes
fig-000004,cty1751,85.5,yes
fig-000004,cty1752,85.5,yes
fig-014163,drm043,90.0,yes
fig-000003,cty1706,85.5,yes
fig-000003,cty1707,85.5,yes
fig-000003,cty1708,85.5,yes
fig-000003,cty1709,85.5,yes
fig-000003,cty1754,85.5,yes
fig-000004,cty1755,85.5,yes
fig-000003,cty1753,85.5,yes
fig-008262,mk157,90.0,yes
fig-000004,cty1756,85.5,yes
fig-014747,ani007,100.0,yes
fig-014772,twn497,100.0,yes
fig-000004,twn500,85.5,yes
fig-000004,twn499,85.5,yes
fig-000003,twn498,85.5,yes
fig-000005,sw1327,85.5,yes
fig-000004,sw1326,85.5,yes
fig-014738,dis154,100.0,yes
fig-001953,sh0950,90.0,yes
fig-000005,sh0951,85.5,yes
fig-000010,ani008,85.5,yes
fig-014740,ani009,100.0,yes
fig-000010,sh0952,85.5,yes
fig-014828,sh0953,100.0,yes
fig-014748,dis155,100.0,yes
fig-014749,dis156,100.0,yes
fig-014754,dis157,100.0,yes
fig-014751,dis158,100.0,yes
fig-014750,dis159,100.0,yes
fig-014752,dis160,100.0,yes
fig-014753,dis161,100.0,yes
fig-000003,edu011,85.5,yes
fig-016517,edu012,95.0,yes
fig-000004,edu013,85.5,yes
fig-000004,edu014,85.5,yes
fig-000003,edu015,85.5,yes
fig-000004,edu016,85.5,yes
fig-005568,edu017,90.0,yes
fig-000003,edu018,85.5,yes
fig-000004,edu019,85.5,yes
fig-013776,njo0886,90.0,yes
fig-000005,njo0884,85.5,yes
fig-000005,njo0885,85.5,yes
fig-000006,njo0880,85.5,yes
fig-000061,njo0881,85.5,yes
fig-013769,njo0882,90.0,yes
fig-000053,njo0883,85.5,yes
fig-014530,drm044,90.0,yes
fig-000040,hp483,85.5,yes
fig-000003,cty1758,85.5,yes
fig-000003,cty1759,85.5,yes
fig-000004,cty1760,85.5,yes
fig-000003,sh0954,85.5,yes
fig-000004,sh0955,85.5,yes
fig-000007,sw1340,85.5,yes
fig-000037,sw1330,85.5,yes
fig-014992,sw1336,100.0,yes
fig-000003,sh0949,85.5,yes
fig-014833,njo0887,95.0,yes
fig-000007,njo0888,85.5,yes
fig-016099,sc112,85.8,yes
fig-000012,sc113,85.5,yes
fig-000010,sc114,85.5,yes
fig-009614,cty1761,86.2,yes
fig-014991,sw1335,100.0,yes
fig-000010,sw1333,85.5,yes
fig-016016,sw1334,90.0,yes
fig-000005,sw1332,85.5,yes
fig-000003,sw1337,85.5,yes
fig-000007,sh0956,85.5,yes
fig-000004,cas355a,85.5,yes
fig-000005,sw1338,85.5,yes
fig-000007,sw1331,85.5,yes
fig-000007,sw1339,85.5,yes
fig-014847,idea180,100.0,yes
fig-014848,idea181,100.0,yes
fig-014849,idea182,100.0,yes
fig-000003,pi198,85.5,yes
fig-000003,pi199,85.5,yes
fig-013754,njo0889,86.9,yes
fig-011101,sh0957,90.0,yes
fig-000211,col437,85.5,yes
fig-014961,col436,90.0,yes
fig-014959,col438,90.0,yes
fig-001603,col439,90.0,yes
fig-014957,col440,90.0,yes
fig-014956,col441,90.0,yes
fig-000010,col442,85.5,yes
fig-014954,col443,90.0,yes
fig-014953,col444,90.0,yes
fig-014952,col445,90.0,yes
fig-014951,col446,90.0,yes
fig-000048,col447,85.5,yes
fig-014949,col448,90.0,yes
fig-014852,idea185,90.0,yes
fig-014851,idea184,90.0,yes
fig-014850,idea183,100.0,yes
fig-000166,90398pb051,85.5,yes
fig-000053,njo0892,85.5,yes
fig-000007,njo0893,85.5,yes
fig-013788,njo0891,90.0,yes
fig-000003,cty1762,85.5,yes
fig-015066,sw1345,100.0,yes
fig-015065,sw1344,100.0,yes
fig-015067,sw1346,100.0,yes
fig-011626,sw1342,90.0,yes
fig-015064,sw1343,100.0,yes
fig-000053,sw1381,85.5,yes
fig-000053,sw1382,85.5,yes
fig-014853,idea186,100.0,yes
fig-000007,idea187,85.5,yes
fig-000007,idea188,85.5,yes
fig-014729,min169,90.0,yes
fig-005404,sh0958,88.0,yes
fig-014862,sh0961,92.3,yes
fig-000004,sh0960,85.5,yes
fig-001805,sh0959,90.0,yes
fig-015312,sw1374,100.0,yes
fig-000010,sw1373,85.5,yes
fig-000003,sw1376,85.5,yes
fig-015313,sw1375,90.0,yes
fig-015315,sw1377,100.0,yes
fig-000019,mnn016,85.5,yes
fig-000007,hp182a,85.5,yes
fig-000007,hp182b,85.5,yes
fig-000007,hp179a,85.5,yes
fig-000007,hp179b,85.5,yes
fig-000007,hp507,85.5,yes
fig-000177,hky012,90.0,yes
fig-000177,hky012s,90.0,yes
fig-000004,hp134b,85.5,yes
fig-000004,hp134a,85.5,yes
fig-000030,sp142,85.5,yes
fig-000003,sp143,85.5,yes
fig-014970,mnn018,100.0,yes
fig-014969,mnn017,100.0,yes
fig-014972,mnn019,100.0,yes
fig-014971,mnn020,100.0,yes
fig-001216,gg012,90.0,yes
fig-001216,gg012s,90.0,yes
fig-000003,cty1763,85.5,yes
fig-000003,cty1764,85.5,yes
fig-000072,crs115,85.5,yes
fig-014963,dis162,100.0,yes
fig-014964,dis163,100.0,yes
fig-013769,njo0890,90.0,yes
fig-015212,cty1800,86.5,yes
fig-000003,cty1795,85.5,yes
fig-000005,jw122,85.5,yes
fig-000005,jw121,85.5,yes
fig-014962,sp144,87.5,yes
fig-000010,sh0962,85.5,yes
fig-000010,sh0963,85.5,yes
fig-015131,lor131,90.0,yes
fig-015133,lor132,90.0,yes
fig-015130,lor133,91.9,yes
fig-000007,lor134,85.5,yes
fig-000004,lor135,85.5,yes
fig-015124,lor136,100.0,yes
fig-000004,lor137,85.5,yes
fig-000007,lor138,85.5,yes
fig-015127,lor139,100.0,yes
fig-005189,lor140,90.0,yes
fig-015176,njo0907,100.0,yes
fig-001288,cty1765,90.0,yes
fig-000007,frnd736,85.5,yes
fig-000005,47394pb356,85.5,yes
fig-013781,njo0894,90.0,yes
fig-000004,47394pb357,85.5,yes
fig-014577,njo0895,90.0,yes
fig-000003,frnd737,85.5,yes
fig-000003,frnd738,85.5,yes
fig-011725,sw1341,90.0,yes
fig-000010,hp489,85.5,yes
fig-000003,hp488,85.5,yes
fig-000469,hp485,85.5,yes
fig-000004,hp480,85.5,yes
fig-015113,hp490,100.0,yes
fig-015114,hp487,100.0,yes
fig-015118,hp486,100.0,yes
fig-015117,hp484,95.0,yes
fig-000007,frnd739,85.5,yes
fig-000004,cty1766,85.5,yes
fig-000004,cty1767,85.5,yes
fig-005479,gdh009,85.5,yes
fig-000007,cty1768,85.5,yes
fig-014998,dis164,100.0,yes
fig-014999,dis165,100.0,yes
fig-002253,47394pb358,85.5,yes
fig-002075,47394pb359,85.5,yes
fig-000007,47205pb114,85.5,yes
fig-000007,47205pb115,85.5,yes
fig-000045,dupmermaid03,85.5,yes
fig-001722,dupmermaid04,85.5,yes
fig-000003,frnd741,85.5,yes
fig-000003,frnd742,85.5,yes
fig-015024,frnd740,90.0,yes
fig-013787,njo0902,90.0,yes
fig-014583,njo0901,90.0,yes
fig-015167,njo0904,100.0,yes
fig-004556,njo0905,90.0,yes
fig-013788,njo0906,90.0,yes
fig-000007,njo0900,85.5,yes
fig-000007,gdh008,85.5,yes
fig-013769,njo0896,90.0,yes
fig-000010,njo0898,85.5,yes
fig-014578,njo0897,90.0,yes
fig-014577,njo0903,90.0,yes
fig-000003,sh0964,85.5,yes
fig-000010,sh0965,85.5,yes
fig-000007,frnd743,85.5,yes
fig-000003,frnd744,85.5,yes
fig-015042,dis166,89.6,yes
fig-015223,cty1769,90.0,yes
fig-000004,cty1772,85.5,yes
fig-000003,cty1770,85.5,yes
fig-000004,cty1771,85.5,yes
fig-000583,min170,100.0,yes
fig-015080,min171,90.0,yes
fig-014577,njo0899,90.0,yes
fig-015235,min172,100.0,yes
fig-000003,frnd745,85.5,yes
fig-000007,frnd746,85.5,yes
fig-015017,frnd747,90.0,yes
fig-000005,hp491,85.5,yes
fig-000004,hp492,85.5,yes
fig-000010,hp493,85.5,yes
fig-002964,min173,85.5,yes
fig-006477,min174,90.0,yes
fig-015086,min175,90.0,yes
fig-014980,mnn029,96.8,yes
fig-014984,mnn033,100.0,yes
fig-000010,mnn027,85.5,yes
fig-014982,mnn031,100.0,yes
fig-014983,mnn032,100.0,yes
fig-000010,mnn021,85.5,yes
fig-014974,mnn022,100.0,yes
fig-014975,mnn023,100.0,yes
fig-014976,mnn024,94.1,yes
fig-000061,lor141,85.5,yes
fig-015097,hp494,100.0,yes
fig-000010,njo0908,85.5,yes
fig-006524,njo0910,90.0,yes
fig-015178,njo0913,100.0,yes
fig-015177,njo0914,95.0,yes
fig-015345,sw1365,100.0,yes
fig-015343,sw1363,100.0,yes
fig-004019,sw1368,95.0,yes
fig-015341,sw1366,90.0,yes
fig-015337,sw1367,100.0,yes
fig-015340,sw1364,100.0,yes
fig-000061,frnd750,85.5,yes
fig-015059,frnd749,90.0,yes
fig-000007,frnd751,85.5,yes
fig-015058,frnd748,90.0,yes
fig-000061,njo0912,85.5,yes
fig-015161,njo0916,100.0,yes
fig-013781,njo0909,90.0,yes
fig-000006,njo0911,85.5,yes
fig-000072,njo0915,85.5,yes
fig-015318,sw1360,100.0,yes
fig-015319,sw1361,100.0,yes
fig-015316,sw1362,95.5,yes
fig-015317,sw1359,90.0,yes
fig-015055,dis169,100.0,yes
fig-015056,dis168,100.0,yes
fig-015054,dis167,100.0,yes
fig-000010,dis170,85.5,yes
fig-000003,gdh010,85.5,yes
fig-000053,njo0917,85.5,yes
fig-000003,twn501,85.5,yes
fig-000003,twn502,85.5,yes
fig-015093,gdh011,100.0,yes
fig-015087,min176,100.0,yes
fig-006523,min177,90.0,yes
fig-016076,hp495,90.0,yes
fig-000005,hp496,85.5,yes
fig-006481,gdh012,85.5,yes
fig-014977,mnn025,100.0,yes
fig-014978,mnn026,100.0,yes
fig-014966,mnn028,100.0,yes
fig-014981,mnn030,100.0,yes
fig-000007,dp193,85.5,yes
fig-000003,cty1774,85.5,yes
fig-000004,cty1773,85.5,yes
fig-015248,adp097,100.0,yes
fig-015249,adp098,100.0,yes
fig-015250,adp099,100.0,yes
fig-015251,adp100,100.0,yes
fig-015252,adp101,100.0,yes
fig-015255,adp102,100.0,yes
fig-015253,adp103,100.0,yes
fig-015254,adp104,100.0,yes
fig-015256,adp105,100.0,yes
fig-000007,frnd752,85.5,yes
fig-010486,47205pb116,85.5,yes
fig-010486,47205pb117,85.5,yes
fig-000039,min178,85.5,yes
fig-015082,min179,100.0,yes
fig-015236,gen183,100.0,yes
fig-000004,adp106,85.5,yes
fig-000003,adp107,85.5,yes
fig-000004,adp108,85.5,yes
fig-000007,adp109,85.5,yes
fig-000004,adp110,85.5,yes
fig-015263,adp111,90.0,yes
fig-000004,adp112,85.5,yes
fig-000010,hp499,85.5,yes
fig-006143,hp500,90.0,yes
fig-000010,hp498,85.5,yes
fig-000007,hp497,85.5,yes
fig-010517,hp504,89.7,yes
fig-014181,hp502,100.0,yes
fig-008777,hp503,100.0,yes
fig-000005,hp505,85.5,yes
fig-015309,sw1372,100.0,yes
fig-000004,dp194,85.5,yes
fig-000004,jw123,85.5,yes
fig-000010,jw124,85.5,yes
fig-005097,jw125,90.0,yes
fig-000003,jw126,85.5,yes
fig-000012,sc115,85.5,yes
fig-000004,adp113,85.5,yes
fig-015270,adp114,88.7,yes
fig-015103,hp506,100.0,yes
fig-000003,cty1775,85.5,yes
fig-000003,adp120,85.5,yes
fig-000010,adp121,85.5,yes
fig-000004,adp122,85.5,yes
fig-000004,adp123,85.5,yes
fig-000004,adp124,85.5,yes
fig-000004,adp125,85.5,yes
fig-000003,moa005,85.5,yes
fig-000007,dp195,85.5,yes
fig-000004,twn503,85.5,yes
fig-000003,twn504,85.5,yes
fig-015271,adp115,90.0,yes
fig-000001,adp116,85.5,yes
fig-000001,adp117,85.5,yes
fig-000001,adp118,85.5,yes
fig-000001,adp119,85.5,yes
fig-015138,mk158,90.0,yes
fig-015136,mk159,100.0,yes
fig-008248,mk160,90.0,yes
fig-000003,mk161,85.5,yes
fig-000003,mk162,85.5,yes
fig-004912,mk163,89.1,yes
fig-011960,mk164,90.0,yes
fig-000010,mk165,85.5,yes
fig-008248,mk166,90.0,yes
fig-000004,sw1379,85.5,yes
fig-015323,sw1378,100.0,yes
fig-000007,sw1380,85.5,yes
fig-002076,cty1780,90.0,yes
fig-002076,cty1776,90.0,yes
fig-002076,cty1779,90.0,yes
fig-002076,cty1777,90.0,yes
fig-000004,cty1778,85.5,yes
fig-000003,frnd753,85.5,yes
fig-000003,frnd754,85.5,yes
fig-000003,frnd755,85.5,yes
fig-000003,frnd756,85.5,yes
fig-000003,frnd757,85.5,yes
fig-000003,frnd758,85.5,yes
fig-000003,frnd759,85.5,yes
fig-014466,son017,90.0,yes
fig-000061,son018,85.5,yes
fig-015300,son019,90.0,yes
fig-000005,sh0966,85.5,yes
fig-000010,sh0967,85.5,yes
fig-000010,sh0968,85.5,yes
fig-000009,mk167,85.5,yes
fig-000004,sh0969,85.5,yes
fig-015363,sh0970,100.0,yes
fig-015363,sh0971,90.0,yes
fig-000007,sh0972,85.5,yes
fig-011407,sh0973,90.0,yes
fig-011931,mk168,90.0,yes
fig-000009,mk169,85.5,yes
fig-008262,mk170,90.0,yes
fig-008262,mk171,90.0,yes
fig-008248,mk172,90.0,yes
fig-000003,mk173,85.5,yes
fig-000061,sh0974,85.5,yes
fig-012200,mar0184,90.0,yes
fig-000888,gen184,90.0,yes
fig-012227,mar0185,90.0,yes
fig-015409,mar0186,100.0,yes
fig-015437,mar0187,95.0,yes
fig-000010,sh0975,85.5,yes
fig-015405,mar0188,92.3,yes
fig-015404,mar0189,93.3,yes
fig-010359,sc116,90.0,yes
fig-010359,sc117,90.0,yes
fig-015358,sh0976,90.0,yes
fig-005027,sh0977,90.0,yes
fig-000010,sh0978,85.5,yes
fig-000004,sh0979,85.5,yes
fig-015355,sh0980,100.0,yes
fig-000005,drm045,85.5,yes
fig-000061,drm046,85.5,yes
fig-015376,drm047,100.0,yes
fig-000005,drm048,85.5,yes
fig-000048,drm049,85.5,yes
fig-000007,son021,85.5,yes
fig-015292,ani010,100.0,yes
fig-015293,ani011,100.0,yes
fig-000005,drm050,85.5,yes
fig-015373,drm051,100.0,yes
fig-014754,hol355,90.0,yes
fig-000907,hol356,90.0,yes
fig-001208,hol357,90.0,yes
fig-000010,hol358,85.5,yes
fig-011923,hol359,90.0,yes
fig-011923,hol360,90.0,yes
fig-000004,cty1783,85.5,yes
fig-000004,cty1781,85.5,yes
fig-000003,cty1782,85.5,yes
fig-000007,cty1784,85.5,yes
fig-000004,cty1785,85.5,yes
fig-000004,cty1786,85.5,yes
fig-015295,ani012,100.0,yes
fig-015296,ani013,100.0,yes
fig-014744,ani014,90.0,yes
fig-010210,gen185,85.5,yes
fig-000003,cty1788,85.5,yes
fig-000004,cty1787,85.5,yes
fig-000004,cty1789,85.5,yes
fig-016105,sc118,88.0,yes
fig-016105,sc119,88.0,yes
fig-000007,min180,85.5,yes
fig-000003,cty1790,85.5,yes
fig-015334,sw1349,100.0,yes
fig-015331,sw1350,100.0,yes
fig-015333,sw1351,100.0,yes
fig-015332,sw1352,100.0,yes
fig-015335,sw1353,90.0,yes
fig-015321,sw1348,92.7,yes
fig-014293,sw1354,90.0,yes
fig-004104,sw1355,90.0,yes
fig-000019,sw1356,85.5,yes
fig-000010,sw1357,85.5,yes
fig-015330,sw1358,90.0,yes
fig-000010,min181,85.5,yes
fig-000004,cty1804,85.5,yes
fig-004580,son020,77.1,no
fig-000003,sw1371,85.5,yes
fig-004250,sw1369,90.0,yes
fig-000004,sw1370,85.5,yes
fig-013164,mar0191,90.0,yes
fig-013164,mar0190,90.0,yes
fig-013164,mar0192,90.0,yes
fig-015400,idea189,100.0,yes
fig-015402,idea190,100.0,yes
fig-015401,idea191,90.0,yes
fig-000010,drm052,85.5,yes
fig-002118,min182,90.0,yes
fig-015414,min183,100.0,yes
fig-015416,min184,100.0,yes
fig-006478,min185,90.0,yes
fig-015417,min186,95.0,yes
fig-015418,min187,100.0,yes
fig-000012,sc120,85.5,yes
fig-000004,sh0981,85.5,yes
fig-000007,sh0982,85.5,yes
fig-002695,drm053,90.0,yes
fig-015370,drm054,75.0,no
fig-015371,drm055,90.0,yes
fig-000010,drm057,85.5,yes
fig-015368,drm056,100.0,yes
fig-000010,drm061,85.5,yes
fig-015376,drm058,90.0,yes
fig-015366,drm059,100.0,yes
fig-000004,cty1791,85.5,yes
fig-000003,cty1792,85.5,yes
fig-000004,cty1793,85.5,yes
fig-000003,cty1796,85.5,yes
fig-000003,cty1797,85.5,yes
fig-000003,cty1798,85.5,yes
fig-016375,cty1799,90.0,yes
fig-000003,twn505,85.5,yes
fig-000003,twn506,85.5,yes
fig-000007,drm060,85.5,yes
fig-015428,mar0193,94.3,yes
fig-015429,mar0194,94.5,yes
fig-000004,mar0195,85.5,yes
fig-000007,mar0196,85.5,yes
fig-015439,mar0197,94.9,yes
fig-015437,mar0198,100.0,yes
fig-000005,mar0199,85.5,yes
fig-012205,mar0200,90.0,yes
fig-000004,cty1801,85.5,yes
fig-007342,cty1802,90.8,yes
fig-000003,cty1803,85.5,yes
fig-015208,cty1805,87.5,yes
fig-000003,cty1806,85.5,yes
fig-000004,cty1807,85.5,yes
fig-000004,hp501,85.5,yes
fig-016097,sc121,91.4,yes
fig-000049,gen186,85.5,yes
fig-015531,son023,100.0,yes
fig-015530,son022,100.0,yes
fig-000932,fst046,90.0,yes
fig-000049,fst047,85.5,yes
fig-000049,fst048,85.5,yes
fig-000048,fst049,85.5,yes
fig-016076,hp509,90.0,yes
fig-010579,hp512,90.0,yes
fig-015482,hp513,91.4,yes
fig-000059,hp508,85.5,yes
fig-000004,hp514,85.5,yes
fig-015487,hp517,87.6,yes
fig-015480,hp511,100.0,yes
fig-015479,hp510,100.0,yes
fig-000005,hp515,85.5,yes
fig-000005,hp516,85.5,yes
fig-016076,hp519,90.0,yes
fig-000005,hp522,85.5,yes
fig-000004,hp520,85.5,yes
fig-000004,hp521,85.5,yes
fig-000004,hp524,85.5,yes
fig-015492,hp523,100.0,yes
fig-015496,hp525,94.3,yes
fig-000004,cty1794,85.5,yes
fig-000004,4555pb061a,85.5,yes
fig-016076,hp518,90.0,yes
fig-015443,coldnd01,90.0,yes
fig-015444,coldnd02,90.0,yes
fig-015445,coldnd03,90.0,yes
fig-015446,coldnd04,90.0,yes
fig-015447,coldnd05,90.0,yes
fig-015448,coldnd06,90.0,yes
fig-015452,coldnd10,90.0,yes
fig-015449,coldnd07,90.0,yes
fig-015450,coldnd08,90.0,yes
fig-000211,coldnd09,85.5,yes
fig-000211,coldnd11,85.5,yes
fig-015454,coldnd12,90.0,yes
fig-008724,cty1810,89.1,yes
fig-000004,cty1809,85.5,yes
fig-000003,cty1811,85.5,yes
fig-000004,cty1808,85.5,yes
fig-000004,dp196,85.5,yes
fig-000007,dp197,85.5,yes
fig-000005,47205pb118,85.5,yes
fig-000005,47205pb119,85.5,yes
fig-000005,47205pb120,85.5,yes
fig-000956,47394pb360,90.0,yes
fig-000010,sh0983,85.5,yes
fig-000014,dupmermaid05,85.5,yes
fig-000053,frnd760,85.5,yes
fig-000053,frnd761,85.5,yes
fig-000004,frnd762,85.5,yes
fig-015461,frnd763,90.0,yes
fig-013377,dp198,90.0,yes
fig-000007,dis173,85.5,yes
fig-000007,dp200,85.5,yes
fig-000061,dp201,85.5,yes
fig-015520,mar0201,100.0,yes
fig-012244,mar0202,90.0,yes
fig-012263,mar0203,90.0,yes
fig-000004,soc171,85.5,yes
fig-000007,son024,85.5,yes
fig-015532,son025,100.0,yes
fig-000004,cty1812,85.5,yes
fig-000004,cty1813,85.5,yes
fig-000004,cty1814,85.5,yes
fig-006546,min188,90.0,yes
fig-015218,cty1815,91.4,yes
fig-001288,min189,90.0,yes
fig-015467,cty1820,89.8,yes
fig-015468,cty1821,89.5,yes
fig-000004,cty1822,85.5,yes
fig-000010,cty1823,85.5,yes
fig-015472,hol361,93.0,yes
fig-000004,cty1824,85.5,yes
fig-000004,fst035,85.5,yes
fig-000004,fst036,85.5,yes
fig-000004,fst037,85.5,yes
fig-000004,fst038,85.5,yes
fig-000536,fst039,90.0,yes
fig-000004,fst040,85.5,yes
fig-000004,fst041,85.5,yes
fig-000003,fst042,85.5,yes
fig-000004,fst043,85.5,yes
fig-000003,fst044,85.5,yes
fig-000003,fst045,85.5,yes
fig-000004,cty1819,85.5,yes
fig-000004,cty1818,85.5,yes
fig-000004,cty1817,85.5,yes
fig-000004,cty1816,85.5,yes
fig-001628,dp202,90.0,yes
fig-001052,dp203,90.0,yes
fig-015497,loz001,100.0,yes
fig-000053,loz002,85.5,yes
fig-000010,loz003,85.5,yes
fig-015500,loz004,90.0,yes
fig-014139,drm062,90.0,yes
fig-014141,drm063,85.5,yes
fig-014165,drm064,90.0,yes
fig-015383,drm065,90.0,yes
fig-015386,drm066,95.0,yes
fig-000003,frnd764,85.5,yes
fig-000003,frnd765,85.5,yes
fig-000061,frnd766,85.5,yes
fig-000007,frnd767,85.5,yes
fig-000005,frnd768,85.5,yes
fig-000003,frnd769,85.5,yes
fig-000007,frnd770,85.5,yes
fig-000004,hol362,85.5,yes
fig-010656,sh0984,90.0,yes
fig-001953,sh0985,90.0,yes
fig-002005,idea192,95.0,yes
fig-002955,idea193,100.0,yes
fig-013068,idea194,100.0,yes
fig-015504,idea195,100.0,yes
fig-015505,idea196,100.0,yes
fig-015506,idea197,100.0,yes
fig-015581,mar0204,100.0,yes
fig-006029,mar0205,90.0,yes
fig-015582,mar0206,90.0,yes
fig-009479,sw1394,90.0,yes
fig-000010,sw1383,85.5,yes
fig-000004,sw1389,85.5,yes
fig-004250,sw1386,90.0,yes
fig-015575,sw1390,100.0,yes
fig-015576,sw1384,100.0,yes
fig-000007,sw1388,85.5,yes
fig-000003,sw1387,85.5,yes
fig-003541,sw1385,87.9,yes
fig-015551,sw1393,100.0,yes
fig-015150,mk174,90.9,yes
fig-000005,hol364,85.5,yes
fig-000007,hol363,85.5,yes
fig-000004,hol365,85.5,yes
fig-000007,hol366,85.5,yes
fig-000007,hol367,85.5,yes
fig-015507,idea198,95.0,yes
fig-015523,twn507,100.0,yes
fig-015524,twn508,100.0,yes
fig-000004,sw1391,85.5,yes
fig-000005,sw1392,85.5,yes
fig-000003,idea199,85.5,yes
fig-015550,idea202,100.0,yes
fig-015549,idea201,90.0,yes
fig-015548,idea200,90.0,yes
fig-000004,hol368,85.5,yes
fig-015564,fort001,100.0,yes
fig-015566,fort002,100.0,yes
fig-015567,fort003,100.0,yes
fig-015565,fort004,100.0,yes
fig-015568,fort005,100.0,yes
fig-015569,fort006,100.0,yes
fig-015570,fort007,100.0,yes
fig-015562,fort008,100.0,yes
fig-003427,fort009,100.0,yes
fig-000010,wed001,85.5,yes
fig-000010,wed004,85.5,yes
fig-000061,wed003,85.5,yes
fig-000003,wed005,85.5,yes
fig-015544,wck001,93.3,yes
fig-015545,wck002,100.0,yes
fig-000010,wck003,85.5,yes
fig-014168,drm067,90.0,yes
fig-003824,wed002,65.5,no
fig-015543,wck004,93.9,yes
fig-015542,wck005,93.6,yes
fig-000007,sw1405,85.5,yes
fig-000004,sh0986,85.5,yes
fig-000004,idea203,85.5,yes
fig-000004,idea204,85.5,yes
fig-000004,idea205,85.5,yes
fig-000003,idea206,85.5,yes
fig-000003,idea207,85.5,yes
fig-000004,idea208,85.5,yes
fig-000004,idea209,85.5,yes
fig-000004,idea210,85.5,yes
fig-000004,idea211,85.5,yes
fig-000004,idea212,85.5,yes
fig-000003,idea213,85.5,yes
fig-000004,idea214,85.5,yes
fig-006312,adp126,75.9,no
fig-012188,adp127,90.0,yes
fig-012188,adp128,90.0,yes
fig-000004,idea215,85.5,yes
fig-001613,gen187,100.0,yes
fig-000005,sh0987,85.5,yes
fig-015541,wck006,100.0,yes
fig-015538,wck007,100.0,yes
fig-000010,wck008,85.5,yes
fig-014671,wck009,88.0,yes
fig-015537,wck010,100.0,yes
fig-000004,adp129,85.5,yes
fig-000004,adp130,85.5,yes
fig-000004,adp131,85.5,yes
fig-000004,adp132,85.5,yes
fig-000004,adp133,85.5,yes
fig-000007,adp134,85.5,yes
fig-000003,adp135,85.5,yes
fig-000004,adp136,85.5,yes
fig-015609,sh0994,100.0,yes
fig-000003,sh0988,85.5,yes
fig-000010,sw1395,85.5,yes
fig-002549,twn509,85.5,yes
fig-000049,fst050,85.5,yes
fig-000049,fst051,85.5,yes
fig-015608,sh0996,100.0,yes
fig-000004,pln199,85.5,yes
fig-000004,pln200,85.5,yes
fig-013637,pln201,90.0,yes
fig-000004,pln202,85.5,yes
fig-000003,pln203,85.5,yes
fig-000004,pln204,85.5,yes
fig-000004,pln205,85.5,yes
fig-001243,pln206,87.1,yes
fig-005025,sh0993,90.0,yes
fig-000615,sh0992,90.0,yes
fig-015607,sh0995,90.0,yes
fig-000788,sh0991,90.0,yes
fig-000010,sh0997,85.5,yes
fig-015601,njo0918,90.0,yes
fig-000003,4555pb186a,85.5,yes
fig-000003,4555pb186b,85.5,yes
fig-000004,cty1825,85.5,yes
fig-000007,sh0998,85.5,yes
fig-000004,adp137,85.5,yes
fig-000004,adp138,85.5,yes
fig-000005,adp139,85.5,yes
fig-015679,gen188,95.0,yes
fig-015680,gen189,100.0,yes
fig-001398,njo0940,90.0,yes
fig-015854,njo0938,100.0,yes
fig-000038,njo0921,85.5,yes
fig-015601,njo0935,90.0,yes
fig-011407,sh0999,90.0,yes
fig-001736,adp140,85.5,yes
fig-015511,adp141,90.0,yes
fig-001736,adp142,85.5,yes
fig-000003,sp146,85.5,yes
fig-000005,sp145,85.5,yes
fig-001071,adp143,90.0,yes
fig-005545,adp144,88.5,yes
fig-008215,adp145,89.8,yes
fig-000004,adp146,85.5,yes
fig-000004,adp147,85.5,yes
fig-013379,sh1001,90.0,yes
fig-015682,sh1002,100.0,yes
fig-011407,sh1003,90.0,yes
fig-000007,sh1000,85.5,yes
fig-014293,sw1396,90.0,yes
fig-000007,sw1398,85.5,yes
fig-015720,sw1397,95.1,yes
fig-000305,sw1399,85.5,yes
fig-000005,sw1401,85.5,yes
fig-000007,sw1402,85.5,yes
fig-004017,sw1400,85.7,yes
fig-015729,sw1403,87.2,yes
fig-001463,hol369,90.0,yes
fig-015702,col449,90.0,yes
fig-000211,col456,85.5,yes
fig-015703,col450,90.0,yes
fig-015704,col451,90.0,yes
fig-015705,col452,90.0,yes
fig-015706,col453,90.0,yes
fig-015707,col454,90.0,yes
fig-015708,col455,90.0,yes
fig-000048,col457,85.5,yes
fig-015711,col458,90.0,yes
fig-000211,col459,85.5,yes
fig-015713,col460,90.0,yes
fig-000004,hp263a,85.5,yes
fig-000004,hp263b,85.5,yes
fig-015716,ani015,100.0,yes
fig-015717,ani016,100.0,yes
fig-015714,ani017,100.0,yes
fig-015715,ani018,100.0,yes
fig-004553,hol370,90.0,yes
fig-000004,hol371,85.5,yes
fig-000004,hol372,85.5,yes
fig-000004,hol373,85.5,yes
fig-000003,hol374,85.5,yes
fig-000004,twn510,85.5,yes
fig-015862,twn511,90.0,yes
fig-015107,twn512,90.0,yes
fig-015864,twn513,90.0,yes
fig-015866,twn514,90.0,yes
fig-000004,twn515,85.5,yes
fig-000004,twn516,85.5,yes
fig-000004,twn517,85.5,yes
fig-000005,sh1000s,85.5,yes
fig-000007,sh0990,85.5,yes
fig-004390,min190,87.1,yes
fig-011407,sh1003s,90.0,yes
fig-000005,hp537,85.5,yes
fig-000007,son027,85.5,yes
fig-014251,mar0207,90.0,yes
fig-015796,mk175,90.0,yes
fig-000003,mk176,85.5,yes
fig-008248,mk178,90.0,yes
fig-000003,mk177,85.5,yes
fig-000004,cty1826,85.5,yes
fig-000072,son028,85.5,yes
fig-015870,son029,100.0,yes
fig-015872,son026,100.0,yes
fig-000004,hol246a,85.5,yes
fig-000004,hol246b,85.5,yes
fig-015699,twn518,100.0,yes
fig-012213,mar0208,90.0,yes
fig-015795,moa006,100.0,yes
fig-000010,hp535,85.5,yes
fig-000004,hp536,85.5,yes
fig-000004,mar0209,85.5,yes
fig-015957,mar0210,100.0,yes
fig-016076,90398pb053,90.0,yes
fig-000007,90398pb055,85.5,yes
fig-000007,90398pb056,85.5,yes
fig-010579,90398pb061,90.0,yes
fig-000007,90398pb063,85.5,yes
fig-000007,90398pb064,85.5,yes
fig-008960,90398pb062,90.0,yes
fig-000005,90398pb057,85.5,yes
fig-000368,90398pb058,85.5,yes
fig-000166,90398pb059,85.5,yes
fig-015103,90398pb054,90.0,yes
fig-000007,90398pb060,85.5,yes
fig-011971,mar0211,90.0,yes
fig-015955,mar0213,100.0,yes
fig-015954,mar0212,100.0,yes
fig-015701,ani019,93.9,yes
fig-012216,mar0214,85.5,yes
fig-000005,frnd771,85.5,yes
fig-013788,njo0922,90.0,yes
fig-013772,njo0923,90.0,yes
fig-000010,njo0924,85.5,yes
fig-002430,dp204,90.0,yes
fig-004583,sh0989,90.0,yes
fig-000259,min191,85.5,yes
fig-015741,min192,100.0,yes
fig-015905,min193,100.0,yes
fig-016456,pm034,90.0,yes
fig-000003,cty1827,85.5,yes
fig-000003,cty1828,85.5,yes
fig-000003,cty1829,85.5,yes
fig-000003,cty1830,85.5,yes
fig-015975,sh1004,87.3,yes
fig-000003,sh1005,85.5,yes
fig-000004,cty1831,85.5,yes
fig-000004,cty1832,85.5,yes
fig-000003,cty1833,85.5,yes
fig-000003,cty1834,85.5,yes
fig-000003,cty1835,85.5,yes
fig-000003,cty1836,85.5,yes
fig-011976,mar0215,90.0,yes
fig-000005,mar0216,85.5,yes
fig-000004,dp205,85.5,yes
fig-000005,frnd772,85.5,yes
fig-015908,min198,94.9,yes
fig-001683,min197,90.0,yes
fig-000005,min196,85.5,yes
fig-013787,njo0919,90.0,yes
fig-000004,hp526,85.5,yes
fig-000010,hp527,85.5,yes
fig-016076,hp528,90.0,yes
fig-000005,hp529,85.5,yes
fig-000005,hp530,85.5,yes
fig-000010,hp531,85.5,yes
fig-000010,hp532,85.5,yes
fig-000010,hp533,85.5,yes
fig-000004,hp534,85.5,yes
fig-000007,sh1006,85.5,yes
fig-000059,sh1007,85.5,yes
fig-015832,njo0920,90.0,yes
fig-000007,mk179,85.5,yes
fig-008262,mk180,90.0,yes
fig-015877,mk181,90.0,yes
fig-015878,mk182,90.0,yes
fig-015755,frnd775,90.0,yes
fig-000007,frnd773,85.5,yes
fig-000003,frnd776,85.5,yes
fig-013769,njo0925,90.0,yes
fig-015830,njo0926,100.0,yes
fig-000003,moa007,85.5,yes
fig-015824,moa008,100.0,yes
fig-015827,moa009,100.0,yes
fig-000006,njo0929,85.5,yes
fig-013788,njo0942,90.0,yes
fig-005853,njo0943,100.0,yes
fig-013781,njo0936,90.0,yes
fig-000072,njo0937,85.5,yes
fig-000004,gen191,85.5,yes
fig-000004,gen190,85.5,yes
fig-015918,sh1010,100.0,yes
fig-015601,njo0927,90.0,yes
fig-000007,cty1837,85.5,yes
fig-000003,cty1838,85.5,yes
fig-000003,cty1839,85.5,yes
fig-000004,cty1840,85.5,yes
fig-000004,cty1841,85.5,yes
fig-001984,ani020,100.0,yes
fig-000003,cty1842,85.5,yes
fig-000004,cty1843,85.5,yes
fig-000004,cty1844,85.5,yes
fig-000003,cty1845,85.5,yes
fig-000004,jw127,85.5,yes
fig-000003,frnd774,85.5,yes
fig-000061,min194,85.5,yes
fig-000061,min195,85.5,yes
fig-000004,cty1846,85.5,yes
fig-000003,cty1847,85.5,yes
fig-000003,cty1848,85.5,yes
fig-014530,drm068,90.0,yes
fig-013769,njo0930,90.0,yes
fig-000005,njo0928,85.5,yes
fig-000005,njo0932,85.5,yes
fig-000003,cty1849,85.5,yes
fig-000007,sh1015,85.5,yes
fig-011407,sh1011,90.0,yes
fig-000004,sh1012,85.5,yes
fig-015967,sh1013,89.5,yes
fig-000004,sh1014,85.5,yes
fig-000004,cty1850,85.5,yes
fig-000004,cty1851,85.5,yes
fig-000004,frnd777,85.5,yes
fig-000007,frnd778,85.5,yes
fig-000004,cty1852,85.5,yes
fig-000003,cty1853,85.5,yes
fig-000004,cty1855,85.5,yes
fig-000004,cty1854,85.5,yes
fig-000005,frnd779,85.5,yes
fig-000003,frnd781,85.5,yes
fig-000007,frnd780,85.5,yes
fig-000007,frnd782,85.5,yes
fig-000023,njo0931,85.5,yes
fig-000005,njo0933,85.5,yes
fig-013788,njo0934,90.0,yes
fig-013495,sp147,90.0,yes
fig-000010,min199,85.5,yes
fig-015921,sh1008,91.0,yes
fig-015925,sh1009,100.0,yes
fig-000061,sh1017,85.5,yes
fig-000463,sh1016,90.0,yes
fig-015928,sh1018,90.0,yes
fig-005225,sh1019,90.0,yes
fig-001953,sh1020,90.0,yes
fig-000045,njo0941,85.5,yes
fig-013788,njo0939,90.0,yes
fig-000007,frnd783,85.5,yes
fig-000007,frnd784,85.5,yes
fig-000061,frnd785,85.5,yes
fig-000061,frnd786,85.5,yes
fig-000003,sh1024,85.5,yes
fig-015910,sh1025,100.0,yes
fig-000003,sh1021,85.5,yes
fig-001050,sh1022,90.0,yes
fig-000010,sh1023,85.5,yes
fig-000004,frnd787,85.5,yes
fig-000007,frnd788,85.5,yes
fig-015812,drm076,100.0,yes
fig-015813,drm075,90.0,yes
fig-015808,drm074,90.0,yes
fig-000005,drm072,85.5,yes
fig-000020,drm073s,85.5,yes
fig-000051,frnd789,85.5,yes
fig-000003,frnd790,85.5,yes
fig-000004,frnd791,85.5,yes
fig-005097,frnd792,90.0,yes
fig-000004,frnd793,85.5,yes
fig-015775,frnd794,90.0,yes
fig-015780,frnd795,90.0,yes
fig-015776,frnd796,90.0,yes
fig-015778,frnd797,90.0,yes
fig-000898,frnd798,90.0,yes
fig-000005,frnd799,85.5,yes
fig-000007,frnd800,85.5,yes
fig-014668,frnd801,90.0,yes
fig-015789,frnd802,90.0,yes
fig-015791,frnd803,95.0,yes
fig-000032,frnd804,85.5,yes
fig-015792,frnd805,90.0,yes
fig-000003,frnd807,85.5,yes
fig-015601,njo0944,90.0,yes
fig-015881,dp206,90.0,yes
fig-000029,frnd808,85.5,yes
fig-000053,frnd809,85.5,yes
fig-016016,sw1404,90.0,yes
fig-015761,frnd810,90.0,yes
fig-000003,cty1856,85.5,yes
fig-000004,cty1857,85.5,yes
fig-000003,cty1858,85.5,yes
fig-000004,cty1859,85.5,yes
fig-000003,cty1860,85.5,yes
fig-000004,cty1861,85.5,yes
fig-000019,dp207,85.5,yes
fig-000004,dp208,85.5,yes
fig-000004,dp209,85.5,yes
fig-000010,dp210,85.5,yes
fig-015823,dp211,93.0,yes
fig-014168,drm069,90.0,yes
fig-013432,drm070,90.0,yes
fig-000005,min200,85.5,yes
fig-016016,sw1334b,90.0,yes
fig-015688,min201,100.0,yes
fig-016016,sw1334a,90.0,yes
fig-000004,LLP034,85.5,yes
fig-000003,LLP035,85.5,yes
fig-013379,sh1026,90.0,yes
fig-009813,LLP036,89.4,yes
fig-000007,frnd811,85.5,yes
fig-000007,frnd812,85.5,yes
fig-015771,frnd813,90.0,yes
fig-015772,frnd814,90.0,yes
fig-000005,cty1862,85.5,yes
fig-016026,idea216,100.0,yes
fig-016025,idea217,100.0,yes
fig-016024,idea218,100.0,yes
fig-016027,idea219,100.0,yes
fig-016023,idea220,100.0,yes
fig-016028,idea221,100.0,yes
fig-016029,idea222,100.0,yes
fig-015785,frnd815,90.0,yes
fig-004035,min202,85.5,yes
fig-013432,sh1027,90.0,yes
fig-000034,sh1028,85.5,yes
fig-000007,frnd816,85.5,yes
fig-000007,frnd817,85.5,yes
fig-011021,frnd818,90.0,yes
fig-001953,sh1029,90.0,yes
fig-000003,sh1030,85.5,yes
fig-015917,sh1031,95.0,yes
fig-015915,sh1032,100.0,yes
fig-015257,njo0946,100.0,yes
fig-000007,drm071,85.5,yes
fig-001953,sh1033,90.0,yes
fig-001953,sh1034,90.0,yes
fig-000007,cty1863,85.5,yes
fig-000003,cty1864,85.5,yes
fig-000003,cty1865,85.5,yes
fig-000003,cty1866,85.5,yes
fig-000003,cty1867,85.5,yes
fig-000003,cty1868,85.5,yes
fig-000004,cty1869,85.5,yes
fig-000004,cty1870,85.5,yes
fig-000004,cty1871,85.5,yes
fig-000007,frnd819,85.5,yes
fig-013847,frnd820,90.0,yes
fig-000007,sh1035,85.5,yes
fig-016076,hp538,90.0,yes
fig-000053,hp539,85.5,yes
fig-015896,hp540,91.1,yes
fig-000004,hp541,85.5,yes
fig-015895,hp542,88.4,yes
fig-015898,hp543,91.1,yes
fig-000003,tls124,85.5,yes
fig-016039,njo0945,92.9,yes
fig-000004,cty1873,85.5,yes
fig-000004,47394pb362,85.5,yes
fig-015810,drm077,100.0,yes
fig-000012,sc129,85.5,yes
fig-016097,sc122,86.5,yes
fig-016106,sc123,90.9,yes
fig-000012,sc131,85.5,yes
fig-000012,sc128,85.5,yes
fig-016100,sc130,95.0,yes
fig-016104,sc125,95.0,yes
fig-000012,sc126,85.5,yes
fig-016102,sc127,95.0,yes
fig-000012,sc124,85.5,yes
fig-000029,hrz001,85.5,yes
fig-016081,hrz002,100.0,yes
fig-013769,njo0947,90.0,yes
fig-000004,cty1872,85.5,yes
fig-016042,idea223,100.0,yes
fig-016040,idea224,95.0,yes
fig-002329,idea225,85.5,yes
fig-016068,dis174,91.9,yes
fig-015549,dis175,90.0,yes
fig-016072,dis177,100.0,yes
fig-002377,dis179,90.0,yes
fig-003294,dis178,90.0,yes
fig-016071,dis176,100.0,yes
fig-002451,gen192,85.5,yes
fig-000007,gen193,85.5,yes
fig-016114,njo0948,100.0,yes
fig-013788,njo0953,90.0,yes
fig-016128,njo0952,100.0,yes
fig-016126,njo0957,100.0,yes
fig-003023,njo0949,90.0,yes
fig-016130,njo0951,100.0,yes
fig-016124,njo0954,100.0,yes
fig-000139,njo0950,85.5,yes
fig-016125,njo0955,90.0,yes
fig-000932,njo0958,90.0,yes
fig-000004,47394pb363,85.5,yes
fig-000005,njo0959,85.5,yes
fig-013769,njo0961,90.0,yes
fig-000005,njo0960,85.5,yes
fig-000005,hp544,85.5,yes
fig-000005,hp545,85.5,yes
fig-000004,hp546,85.5,yes
fig-016079,hp547,100.0,yes
fig-014530,drm078,90.0,yes
fig-014141,drm079,85.5,yes
fig-000004,adp149,85.5,yes
fig-000004,adp148,85.5,yes
fig-016177,jw128,90.0,yes
fig-016126,njo0956s,90.0,yes
fig-016176,jw129,90.0,yes
fig-000004,jw130,85.5,yes
fig-000007,min203,85.5,yes
fig-006546,njo0962,90.0,yes
fig-000003,cty1874,85.5,yes
fig-000004,cty1875,85.5,yes
fig-000010,drm080,85.5,yes
fig-013432,drm081,90.0,yes
fig-000003,frnd806,85.5,yes
fig-000004,dp212,85.5,yes
fig-000010,njo0963,85.5,yes
fig-000004,cty1876,85.5,yes
fig-000004,cty1877,85.5,yes
fig-000004,cty1878,85.5,yes
fig-000004,cty1879,85.5,yes
fig-000004,cty1880,85.5,yes
fig-000010,njo0964,85.5,yes
fig-000003,frnd821,85.5,yes
fig-000003,cty1881,85.5,yes
fig-000004,cty1882,85.5,yes
fig-000004,adp150,85.5,yes
fig-000007,adp151,85.5,yes
fig-000004,adp152,85.5,yes
fig-000004,adp153,85.5,yes
fig-000004,adp154,85.5,yes
fig-000004,adp155,85.5,yes
fig-000004,cty1883,85.5,yes
fig-000004,cty1884,85.5,yes
fig-000004,adp159,85.5,yes
fig-000004,adp160,85.5,yes
fig-000004,adp161,85.5,yes
fig-000004,adp162,85.5,yes
fig-000004,adp163,85.5,yes
fig-000053,dis180,85.5,yes
fig-003602,dis181,90.0,yes
fig-000003,adp164,85.5,yes
fig-000004,adp165,85.5,yes
fig-000007,adp156,85.5,yes
fig-000004,adp157,85.5,yes
fig-000004,adp158,85.5,yes
fig-000932,sh1036,90.0,yes
fig-010451,sw1418,90.0,yes
fig-013864,dp217,90.0,yes
fig-000038,dp213,85.5,yes
fig-014364,dp215,90.0,yes
fig-016207,dp216,100.0,yes
fig-016200,dp214,100.0,yes
fig-000010,lor142,85.5,yes
fig-015131,lor143,90.0,yes
fig-005889,lor144,90.0,yes
fig-015133,lor145,90.0,yes
fig-000010,lor149,85.5,yes
fig-000007,lor148,85.5,yes
fig-005279,lor147,90.0,yes
fig-016216,lor146,100.0,yes
fig-014746,lor150,90.0,yes
fig-016067,twn519,100.0,yes
fig-016082,min204,100.0,yes
fig-016083,min205,100.0,yes
fig-016212,lor152,100.0,yes
fig-016213,lor151,100.0,yes
fig-016091,min216,100.0,yes
fig-002935,min217,100.0,yes
fig-006510,min215,90.0,yes
fig-001647,min218,85.5,yes
fig-000004,cty1885,85.5,yes
fig-000003,cty1886,85.5,yes
fig-000072,dp220,85.5,yes
fig-016201,dp218,90.0,yes
fig-000003,dp219,85.5,yes
fig-000003,dp222,85.5,yes
fig-000028,dp223,85.5,yes
fig-011652,dp221,90.0,yes
fig-000007,sh1037,85.5,yes
fig-000005,jw131,85.5,yes
fig-004891,sh1041,90.0,yes
fig-000010,sh1039,85.5,yes
fig-016229,sh1038,90.0,yes
fig-000007,sh1040,85.5,yes
fig-000053,adp166,85.5,yes
fig-016157,adp167,90.0,yes
fig-000007,adp168,85.5,yes
fig-000007,adp170,85.5,yes
fig-016157,adp175,90.0,yes
fig-000007,adp177,85.5,yes
fig-000004,adp171,85.5,yes
fig-000004,adp172,85.5,yes
fig-000072,adp173,85.5,yes
fig-000020,adp174,85.5,yes
fig-000004,adp176,85.5,yes
fig-000932,sh1042,90.0,yes
fig-016240,sw1408,100.0,yes
fig-004258,sw1410,87.3,yes
fig-016243,sw1411,100.0,yes
fig-016244,sw1409,100.0,yes
fig-004211,sw1412,90.0,yes
fig-000053,sw1406,85.5,yes
fig-000019,sw1407,85.5,yes
fig-013788,njo0965,90.0,yes
fig-000004,cty1887,85.5,yes
fig-000004,cty1888,85.5,yes
fig-000004,cty1889,85.5,yes
fig-000003,cty1890,85.5,yes
fig-000007,adp169,85.5,yes
fig-000004,47394pb364,85.5,yes
fig-000003,47394pb365,85.5,yes
fig-000004,47205pb121,85.5,yes
fig-000007,sh1045,85.5,yes
fig-000007,sh1046,85.5,yes
fig-005071,sh1047,90.0,yes
fig-000010,sh1043,85.5,yes
fig-000007,sh1044,85.5,yes
fig-000005,47205pb122,85.5,yes
fig-002695,drm082,90.0,yes
fig-000004,twn520,85.5,yes
fig-016093,min206,100.0,yes
fig-016096,min207,100.0,yes
fig-000007,sw1413,85.5,yes
fig-015164,njo0966,91.9,yes
fig-013769,njo0967,90.0,yes
fig-000005,njo0972,85.5,yes
fig-015830,njo0968,90.0,yes
fig-016391,njo0976,100.0,yes
fig-016377,njo0978,100.0,yes
fig-000005,njo0974,85.5,yes
fig-000764,47205pb123,85.5,yes
fig-000550,47205pb124,85.5,yes
fig-000004,cty1891,85.5,yes
fig-016400,njo0977,100.0,yes
fig-000004,47394pb366,85.5,yes
fig-000004,47205pb125,85.5,yes
fig-002118,min208,90.0,yes
fig-000053,min211,85.5,yes
fig-000053,min213,85.5,yes
fig-010202,min212,90.0,yes
fig-016085,min209,100.0,yes
fig-016086,min210,100.0,yes
fig-000005,sw1414,85.5,yes
fig-000004,sw1415,85.5,yes
fig-016443,sw1417,96.1,yes
fig-004240,sw1416,90.0,yes
fig-000004,47394pb367,85.5,yes
fig-000004,47394pb368,85.5,yes
fig-000004,47205pb126,85.5,yes
fig-000004,47205pb127,85.5,yes
fig-000004,47394pb369,85.5,yes
fig-004890,sh1054,90.0,yes
fig-000004,min214,85.5,yes
fig-006111,hp548,92.0,yes
fig-000007,sh1048,85.5,yes
fig-000020,sim043,85.5,yes
fig-016269,sim044,90.0,yes
fig-005279,sim045,90.0,yes
fig-004546,sim046,90.0,yes
fig-000166,sim047,85.5,yes
fig-016270,sim048,100.0,yes
fig-016434,jw132,90.0,yes
fig-016433,jw133,100.0,yes
fig-016328,twn521,94.7,yes
fig-016331,twn522,100.0,yes
fig-016329,twn523,100.0,yes
fig-016277,blu001,100.0,yes
fig-016278,blu002,100.0,yes
fig-001149,blu003,100.0,yes
fig-016276,blu005,100.0,yes
fig-016276,blu004,90.0,yes
fig-016350,idea226,90.0,yes
fig-016351,idea239,90.0,yes
fig-000022,idea233,85.5,yes
fig-001737,idea238,95.0,yes
fig-016356,idea231,100.0,yes
fig-016355,idea235,100.0,yes
fig-000005,idea227,85.5,yes
fig-000005,idea230,85.5,yes
fig-000003,idea228,85.5,yes
fig-000003,idea237,85.5,yes
fig-000007,idea229,85.5,yes
fig-006546,idea232,90.0,yes
fig-000023,idea234,85.5,yes
fig-016358,idea236,95.0,yes
fig-016330,twn524,100.0,yes
fig-016327,twn525,100.0,yes
fig-012313,hp549,86.2,yes
fig-016370,jw134,100.0,yes
fig-016369,jw135,100.0,yes
fig-016371,jw136,100.0,yes
fig-000004,cty1893,85.5,yes
fig-000004,cty1894,85.5,yes
fig-000003,cty1895,85.5,yes
fig-016409,sh1049,90.0,yes
fig-005025,sh1050,90.0,yes
fig-010997,sh1051,90.0,yes
fig-005025,sh1052,90.0,yes
fig-016372,jw137,100.0,yes
fig-016417,jw138,95.0,yes
fig-016418,jw139,97.0,yes
fig-000019,hp550,85.5,yes
fig-000004,cty1896,85.5,yes
fig-000003,cty1897,85.5,yes
fig-000004,cty1898,85.5,yes
fig-000004,cty1899,85.5,yes
fig-000007,frnd822,85.5,yes
fig-000007,frnd823,85.5,yes
fig-000003,frnd824,85.5,yes
fig-000003,frnd825,85.5,yes
fig-000004,cty1892,85.5,yes
fig-000005,hol097a,85.5,yes
fig-000010,drm083,85.5,yes
fig-016401,fort010,100.0,yes
fig-016402,fort011,95.0,yes
fig-016403,fort012,90.0,yes
fig-016381,fort013,100.0,yes
fig-016382,fort014,100.0,yes
fig-003574,moa010,85.5,yes
fig-016076,hp551,90.0,yes
fig-013195,hp552,86.6,yes
fig-016473,hp553,92.5,yes
fig-016466,hp554,95.0,yes
fig-000019,hp555,85.5,yes
fig-000029,hp556,85.5,yes
fig-000072,hp557,85.5,yes
fig-016470,hp558,100.0,yes
fig-000005,hp559,85.5,yes
fig-000003,hp560,85.5,yes
fig-016471,hp561,100.0,yes
fig-006187,hp562,90.0,yes
fig-000005,frnd826,85.5,yes
fig-016307,frnd827,90.0,yes
fig-000007,frnd828,85.5,yes
fig-016288,frnd829,90.0,yes
fig-000007,frnd830,85.5,yes
fig-000005,frnd831,85.5,yes
fig-001431,hp563,85.5,yes
fig-008929,hp564,90.0,yes
fig-008928,hp565,90.0,yes
fig-008930,hp567,90.0,yes
fig-000003,frnd833,85.5,yes
fig-000005,frnd832,85.5,yes
fig-000003,frnd834,85.5,yes
fig-016303,frnd835,90.0,yes
fig-016275,blu006,100.0,yes
fig-016365,drm087,90.0,yes
fig-000003,drm088,85.5,yes
fig-014530,drm084,90.0,yes
fig-000053,drm085,85.5,yes
fig-000005,drm086,85.5,yes
fig-016334,drm090,90.0,yes
fig-000019,drm091,85.5,yes
fig-000007,drm092,85.5,yes
fig-000007,frnd836,85.5,yes
fig-000003,cty1900,85.5,yes
fig-000003,cty1901,85.5,yes
fig-000053,lor153,85.5,yes
fig-000005,njo0969,85.5,yes
fig-013781,njo0970,90.0,yes
fig-013788,njo0971,90.0,yes
fig-016343,jw141,100.0,yes
fig-016344,jw140,100.0,yes
fig-000003,cty1904,85.5,yes
fig-000004,cty1903,85.5,yes
fig-006029,cty1905,90.0,yes
fig-006029,cty1907,90.0,yes
fig-001017,cty1902,90.0,yes
fig-006029,cty1908,90.0,yes
fig-006029,cty1906,90.0,yes
fig-016554,sh1053,93.6,yes
fig-016451,njo0973,95.0,yes
fig-013787,njo0975,90.0,yes
fig-016380,njo0979,90.0,yes
fig-016441,njo0980,85.5,yes
fig-014152,drm089,90.0,yes
fig-000005,njo0981,85.5,yes
fig-016451,njo0982,100.0,yes
fig-015830,njo0983,90.0,yes
fig-000007,njo0984,85.5,yes
fig-000007,frnd837,85.5,yes
fig-000007,frnd838,85.5,yes
fig-000010,frnd839,85.5,yes
fig-001014,frnd840,90.0,yes
fig-016456,min219,90.0,yes
fig-000061,min220,85.5,yes
fig-000004,cty1909,85.5,yes
fig-016428,fort015,100.0,yes
fig-016429,fort016,100.0,yes
fig-000005,cty1910,85.5,yes
fig-016513,gen194,100.0,yes
fig-011977,gen195,90.0,yes
fig-000007,frnd841,85.5,yes
fig-000771,dp224,90.0,yes
fig-000007,dp225,85.5,yes
fig-000004,dp226,85.5,yes
fig-000110,dp227,90.0,yes
fig-013781,njo0985,90.0,yes
fig-006478,min222,90.0,yes
fig-016313,sc132,100.0,yes
fig-016553,adp178,90.0,yes
fig-000004,adp179,85.5,yes
fig-000005,adp180,85.5,yes
fig-001318,adp181,90.0,yes
fig-016553,adp182,90.0,yes
fig-000004,adp183,85.5,yes
fig-000004,adp184,85.5,yes
fig-016553,adp185,90.0,yes
fig-000004,adp186,85.5,yes
fig-000003,frnd842,85.5,yes
fig-000019,dp231,85.5,yes
fig-016423,dp228,95.8,yes
fig-000004,dp229,85.5,yes
fig-000007,dp230,85.5,yes
fig-016425,dp232,93.3,yes
fig-016452,min221,100.0,yes
fig-010451,sw1419,90.0,yes
fig-016569,nike001,90.0,yes
fig-000053,hp568,85.5,yes
fig-001264,njo0986,90.0,yes
fig-001264,njo0987,90.0,yes
fig-000005,njo0988,85.5,yes
fig-000935,adp187,85.5,yes
fig-000004,adp188,85.5,yes
fig-000004,adp189,85.5,yes
fig-000003,adp190,85.5,yes
fig-000004,adp191,85.5,yes
fig-000004,adp192,85.5,yes
fig-000003,adp193,85.5,yes
fig-000003,adp194,85.5,yes
fig-000004,adp195,85.5,yes
fig-000004,adp196,85.5,yes
fig-000004,adp197,85.5,yes
fig-000004,adp198,85.5,yes
fig-000004,adp199,85.5,yes
fig-000004,adp200,85.5,yes
fig-000004,adp201,85.5,yes
fig-000010,adp202,85.5,yes
fig-000004,adp203,85.5,yes
fig-016454,min223,100.0,yes
fig-006484,min224,85.5,yes
fig-000003,cty1911,85.5,yes
fig-016458,min225,100.0,yes
fig-016508,min226,90.0,yes
fig-016508,min227,90.0,yes
fig-016457,min228,100.0,yes
fig-016576,blu007,91.4,yes
fig-016451,njo0989,90.0,yes
fig-000004,cty1915,85.5,yes
fig-000007,cty1916,85.5,yes
fig-000003,cty1917,85.5,yes
fig-000004,cty1918,85.5,yes
fig-016374,njo0990,90.0,yes
fig-016375,njo0991,90.0,yes
fig-000004,dis182,85.5,yes
fig-003223,dis183,90.0,yes
fig-000003,cty1914,85.5,yes
fig-000003,cty1913,85.5,yes
fig-000004,cty1912,85.5,yes
fig-000004,hp569,85.5,yes
fig-000005,hp570,85.5,yes
fig-000053,hp571,85.5,yes
fig-010518,hp572,90.0,yes
fig-016125,hp573,90.0,yes
fig-016494,hp574,100.0,yes
fig-016492,hp575,100.0,yes
fig-000005,hp576,85.5,yes
fig-016496,hp577,91.4,yes
fig-003224,dis184,90.0,yes
fig-016506,dis185,90.0,yes
fig-000003,drm093,85.5,yes
fig-000003,frnd843,85.5,yes
fig-003344,frnd844,90.0,yes
fig-000005,frnd845,85.5,yes
fig-015107,hp578,90.0,yes
fig-000004,cty1919,85.5,yes
fig-000003,cty1920,85.5,yes
fig-000004,cty1921,85.5,yes
fig-000004,cty1922,85.5,yes
fig-000004,cty1923,85.5,yes
