set_num,bricklink_minifig_id,quantity
10000-1,cas095,1
10000-1,cas105,1
10000-1,cas182,1
10000-1,cas237a,1
10001-1,trn045,1
10001-1,trn050,1
10001-1,trn065,1
10001-1,trn006,1
10001-1,trn010,1
10001-1,trn023,1
10001-1,trn027,1
10001-1,trn038,1
10001-1,trn039,1
10001-1,trn040,1
10001-1,trn003,1
10002-1,trn008,1
10002-1,trn011,1
10002-1,trn035,1
10002-1,trn036,1
10002-1,trn037,1
10020-1,trn080,1
10020-1,trn081,1
10020-2,trn080,1
10020-2,trn081,1
10027-1,trn001,1
10027-1,trn076,1
10027-1,trn131,1
10029-1,sp060,2
10036-1,chef005,1
10036-1,ovr011,1
10036-1,fbr001,1
10037-1,ncklc003,1
10037-1,chef001,1
10037-1,trn083,1
10037-1,trn084,1
10037-1,wtr002,1
10039-1,cas217,1
10039-1,cas218,1
10039-1,cas253,2
10039-1,cas254,2
10040-1,pi005,1
10040-1,pi009,1
10040-1,pi040,1
10040-1,pi042,1
10040-1,pi055,1
10040-1,pi056,1
10040-1,pi198,1
10040-1,pi199,1
10041-1,cop015,1
10041-1,jred010,2
10041-1,chef002,1
10041-1,but011,1
10041-1,trn089,1
10041-1,but015,1
10041-1,ncklc012,1
10052-1,4555pb051,1
10052-1,4555pb052,1
10066-1,gen001,1
10121-1,nba050,1
10121-1,nba051,1
10121-1,nba052,1
10121-1,nba053,1
10121-1,nba054,1
10123-1,sw0004,1
10123-1,sw0036,1
10123-1,sw0045,1
10123-1,sw0103,1
10123-1,sw0104,1
10123-1,sw0105,1
10123-1,sw0107,1
10128-1,trn075,1
10128-1,trn002,1
10131-1,sw0004a,1
10131-1,sw0035a,2
10131-1,sw0143,1
10132-1,hp042,1
10132-1,hp046,1
10132-1,hp057,1
10132-1,hp058,1
10133-1,trn075,1
10133-1,trn076,1
10133-1,trn131,1
10134-1,sw0029,1
10144-1,sw0028,1
10144-1,sw0140,1
10144-1,sw0141,3
10144-1,sw0142,1
10144-1,sw0145,1
10144-1,sw0146,1
10144-1,sw0147,1
10144-1,sw0073a,1
10144-1,sw0010,1
10144-1,sw0161,1
10144-1,sw0161a,1
10156-1,tel004,1
10157-1,trn115,1
10157-1,trn117,1
10158-1,trn116,1
10158-1,trn004,1
10159-1,oct012,1
10159-1,cop002,1
10159-1,pck002,1
10159-1,par056,1
10159-1,par031b,1
10159-1,air021,1
10159-1,air010,1
10159-1,air002,1
10159-1,air024,1
10159-1,air009,1
10159-1,air028,1
10159-1,air007,1
10159-1,air026,1
10159-1,air008,1
10159-1,air027,1
10159-1,par048,1
10159-1,twn037,1
10159-1,jbr001,1
10159-1,jbr001a,1
10159-2,oct012,1
10159-2,cop002,1
10159-2,air002,1
10159-2,air007,1
10159-2,air008,1
10159-2,air009,1
10159-2,pck002,1
10159-2,par048,1
10159-2,par056,1
10159-2,par031b,1
10159-2,air021,1
10159-2,air010,1
10159-2,jbr001,1
10159-2,jbr001a,1
10173-1,trn115,1
10173-1,trn123,1
10173-1,trn124,1
10173-1,trn125,1
10173-1,trn126,1
10173-1,trn127,1
10173-1,trn131,1
10176-1,gen004,2
10176-1,cas302,1
10176-1,cas303,1
10176-1,cas304,1
10176-1,cas305,2
10176-1,cas308,1
10176-1,cas309,1
10176-1,cas306,1
10176-1,gen022,1
10176-1,cas307,1
10178-1,sw0115,1
10178-1,sw0090,1
10178-1,sw0177,1
10178-1,sw0178,1
10179-1,sw0011a,1
10179-1,sw0174,1
10179-1,sw0175,1
10179-1,sw0176,1
10179-1,sw0179,1
10182-1,twn040,1
10182-1,twn041,1
10182-1,pln113,1
10184-1,twn065,1
10184-1,twn066,1
10184-1,twn067,1
10184-1,twn068,1
10184-1,twn069,1
10184-1,twn070,1
10184-1,oct061,1
10184-1,oct062,1
10185-1,twn071,1
10185-1,twn072,1
10185-1,twn073,1
10185-1,twn074,1
10188-1,sw0011a,1
10188-1,sw0157,1
10188-1,sw0156,1
10188-1,sw0040b,2
10188-1,sw0176,1
10188-1,sw0188,2
10188-1,sw0161a,1
10188-1,sw0204,1
10188-1,sw0207,1
10188-1,sw0209,1
10188-1,sw0210,1
10188-1,sw0212,1
10188-1,sw0213,1
10188-1,sw0215,1
10188-1,sw0217,1
10188-1,sw0175,1
10188-1,sw0175b,1
10188-1,sw0179,1
10188-1,sw0179a,1
10188-1,sw0208,2
10188-1,sw0208a,2
10188-1,sw0205,1
10188-1,sw0205a,1
10188-1,sw0206,1
10188-1,sw0336,1
10188-1,sw0211,1
10188-1,sw0211a,1
10190-1,twn044,1
10190-1,ovr032,1
10190-1,twn045,1
10191-1,sp089,1
10191-1,sp086,2
10191-1,sp087,1
10191-1,sp088,1
10191-1,sp090,3
10191-1,sp086s,2
10191-1,sp087s,1
10191-1,sp088s,1
10192-1,sp085,4
10192-1,sp085sa,1
10192-1,sp085sb,3
10193-1,cas371,1
10193-1,cas404,1
10193-1,cas408,1
10193-1,cas409,1
10193-1,cas411,1
10193-1,cas412,1
10193-1,cas413,1
10193-1,cas410,1
10193-1,cas410a,1
10194-1,trn144,1
10194-1,pln158,1
10194-1,trn146,1
10195-1,sw0191,2
10195-1,sw0201,6
10196-1,twn080,1
10196-1,twn081,1
10196-1,twn084,1
10196-1,twn085,1
10196-1,twn086,1
10196-1,twn087,1
10196-1,twn088,1
10196-1,twn083,1
10196-1,twn095,1
10196-1,twn082,1
10196-1,twn094,1
10197-1,pln161,1
10197-1,twn091,1
10197-1,twn092,1
10197-1,twn093,1
10198-1,sw0187,1
10198-1,sw0161a,1
10198-1,sw0217,1
10198-1,sw0256,1
10198-1,sw0175,1
10198-1,sw0175a,1
10199-1,hol001,1
10199-1,hol002,1
10199-1,twn059,1
10199-1,twn058,1
10199-1,twn055,1
10199-1,twn056,1
10199-1,twn056a,1
10199-1,twn090,1
10199-1,twn090a,1
10200-1,rac038,1
10200-1,rac039,1
10200-1,rac040,1
10200-1,rac041,1
10210-1,pi087,1
10210-1,pi090,1
10210-1,pi098,1
10210-1,pi116,1
10210-1,pi117,1
10210-1,pi118,1
10210-1,pi119,1
10210-1,pi120,1
10210-1,pi121,1
1021-1,dupfig007,2
1021-1,dupfig011,2
1021-1,dupfig013,2
1021-1,dupfig001r,2
1021-1,dupfig018,2
1021-1,dupfig024,2
10211-1,twn100,1
10211-1,twn101,1
10211-1,twn102,1
10211-1,twn103,1
10211-1,twn104,1
10211-1,twn105,1
10211-1,twn106,1
10212-1,sw0188,1
10212-1,sw0277,1
10212-1,sw0294,1
10212-1,sw0292,1
10212-1,sw0293,1
10213-1,sp122,1
10213-1,sp120,1
10213-1,sp121,1
10216-1,twn119,1
10216-1,twn120,1
10216-1,twn122,1
10216-1,twn124,1
10216-1,twn125,1
10216-1,twn121,1
10216-1,twn121a,1
10216-1,twn123,1
10216-1,twn123a,1
10217-1,gen001,1
10217-1,hp087,1
10217-1,hp091,1
10217-1,hp104,1
10217-1,hp111,1
10217-1,hp117,1
10217-1,hp118,1
10217-1,hp119,1
10217-1,hp121,1
10217-1,hp122,2
10217-1,hp123,1
10218-1,twn137,1
10218-1,twn138,1
10218-1,twn139,1
10218-1,twn140,1
10219-1,trn149,1
10219-1,trn150,1
10219-1,trn151,1
1022-1,dupfig011,1
1022-1,dupfig015,1
10221-1,sw0277,1
10221-1,sw0280,1
10221-1,sw0350,1
10221-1,sw0351,1
10221-1,sw0352,1
10222-1,twn145,1
10222-1,twn146,1
10222-1,twn147,1
10222-1,twn148,1
10222-1,twn149,1
10222-1,twn150,1
10222-1,twn151,1
10223-1,cas486,1
10223-1,cas499,1
10223-1,cas500,1
10223-1,cas501,1
10223-1,cas502,1
10223-1,cas503,1
10223-1,cas504,1
10223-1,cas505,1
10223-1,cas506,1
10224-1,twn155,1
10224-1,twn156,1
10224-1,twn157,1
10224-1,twn158,1
10224-1,twn159,1
10224-1,twn160,1
10224-1,twn161,1
10224-1,twn162,1
10225-1,sw0217,1
10228-1,mof007,1
10228-1,mof008,1
10228-1,mof019,1
10228-1,mof020,1
10228-1,gen046,2
10229-1,cty0325,1
10229-1,cty0326,1
10229-1,cty0327,1
10229-1,cty0328,1
10229-1,cty0329,1
10229-1,cty0330,1
10229-1,cty0331,1
10229-1,cty0332,1
10231-1,sp122,1
10231-1,sp123,1
10231-1,sp124,1
10232-1,twn181,1
10232-1,twn178,1
10232-1,twn179,1
10232-1,twn180,1
10232-1,twn176,1
10232-1,twn177,1
10232-1,twn177a,1
10233-1,trn233,1
10233-1,cty0352,1
10233-1,trn234,1
10233-1,cty0353,1
10233-1,cty0354,1
10233-1,cty0355,1
10235-1,cty0437,1
10235-1,cty0438,1
10235-1,cty0439,1
10235-1,cty0440,1
10235-1,cty0441,1
10235-1,cty0442,1
10235-1,cty0443,1
10235-1,cty0444,1
10235-1,cty0445,1
10236-1,sw0011a,1
10236-1,sw0236,1
10236-1,sw0338,1
10236-1,sw0365,1
10236-1,sw0366,2
10236-1,sw0367,1
10236-1,sw0451,1
10236-1,sw0504,1
10236-1,sw0505,2
10236-1,sw0508,1
10236-1,sw0509,1
10236-1,sw0513,1
10236-1,sw0510,1
10236-1,sw0511,1
10236-1,sw0512,1
10237-1,lor022,1
10237-1,lor024,1
10237-1,lor072,1
10237-1,lor073,1
10237-1,lor074,1
10240-1,sw0217,1
10243-1,twn189,1
10243-1,twn190,1
10243-1,twn191,1
10243-1,twn193,1
10243-1,twn192,1
10243-1,twn192a,1
10243-1,twn192b,1
10244-1,twn198,1
10244-1,twn199,1
10244-1,twn200,1
10244-1,twn201,1
10244-1,twn202,1
10244-1,twn203,1
10244-1,twn208,1
10244-1,twn209,1
10244-1,twn205,1
10244-1,twn206,1
10244-1,twn207,1
10244-1,twn204,1
10244-1,twn204a,1
10245-1,col122,1
10245-1,hol044,1
10245-1,hol046,1
10245-1,hol047,1
10245-1,hol048,1
10245-1,hol045a,1
10245-1,hol045b,1
10246-1,twn218,1
10246-1,twn220,1
10246-1,twn221,1
10246-1,twn222,1
10246-1,twn223,1
10246-1,twn219,1
10246-1,twn219a,1
10247-1,twn236,1
10247-1,twn237,1
10247-1,twn238,1
10247-1,twn239,1
10247-1,twn240,1
10247-1,twn241,1
10247-1,twn242,1
10247-1,twn243,1
10247-1,twn244,1
10247-1,twn245,1
10247-1,twn245a,1
10249-1,hol063,1
10249-1,hol064,1
10249-1,hol065,1
10249-1,hol066,1
10249-1,hol067,1
10249-1,hol068,1
10249-1,hol069,1
10249-1,hol070b,1
10249-1,hol070a,1
1025-1,dupfig007,1
1025-1,dupfig013,1
1025-1,dupfig015,1
1025-1,dupfig001r,1
1025-1,dupfig019,1
1025-1,dupfig024,1
10251-1,twn248,1
10251-1,twn249,1
10251-1,twn250,1
10251-1,twn251,1
10251-1,twn252,1
10251-1,twn252a,1
10254-1,hol075,1
10254-1,hol076,1
10254-1,hol077,1
10254-1,hol078,1
10254-1,hol079,1
10255-1,twn268,1
10255-1,twn271,1
10255-1,twn272,1
10255-1,twn273,1
10255-1,twn274,1
10255-1,twn275,1
10255-1,cty0668,1
10255-1,njo0446,1
10255-1,twn270,1
10255-1,twn270a,1
10255-1,twn269,1
10255-1,twn269a,1
10257-1,twn289,1
10257-1,twn291,1
10257-1,twn290,1
10257-1,twn293,1
10257-1,twn294,1
10257-1,twn295,1
10257-1,twn292,1
10257-1,twn292a,1
10259-1,hol090,1
10259-1,hol091,1
10259-1,hol092,1
10259-1,hol093,1
10259-1,hol094,1
10260-1,twn309,1
10260-1,twn312,1
10260-1,twn308,1
10260-1,twn311,1
10260-1,twn313,1
10260-1,twn310,1
10260-1,twn310a,1
10261-1,twn318,1
10261-1,twn319,1
10261-1,twn320,1
10261-1,twn321,1
10261-1,twn322,1
10261-1,twn323,1
10261-1,twn324,1
10261-1,twn325,1
10261-1,twn326,1
10261-1,twn327,1
10261-1,twn328,1
10263-1,hol117,1
10263-1,hol118,1
10263-1,hol119,1
10263-1,hol120,1
10263-1,hol121,1
10263-1,hol122,1
10263-1,hol123,1
10263-1,hol124,1
10264-1,twn356,1
10264-1,twn357,1
10264-1,twn359,1
10264-1,twn360,1
10264-1,twn361,1
10264-1,twn361a,1
10264-1,twn358,1
10264-1,twn358a,1
10266-1,twn374,1
10266-1,twn373,1
10267-1,hol168,1
10267-1,hol169,1
10268-1,twn365,1
10268-1,twn366,1
10268-1,twn367,1
10270-1,twn383,1
10270-1,twn384,1
10270-1,twn385,1
10270-1,twn386,1
10270-1,twn387,1
1027-1,dupfig023,1
1027-1,dupfig025,1
1027-1,dupfig026,2
1027-1,dupfig014,2
1027-1,dupfig014,1
1027-1,dupfig014r,1
10273-1,twn388,1
10273-1,twn389,2
10273-1,gen147,1
10273-1,twn390,1
10273-1,twn392,2
10273-1,twn391,1
10273-1,twn393,1
10273-1,twn394,1
10275-1,hol203,1
10275-1,hol204,1
10275-1,hol205,1
10275-1,hol206,1
10277-1,trn253,1
10277-1,trn254,1
10278-1,twn402,1
10278-1,twn403,1
10278-1,twn404,1
10278-1,twn405,1
10278-1,twn406,1
1029-1,pln089,1
1029-1,tne001,1
10291-1,que004,1
10291-1,que005,1
10291-1,que006,1
10291-1,que007,1
10291-1,que001,1
10291-1,que002,1
10291-1,que003,1
10292-1,ftv001,1
10292-1,ftv002,1
10292-1,ftv003,1
10292-1,ftv004,1
10292-1,ftv005,1
10292-1,ftv007,1
10292-1,ftv006,1
10293-1,hol254,1
10293-1,hol255,1
10293-1,hol256,1
10293-1,hol368,1
10297-1,twn417,1
10297-1,twn418,1
10297-1,twn419,1
10297-1,twn420,1
10297-1,twn421,1
10297-1,twn422,1
10297-1,twn423,1
10300-1,btf002,1
10300-1,btf001,1
10303-1,twn432,1
10303-1,twn433,1
10303-1,twn434,1
10303-1,twn435,1
10303-1,twn436,1
10303-1,twn437,1
10303-1,twn438,1
10303-1,twn439,1
10303-1,twn440,1
10303-1,twn441,1
10303-1,twn442,1
10305-1,gen099,1
10305-1,cas559,1
10305-1,cas560,1
10305-1,cas561,1
10305-1,cas562,1
10305-1,cas563,1
10305-1,cas564,1
10305-1,cas565,1
10305-1,cas566,1
10305-1,cas567,1
10305-1,cas568,1
10305-1,cas569,1
10305-1,cas570,1
10305-1,cas571,1
10305-1,cas572,1
10305-1,cas573,1
10305-1,cas574,1
10305-1,cas575,1
10305-1,cas576,1
10305-1,cas577,1
10305-1,cas578,1
10305-1,cas579,1
10306-1,twn444,1
10308-1,hol286,1
10308-1,hol287,1
10308-1,hol288,1
10308-1,hol289,1
10308-1,hol290,1
10308-1,hol291,1
10312-1,twn451,1
10312-1,twn452,1
10312-1,twn453,1
10312-1,twn454,1
10312-1,twn455,1
10312-1,twn456,1
10312-1,twn457,1
10312-1,twn458,1
10316-1,lor114,2
10316-1,lor115,2
10316-1,lor116,1
10316-1,lor130,1
10316-1,lor121,1
10316-1,lor118,1
10316-1,lor119,1
10316-1,lor117,1
10316-1,lor127,1
10316-1,lor128,1
10316-1,lor120,1
10316-1,lor122,1
10316-1,lor125,1
10316-1,lor112,1
10316-1,lor113,1
10316-1,lor124,1
10316-1,lor123,1
10316-1,lor126,1
10316-1,lor129,1
10320-1,pi188,1
10320-1,pi189,1
10320-1,pi190,1
10320-1,pi191,1
10320-1,pi192,1
10320-1,pi193,1
10320-1,pi194,1
10320-1,pi195,1
10320-1,pi196,1
10323-1,twn465,1
10325-1,hol326,1
10325-1,hol327,1
10325-1,hol328,1
10325-1,hol329,1
10325-1,hol330,1
10326-1,twn484,1
10326-1,twn485,1
10326-1,twn486,1
10326-1,twn487,1
10326-1,twn488,1
10326-1,twn489,1
10326-1,twn490,1
10326-1,twn492,1
10326-1,twn491,1
10327-1,dun001,1
10327-1,dun002,1
10327-1,dun003,1
10327-1,dun004,1
10327-1,dun005,1
10327-1,dun006,1
10327-1,dun007,1
10327-1,dun008,1
10330-1,twn497,1
10332-1,cas582,1
10332-1,cas583,1
10332-1,cas584,1
10332-1,cas585,1
10332-1,cas586,1
10332-1,cas587,1
10332-1,cas588,1
10332-1,cas589,1
10333-1,gen099,1
10333-1,lor131,1
10333-1,lor132,1
10333-1,lor133,1
10333-1,lor134,1
10333-1,lor135,1
10333-1,lor136,1
10333-1,lor137,1
10333-1,lor138,1
10333-1,lor139,1
10333-1,lor140,1
10339-1,hol362,1
10339-1,hol364,1
10339-1,hol363,1
10339-1,hol365,1
10339-1,hol366,1
10350-1,twn510,1
10350-1,twn511,1
10350-1,twn512,1
10350-1,twn513,1
10350-1,twn514,1
10350-1,twn515,1
10350-1,twn516,1
10350-1,twn517,1
10353-1,twn519,1
10354-1,lor142,1
10354-1,lor143,1
10354-1,lor144,1
10354-1,lor145,1
10354-1,lor149,1
10354-1,lor148,1
10354-1,lor147,1
10354-1,lor146,1
10354-1,lor150,1
10355-1,sp134,3
10355-1,sp147,1
10363-1,twn518,1
10391-1,twn507,1
10391-1,twn508,1
1040-1,4555pb121,1
1040-1,4555pb155,1
1040-1,4555pb099,1
1040-1,4555pb086,1
1040-2,4555pb086a,1
1040-2,4555pb158,1
1040-2,4555pb164,1
1040-2,4555pb235,1
10402-1,pln182,1
10403-1,pln183,1
10403-1,pln184,1
10404-1,pln185,1
10404-1,pln186,1
10405-1,pln187,1
10405-1,pln188,1
10405-1,pln189,1
1041-1,4555pb094,1
1041-1,4555pb115,1
1041-1,4555pb158,1
1041-1,4555pb159,1
1041-1,4555pb161,1
1041-1,4555pb221,1
10411-1,47394pb323,1
10411-1,47205pb094,1
10411-1,47205pb095,1
10416-1,47205pb113,1
10416-1,47394pb355,1
10417-1,crs115,1
10418-1,47394pb356,1
10419-1,47205pb097,1
10419-1,47394pb357,1
10420-1,dupmermaid05,1
1042-1,4555pb086a,1
1042-1,4555pb158,1
1042-1,4555pb159,1
1042-1,4555pb177,1
1042-1,4555pb215,1
1042-1,4555pb216,1
1042-1,4555pb221,1
1042-1,4555pb233,1
1042-1,4555pb234,1
1042-1,4555pb235,1
1042-1,4555pb162a,2
10421-1,47205pb111,1
10421-1,47205pb112,1
10422-1,47394pb353,1
10422-1,47394pb354,1
10424-1,47394pb311,1
10426-1,47394pb362,1
10427-1,47394pb366,1
10427-1,47205pb125,1
10428-1,47205pb091,1
10431-1,47205pb118,1
10431-1,47205pb119,1
10432-1,47205pb120,1
10432-1,47394pb360,1
10433-1,47205pb114,1
10433-1,47205pb116,1
10433-1,47205pb117,1
10434-1,47394pb358,1
10434-1,47394pb359,1
10434-1,47205pb114,1
10434-1,47205pb115,1
10435-1,dupmermaid03,1
10435-1,dupmermaid04,1
10438-1,47394pb329,1
10439-1,47205pb096,1
10439-1,47205pb103,1
1044-1,4555pb177,1
1044-1,4555pb216,1
1044-1,4555pb233,1
1044-1,4555pb234,1
1044-1,4555pb235,1
1044-1,4555pb162a,1
10449-1,47394pb364,1
10449-1,47394pb365,1
10449-1,47205pb121,1
10452-1,47394pb358,1
10452-1,47205pb122,1
10453-1,47205pb114,1
10453-1,47205pb123,1
10453-1,47205pb124,1
10454-1,47394pb363,1
1046-1,4555pb164,2
1046-1,4555pb177,2
1046-1,4555pb216,2
1049-1,but029,3
10497-1,tlm110,2
10497-1,sp132,2
10497-1,sp133,1
10500-1,47394pb173,1
10500-1,47205pb029,1
1050-1,4224c02,3
1050-1,4224c01,3
10502-1,47394pb158,1
10502-1,47394pb159,1
10503-1,47394pb153,1
10504-1,47394pb151,1
10504-1,47394pb152,1
10504-1,47394pb153,1
10505-1,47394pb159,1
10505-1,47205pb028,1
10505-1,47394pb197,1
10507-1,47205pb028,1
10507-1,47394pb165,1
10508-1,47394pb156,1
10508-1,47394pb157,1
10508-1,47394pb166,1
10509-1,crs030,1
10509-1,crs031,1
105-1,but028,1
10510-1,crs029,1
10510-1,crs032,1
10511-1,crs048,1
10511-1,crs030,1
10511-1,crs033,1
10512-1,47394pb162,1
10513-1,47394pb163,1
10513-1,47205pb027,1
10514-1,47394pb162,1
10514-1,47394pb164,1
10515-1,dupmermaid01,1
10516-1,47394pb154,1
10516-1,47394pb155,1
10517-1,47205pb025,1
10518-1,47394pb156,1
10518-1,47394pb157,1
10519-1,47394pb157,1
10520-1,47394pb156,1
10521-1,47394pb173,1
10524-1,47394pb174,1
10525-1,47205pb025,1
10525-1,47394pb167,1
10526-1,47394pb184,1
10526-1,47394pb185,1
10527-1,47394pb171,1
10528-1,47205pb026,1
10528-1,47394pb165,1
10528-1,47205pb030,1
10529-1,47394pb156,1
10532-1,47394pb168,1
10532-1,47394pb169,1
10538-1,crs034,1
10538-1,crs035,1
10538-1,crs036,1
10539-1,47394pb164,1
10542-1,47394pb172,1
10542-1,47394pb147a,1
10543-1,47394pb175,1
10544-1,47394pb187,1
10544-1,47394pb189,1
10545-1,47394pb188,1
10545-1,47394pb187,1
10546-1,47394pb159,1
10546-1,47394pb170,1
10550-1,47394pb151,1
10556-1,47205pb026,1
10556-1,47205pb028,1
10558-1,47205pb026,1
10568-1,47394pb179,1
10569-1,47394pb178,2
10569-1,47394pb179,1
10571-1,47205pb028,1
10572-1,47205pb026,1
10576-1,47394pb158,1
10577-1,47394pb178,2
10577-1,47394pb179,1
10577-1,47394pb196,1
10580-1,47205pb025,1
10580-1,47205pb030,1
10581-1,47205pb025,1
10582-1,47205pb026,1
10582-1,47205pb035,1
10583-1,47205pb025,1
10583-1,47394pb159,1
10584-1,47394pb166,1
10584-1,47205pb030,1
10584-1,47205pb030a,1
10584-1,47394pb180,1
10584-1,47394pb180a,1
10585-1,47394pb180,1
10585-1,85363pb003,1
10586-1,47205pb030,1
10586-1,47394pb182a,1
10587-1,47205pb028,1
10587-1,47394pb170,1
10587-1,47394pb182a,1
10589-1,47394pb183,1
10590-1,47394pb190,1
10590-1,47394pb190a,1
10590-1,47394pb165,1
10590-1,47394pb165a,1
10590-1,47394pb156,1
10590-1,47394pb156a,1
10591-1,47394pb061,1
10592-1,47394pb076,1
10593-1,47394pb061,1
10593-1,47394pb238,1
10594-1,47205pb033,1
10595-1,47205pb033,1
10595-1,47205pb034,1
10596-1,47394pb148,1
10596-1,47394pb149,1
10596-1,dupmermaid01,1
10597-1,47394pb194,1
10597-1,47394pb195,1
10599-1,47394pb175,1
10599-1,47394pb212,1
10599-1,47394pb213,1
10600-1,crs047,1
10600-1,crs046,1
10601-1,47394pb167,1
10602-1,47205pb030,1
10602-1,47394pb180,1
10602-1,47394pb191,1
10603-1,47205pb031,1
10604-1,47394pb162,1
10604-1,47394pb163,1
10605-1,47394pb201,1
10606-1,47394pb201,1
10607-1,47394pb192,1
10608-1,47394pb192,1
10608-1,47394pb193,1
106-1,but022,1
10615-1,47205pb031,1
10615-1,47205pb032,1
10616-1,47205pb031,1
10616-1,47205pb032,1
10617-1,47205pb031,1
10617-1,47205pb032,1
10618-1,47205pb024,1
10618-1,47205pb028,1
1062-1,firec004,1
1062-1,pln030,1
1062-1,pln073,1
1062-1,cop046,1
1062-1,pln150,1
1062-1,doc029,1
10622-1,47205pb025,1
10622-1,47205pb030,1
1063-1,chef004,1
1063-1,trn026,1
1063-1,firec001,1
1063-1,cop003,1
1063-1,doc005,1
1063-1,doc006,1
1063-1,cop013,1
1063-1,trn133,1
1063-1,trn134,1
1063-1,but035,1
1063-1,ver016,1
1063-1,hor027,1
1063-1,trn135,1
1063-1,post005,1
1063-1,hor029,1
1063-1,zip042,1
1063-1,zip043,1
1063-1,ovr029,1
1063-1,hgh009,1
1063-1,hgh010,1
1063-1,ver017,1
1063-1,but038,1
1063-1,jred021,1
1063-1,jred022,1
1064-1,chef004,1
1064-1,firec004,1
1064-1,cop001,1
1064-1,doc006,1
1064-1,but020,1
1064-1,but034,1
10655-1,twn182,1
10655-1,twn183,1
10655-1,twn184,1
10656-1,cas515,1
10657-1,cty0368,1
10659-1,twn173,1
10659-1,twn174,1
10659-2,twn173,1
10659-2,twn174,1
10660-1,twn171,1
10660-1,twn172,1
1066-1,firec004,3
1066-1,cop015,3
1066-1,soc038,3
1066-1,chef002,3
1066-1,but011,3
1066-1,ncklc011,3
1066-1,pln101,3
1066-1,jred018,3
1066-1,doc030,3
1066-1,trn137,3
1066-1,pln151,3
1066-1,pln152,3
10661-1,twn175,1
10663-1,cty0426,1
10663-1,cty0427,1
10663-1,cty0428,1
10665-1,sh0113,1
10665-1,sh0115,1
10666-1,cty0113,1
10667-1,con008,1
10668-1,cas538,1
10669-1,tnt011,1
10669-1,tnt053,1
1067-1,trn025,1
1067-1,firec001,1
1067-1,cop001,1
1067-1,hor006,1
1067-1,trn070,1
1067-1,pln090,1
1067-1,pln098,1
1067-1,zip040,1
1067-1,post005,1
1067-1,but036,1
1067-1,zip041,1
1067-1,doc031,1
1067-1,jred020,1
1067-1,but037,1
10671-1,cty0507,1
10671-1,cty0508,1
10672-1,sh0005,1
10672-1,sh0111,1
10672-1,sh0112,1
10672-1,sh0112a,1
10673-1,rac054,1
10673-1,rac055,1
10674-1,twn194,1
10675-1,jail005,1
10675-1,cop054,1
10675-1,cop055,1
10676-1,cas539,1
10676-1,cas540,1
10676-1,cas541,1
10676-1,gen066,1
10677-1,twn227,1
10679-1,pi146,1
10679-1,gen067,1
10680-1,twn231,1
10680-1,twn232,1
1068-1,oct021,1
10683-1,con009,1
10683-1,con010,1
10684-1,twn228,1
10684-1,twn229,1
10685-1,cty0587,1
10685-1,cty0588,1
10686-1,twn233,1
10686-1,twn234,1
10686-1,twn235,1
10687-1,sh0115,1
10687-1,sh0196,1
10687-1,sh0203,1
1069-1,trn092,1
1070-1,pln070,1
107-2,but028,1
10720-1,cop056,1
10720-1,jail006,1
10721-1,sh0231,1
10721-1,sh0033a,1
10722-1,njo0205,1
10722-1,njo0206,1
10723-1,dp023,1
10724-1,sh0111,1
10724-1,dim019,1
10724-1,sh0292,1
10725-1,njo0213,1
10725-1,njo0214,1
10725-1,njo0217,1
10726-1,frnd157,1
10727-1,frnd172,1
10727-1,frnd173,1
10728-1,frnd174,1
10728-1,frnd175,1
10729-1,dp009,1
10729-1,dp022,1
10730-1,crs018,1
10731-1,crs017,1
10732-1,crs005,1
10732-1,crs006,1
10733-1,crs016,1
10734-1,cty0079,1
10734-1,con011,1
10734-1,con012,1
10735-1,cty0751,1
10735-1,cty0752,1
10736-1,dp035,1
10736-1,dp036,1
10737-1,sh0016a,1
10737-1,sh0355,1
10738-1,dp043,1
10739-1,njo0316,1
10739-1,njo0347,1
10739-1,njo0362,1
10740-1,cty0736,1
10740-1,cty0737,1
10742-1,crs014,1
10742-1,crs015,1
10743-1,crs011,1
10743-1,crs012,1
10743-1,crs013,1
10744-1,crs007,1
10744-1,crs008,1
10744-1,crs009,1
10744-1,crs010,1
10745-1,crs001,1
10745-1,crs002,1
10745-1,crs003,1
10745-1,crs004,1
10745-1,crs005,1
10746-1,frnd224,1
10747-1,frnd205,1
10747-1,frnd206,1
10748-1,frnd245,1
10749-1,frnd274,1
10750-1,trn241,1
10751-1,cty0868,1
10751-1,cty0890a,1
10753-1,sh0513,1
10753-1,sh0514,1
10753-1,sh0515,1
10754-1,sh0038,1
10754-1,sh0269,1
10755-1,njo0399,1
10755-1,njo0410,1
10756-1,jw037,1
10756-1,jw038,1
10757-1,jw023,1
10757-1,jw039,1
10758-1,jw021,1
10758-1,jw040,1
10758-1,jw041,1
10759-1,incr001,1
10759-1,incr007,1
10760-1,incr005,1
10760-1,incr006,1
10760-1,incr008,1
10761-1,incr002,1
10761-1,incr004,1
10761-1,incr003,1
10761-1,incr009,1
10762-1,3899pb006,1
10762-1,dp024,1
10762-1,dp058,1
10762-1,dp077,1
10763-1,frnd234,1
10763-1,frnd249,1
10763-1,frnd263,1
10764-1,air055,1
10764-1,cty0947,1
10764-1,cty0948,1
10764-1,cty0949,1
10764-1,cty0950,1
10765-1,dp057,1
10766-1,toy016,1
10767-1,toy016,1
10767-1,toy026,1
10768-1,toy018,1
10768-1,toy019,1
10768-1,toy024,1
10769-1,toy017,1
10769-1,toy022,1
10769-1,toy023,1
10770-1,toy018,1
10770-1,toy019,1
10770-1,toy020,1
10770-1,toy021,1
10770-1,toy025,1
10771-1,toy017,1
10771-1,toy018,1
10772-1,dis049,1
10773-1,dis055,1
10773-1,dis056,1
10774-1,dis047,1
10774-1,dis048,1
10775-1,dis053,1
10775-1,dis054,1
10776-1,dis050,1
10776-1,dis051,1
10776-1,dis052,1
10777-1,dis072,1
10777-1,dis073,1
10778-1,dis074,1
10778-1,dis075,1
10778-1,dis076,1
10780-1,dis077,1
10780-1,dis078,1
10780-1,dis079,1
10780-1,dis080,1
10781-1,sh0800,1
10781-1,sh0803,1
10782-1,sh0795,1
10782-1,sh0797,1
10782-1,sh0798,1
10783-1,sh0794,1
10783-1,sh0796,1
10783-1,sh0797,1
10784-1,sh0794,1
10784-1,sh0797,1
10784-1,sh0799,1
10784-1,sh0800,1
10784-1,sh0803,1
10785-1,gdh001,1
10785-1,gdh003,1
10786-1,gdh002,1
10786-1,gdh004,1
10787-1,gdh005,1
10787-1,gdh006,1
10787-1,gdh007,1
10788-1,gdh001,1
10788-1,gdh003,1
10788-1,gdh004,1
10788-1,gdh005,1
10789-1,sh0866,1
10789-1,sh0869,1
10790-1,sh0803,1
10790-1,sh0862,1
10790-1,sh0863,1
10790-1,sh0864,1
10791-1,sh0795,1
10791-1,sh0865,1
10791-1,sh0866,1
10791-1,sh0867,1
10791-1,sh0868,1
10792-1,sh0950,1
10792-1,sh0951,1
10793-1,sh0955,1
10793-1,sh0949,1
10793-1,sh0957,1
10794-1,sh0950,1
10794-1,sh0952,1
10794-1,sh0953,1
10794-1,sh0954,1
10794-1,sh0955,1
10795-1,gdh010,1
10795-1,gdh012,1
10796-1,gdh005,1
10796-1,gdh010,1
10796-1,gdh011,4
10797-1,gdh004,1
10797-1,gdh007,1
10797-1,gdh009,1
10797-1,gdh008,1
10802-1,47394pb215,1
10803-1,47394pb200,1
10803-1,47205pb036,1
10804-1,47394pb216,1
10804-1,47205pb046,1
10805-1,47394pb200,1
10805-1,47205pb026,1
10805-1,47205pb026a,1
10805-1,47205pb035,1
10805-1,47205pb035a,1
10805-1,47394pb215,1
10805-1,47394pb215a,1
10805-1,47394pb165,1
10805-1,47394pb165a,1
10806-1,47205pb040,1
10807-1,47205pb029,1
10807-1,47394pb203,1
10808-1,47394pb157,1
10809-1,47394pb169,1
10809-1,47394pb169a,1
10809-1,47394pb168,1
10809-1,47394pb168a,1
10810-1,47394pb167,1
10810-1,47394pb180,1
10811-1,47394pb156,1
10811-1,47394pb156a,1
10812-1,47394pb231,1
10812-1,47394pb231a,1
10812-1,47394pb156,1
10812-1,47394pb156a,1
10813-1,47394pb231,1
10813-1,47394pb231a,1
10813-1,47394pb156,1
10813-1,47394pb156a,1
10813-1,47394pb166,1
10813-1,47394pb166a,1
10814-1,47394pb159,1
10814-1,47394pb166,1
10818-1,47205pb037,1
10818-1,47205pb038,1
10819-1,47205pb037,1
10819-1,47205pb038,1
10820-1,47205pb026,1
10820-1,47205pb030,1
10822-1,47205pb033,1
10823-1,47394pb187,1
10823-1,47394pb230,1
10824-1,47394pb198,1
10825-1,47394pb199,1
10826-1,47394pb199,1
10827-1,47394pb217,1
10827-1,47394pb218,1
10827-1,47394pb219,1
10828-1,47394pb223,1
10829-1,47394pb204,1
10830-1,47394pb202,1
10832-1,47205pb047,1
10832-1,47394pb221,1
10832-1,47205pb030a,1
10833-1,47205pb045,1
10833-1,47205pb026a,1
10833-1,47394pb203a,1
10834-1,47394pb182,1
10834-1,47205pb037,1
10834-1,47394pb220,1
10835-1,47205pb045,1
10835-1,47394pb226,1
10835-1,47394pb227,1
10836-1,47394pb182,1
10836-1,47394pb214,1
10836-1,47394pb234,1
10836-1,47394pb166a,1
10836-1,47205pb042a,1
10837-1,47394pb228,1
10837-1,47205pb051,1
10837-1,47205pb052,1
10839-1,47205pb026a,1
10839-1,47394pb233,1
10840-1,47205pb045,1
10840-1,47394pb226,1
10840-1,47205pb053,1
10840-1,47394pb233,1
10840-1,47205pb043a,1
10841-1,47394pb226,1
10841-1,47394pb227,1
10841-1,47205pb053,1
10841-1,47205pb042a,1
10842-1,47394pb213,1
10842-1,47394pb225,1
10842-1,47394pb229,1
10842-1,47394pb224,1
10842-1,47394pb224a,1
10843-1,47394pb232,1
10844-1,47394pb235,1
10844-1,47394pb236,1
10845-1,47205pb031,1
10845-1,47205pb037,1
10845-1,47205pb050,1
10846-1,crs020,1
10846-1,crs021,1
10846-1,crs024,1
10847-1,47205pb031,1
10847-1,47205pb032,1
10854-1,47205pb038,1
10855-1,47394pb240,1
10855-1,47394pb241,1
10856-1,crs019,1
10857-1,crs021,1
10857-1,crs022,1
10857-1,crs023,1
10864-1,47205pb031,1
10864-1,47205pb037,1
10867-1,47205pb055,1
10867-1,47394pb245,1
10867-1,47394pb248,1
10868-1,47205pb056,1
10868-1,47205pb057,1
10869-1,47205pb058,1
10869-1,47205pb059,1
10869-1,47394pb250,1
10871-1,47205pb056,1
10871-1,47394pb249,1
10871-1,47394pb246,1
10872-1,47394pb253,1
10873-1,47394pb259,1
10874-1,47394pb252,1
10874-1,47205pb063,1
10875-1,47394pb254,1
10875-1,47394pb255,1
10875-1,47394pb256,1
10876-1,47394pb192,1
10876-1,47394pb247,1
10876-1,47394pb243,1
10877-1,47394pb239,1
10877-1,27383pb01,1
10877-1,35735pb01,1
10877-1,dupclock01,1
10878-1,47394pb242,1
10879-1,47205pb062,1
10880-1,47394pb251,1
10881-1,47394pb258,1
10881-1,47394pb257,1
10887-1,47205pb056,1
10889-1,47394pb258,1
10889-1,47394pb278,1
10889-1,47394pb279,1
1089-1,4224c02,12
1089-1,4224c01,12
10893-1,47394pb192,1
10893-1,47394pb270,1
10894-1,47394pb274,1
10894-1,47394pb275,1
10895-1,47205pb064,1
10895-1,47205pb065,1
10899-1,47394pb276,1
10899-1,47394pb277,1
10899-1,dupsnowman01,1
10900-1,47394pb261,1
10901-1,47205pb056,1
10901-1,47394pb265,1
10902-1,47394pb262,1
10902-1,47394pb263,1
10902-1,47394pb264,1
10903-1,47394pb272,1
10903-1,47394pb273,1
10906-1,47205pb056,1
10906-1,47394pb246,1
10906-1,47394pb271,1
10907-1,47394pb249,1
10907-1,47394pb266,1
10907-1,47394pb268,1
10907-1,47394pb267,1
10907-1,47205pb066,1
10907-1,47205pb067,1
10908-1,47394pb260,1
10910-1,47394pb268,1
10910-1,47394pb269,1
10913-1,47205pb068,1
10913-1,47205pb069,1
10914-1,47205pb072,1
10914-1,47205pb074,1
10915-1,47205pb071,1
10915-1,47205pb074,1
10919-1,47394pb285,1
10919-1,47394pb286,1
10919-1,47394pb287,1
10920-1,47394pb277,1
10920-1,dupsnowman01,1
10921-1,47394pb192,1
10921-1,47394pb281,1
10921-1,47394pb282,1
10922-1,dupmermaid02,1
10924-1,crs021,1
10924-1,crs044,1
10925-1,47205pb070,1
10925-1,47205pb074,1
10926-1,47205pb069,1
10926-1,47205pb071,1
10927-1,47394pb280,1
10928-1,47205pb072,1
10928-1,47394pb283,1
10929-1,47394pb280,1
10929-1,47205pb073,1
10929-1,47394pb284,1
10930-1,47394pb288,1
10931-1,47394pb288,1
10931-1,47394pb289,1
10932-1,47394pb289,1
10932-1,47394pb290,1
10932-1,47394pb291,1
10933-1,47394pb280,1
10933-1,47394pb288,1
10933-1,47394pb289,1
10933-1,47394pb291,1
10933-1,47394pb292,1
10935-1,47205pb089,1
10935-1,47205pb091,1
10937-1,sh0010,1
10937-1,sh0023,1
10937-1,sh0057,1
10937-1,sh0048,1
10937-1,sh0059,1
10937-1,sh0060,1
10937-1,sh0061,1
10937-1,sh0058,1
10938-1,47394pb335,1
10939-1,47394pb321,1
10940-1,47394pb311,1
10940-1,47394pb312,1
10940-1,47394pb324,1
1094-1,adv041,1
10941-1,47394pb194,1
10941-1,47394pb258,1
10942-1,47394pb313,1
10942-1,47394pb319,1
10943-1,47394pb303,1
10943-1,47394pb304,1
10943-1,47394pb305,1
10943-1,47394pb306,1
10943-1,47205pb077,1
10943-1,47205pb078,1
10943-1,47205pb079,1
10944-1,47394pb310,1
10944-1,47394pb309,1
10945-1,47205pb068,1
10945-1,47394pb314,1
10946-1,47394pb307,1
10946-1,47205pb087,1
10946-1,47205pb088,1
10946-1,47394pb318,1
10947-1,47394pb315,1
10947-1,47394pb316,1
10948-1,47394pb280,1
10948-1,47394pb283,1
10948-1,47394pb317,1
10948-1,47205pb086,1
10950-1,47205pb084,1
10950-1,47394pb308,1
1095-1,aqu008,1
10951-1,47205pb081,1
10951-1,47205pb083,1
10952-1,47205pb073,1
10952-1,47205pb080,1
10952-1,47205pb082,1
10952-1,47394pb307,1
10954-1,47205pb079,1
10954-1,47205pb086,1
10956-1,47205pb071,1
10956-1,47394pb280,1
10956-1,47394pb284,1
10956-1,47205pb074,1
10956-1,47205pb079,1
10956-1,47394pb323,1
10956-1,47205pb089,1
10958-1,47205pb071,1
10958-1,47205pb074,1
10959-1,47394pb333,1
10959-1,47394pb334,1
10960-1,27383pb01,1
10960-1,47394pb327,1
10960-1,dupclock02,1
10960-1,84187pb01,1
1096-1,oct031,1
10961-1,47205pb072,1
10961-1,47394pb320,1
10961-1,47394pb322,1
10962-1,47394pb336,1
10963-1,47394pb247,1
10963-1,47394pb324,1
10963-1,47394pb338,1
10963-1,47394pb339,1
10967-1,47394pb328,1
10968-1,47394pb280,1
10968-1,47205pb091,1
10968-1,47394pb329,1
10969-1,47394pb332,1
10970-1,47394pb330,1
10970-1,47394pb331,1
1097-1,rsq014,1
10976-1,47205pb092,1
10976-1,47205pb093,1
10976-1,47394pb337,1
1098-1,ext006,1
10982-1,47205pb099,1
10985-1,47394pb351,1
10986-1,47205pb089,1
10986-1,47394pb340,1
10987-1,47394pb348,1
10988-1,47205pb096,1
10988-1,47394pb349,1
10988-1,47205pb107,1
10989-1,47205pb105,1
10989-1,47205pb106,1
10990-1,47394pb288,1
10990-1,47394pb289,1
10990-1,47394pb346,1
1099-1,cas053,1
10991-1,47205pb080,1
10991-1,47205pb098,1
10991-1,47394pb350,1
10991-1,47205pb110,1
10992-1,47205pb103,1
10992-1,47205pb104,1
10992-1,47205pb109,1
10992-1,47394pb352,1
10993-1,47205pb071,1
10993-1,47394pb341,1
10993-1,47205pb096,1
10993-1,47205pb097,1
10993-1,47205pb098,1
10994-1,47205pb071,1
10994-1,47205pb103,1
10994-1,47205pb104,1
10994-1,47394pb349,1
10994-1,47394pb350,1
10995-1,47394pb312,1
10995-1,47394pb324,1
10996-1,crs113,1
10996-1,crs114,1
10997-1,47394pb347,1
10997-1,47205pb100,1
10997-1,47205pb101,1
10997-1,47205pb102,1
10998-1,47394pb342,1
10998-1,47394pb343,1
10998-1,47394pb344,1
10998-1,47394pb345,1
1100-1,stu011,1
1100-1,twn022,1
1106-2,ovr012,1
1106-2,oct033,1
111901-1,njo0505,1
111902-1,njo0495,1
111903-1,njo0492,1
111903-1,njo0554,1
111904-1,njo0489,1
111904-1,njo0497,1
11198-1,sh0951,1
11198-1,sh1034,1
11199-1,sh1033,1
11199-1,sh1034,1
11200-1,sh1024,1
11200-1,sh1025,1
112005-1,njo0575,1
112005-1,njo0582,1
112006-1,njo0490,1
112006-1,njo0507,1
112007-1,njo0495,1
112007-1,njo0624,1
112008-1,njo0492,1
112008-1,njo0497,1
112109-1,njo0495,1
112109-1,njo0596,1
112110-1,njo0493,1
112110-1,njo0497,1
112111-1,njo0644,1
112111-1,njo0708,1
112112-1,njo0489,1
112112-1,njo0639,1
112113-1,njo0492,1
112113-1,njo0582,1
112114-1,njo0494,1
112114-1,njo0712,1
112215-1,njo0493,1
112215-1,njo0657,1
112216-1,njo0749,1
112216-1,njo0750,1
112217-1,njo0745,1
112217-1,njo0752,1
112218-1,njo0715,1
112218-1,njo0783,1
112219-1,njo0786,1
112219-1,njo0788,1
112220-1,njo0646,1
112220-1,njo0745,1
112221-1,njo0715,1
112221-1,njo0789,1
112322-1,njo0719,1
112322-1,njo0803,1
112323-1,njo0804,1
112323-1,njo0805,1
112324-1,njo0721,1
112324-1,njo0807,1
112325-1,njo0727,1
112325-1,njo0791,1
112326-1,njo0720,1
112326-1,njo0793,1
112327-1,njo0722,1
112327-1,njo0794,1
112328-1,njo0742,1
112328-1,njo0849,1
112402-1,njo0749,1
112402-1,njo0889,1
112403-1,njo0861,1
112403-1,njo0890,1
112404-1,njo0850,1
112404-1,njo0854,1
112405-1,njo0886,1
112405-1,njo0884,1
112406-1,njo0863,1
112406-1,njo0918,1
112429-1,njo0790,1
112429-1,njo0878,1
112501-1,njo0942,1
112501-1,njo0943,1
112502-1,njo0895,1
112502-1,njo0947,1
1166-1,baby013,1
1166-1,baby014,1
1177-1,hol008,1
1180-1,spp001,1
1181-1,spp016,1
1182-1,adv010,1
1183-1,adv021,1
1184-1,cas053,1
1185-1,cas048,1
1186-1,cas056,1
1187-1,cas049,1
1188-1,oct040,1
1189-1,jstr010,1
1190-1,oct043,1
1191-1,jstr007,1
1192-1,baby013,1
1192-1,baby014,1
1193-1,4555pb057,1
1193-1,4555pb068,1
1195-1,lom012,1
1195-1,lom013,1
1196-1,pln165,1
1196-1,tel001s,1
1197-1,pln165,1
1197-1,tel002,1
1197-1,tel003,1
1197-1,tel001s,1
1198-1,pln165,2
1198-1,tel004,1
1198-1,tel001s,2
1199-1,pln165,5
1199-1,pln094,1
1199-1,pln095,1
1199-1,pln104,1
1199-1,tel001s,5
1199-1,tel005s,1
1199-1,tel006s,1
1202-1,30598pb04,1
120438-1,pln102,1
121-1,fab9d,1
121802-1,jw023,1
121904-1,jw023,1
122007-1,jw048,1
122009-1,jw055,1
122112-1,jw068,1
122113-1,jw023,1
122114-1,jw066,1
122116-1,jw076,1
122220-1,jw023,1
122223-1,jw048,1
122224-1,jw077,1
122328-1,jw102,1
122331-1,jw048,1
122332-1,jw118,1
122333-1,jw048,1
122334-1,jw081,1
122403-1,jw048,1
122408-1,jw105,1
122409-1,jw115,1
1239-1,30598pb04,1
1246-1,cop005,1
1247-1,cop026,1
1248-1,firec015,1
1249-1,doc017,1
1250-1,shell006,1
1251-1,shell007,1
1252-1,shell008,1
1253-1,shell008,1
1254-1,par024,1
1254-1,shell009,1
1254-1,shell011,1
1255-1,shell008,1
1255-1,twn001,1
1256-1,shell006,1
1256-1,twn003,1
1261-1,31234pb02,1
1261-1,31233pb02,1
1265-1,spp001,1
1266-1,spp016,1
1269-1,cas058,1
1271-1,adv044,1
1272-1,twn002,1
1273-1,twn010,1
1274-1,rck004,1
1275-1,rck002,1
1276-1,rck003,1
1277-1,rck005,1
1278-1,adv010,1
1279-1,adv020,1
1280-1,adv006,1
128-1,fab11c,1
1281-1,adv014,1
1282-1,twn002,1
1283-1,twn010,1
1284-1,rac020,1
1285-1,twn005a,1
1286-1,cas035,1
1287-1,cas246,1
1288-1,cas248,1
1289-1,cas044,1
1294-1,twn038,1
1295-1,ext019,1
1296-1,con006,1
1297-1,cop041,1
132-1,fab3g,1
132-1,fab9c,1
134-2,fab5h,1
134-2,fab8g,1
1349-1,stu001,1
1349-1,stu002,1
1349-1,stu005,1
1349-1,stu009,1
1349-1,stu010,1
1349-1,stu013a,1
1349-1,rsq015,1
1351-1,stu005,1
1351-1,stu008,1
1351-1,cop005,1
1352-1,stu001,1
1352-1,stu002,1
1352-1,stu008,1
1352-1,soc045,1
1353-1,stu001,1
1353-1,stu008,1
1354-1,stu005,1
1354-1,stu006,1
1355-1,adv010,1
1355-1,stu001,1
1356-1,stu002,1
1356-1,stu003,1
1357-1,stu001,1
1360-1,stu002,1
1361-1,stu001,1
1362-1,stu011,1
1363-1,stu016,1
1370-1,adv010,1
1370-1,stu001,1
1370-1,stu012,1
137-1,fab4g,1
137-1,fab3f,1
137-1,fab7h,1
1371-1,stu001,1
1371-1,stu009,1
1374-1,spd004,1
1374-1,spd005a,1
1375-1,stu001,1
1375-1,spd012,1
1375-1,stu014,1
1376-1,stu002,1
1376-1,stu009,1
1376-1,spd002,1
1376-1,cop025,1
1376-1,spd001a,1
1380-1,hrf006,1
1380-1,hrf002,1
1380-1,hrf011,1
1380-1,hrf009,1
1381-1,hrf002,1
1381-1,hrf005,1
1381-1,hrf010,1
1381-1,hrf012,1
1381-1,hrf008,1
1382-1,gen001,1
1382-1,stu002,1
1382-1,hrf004,1
1382-1,hrf002,1
1382-1,hrf003,1
1382-1,hrf001,1
1383-1,gen001,1
1383-1,hrf007,1
1400-1,4224c02,1
1400-1,4224c01,1
140-1,fab2a,1
140-1,fab5e,1
140-1,fab7e,1
1403-1,4555pb083,1
1404-1,4555pb141,1
1405-1,4555pb065,1
1406-1,6453pb024,1
1407-1,4555pb008,1
1408-1,4555pb033,1
14-1,sp005,2
14-1,sp006,2
1411-1,gen001,1
1411-1,stu001,1
1411-1,stu002,1
1411-1,pi002,1
1413-1,lom013,1
1414-1,lom018,1
1415-1,lom001,1
1416-1,lom002,1
1421-1,stu002,1
1422-1,stu001,1
1423-1,stu011,1
1424-1,stu016,1
1425-1,alp017a,1
1426-1,alp023,1
1427-1,alp020,1
1428-1,soc089,1
1428-2,soc089,1
1429-1,soc098,1
1429-2,soc098,1
1430-1,soc085,1
1430-2,soc085,1
1435-1,js026,1
1436-1,js008,1
1437-1,js027,1
146-1,old013,1
1461-1,zip016,1
1462-1,sp002,1
1463-1,cas114,1
1464-1,pi005,1
1467-1,pln004,1
1468-1,shell013,1
1470-1,shell005,2
147-1,old010,2
1472-1,trn011,1
1472-1,hor004,1
1472-1,ncklc006,1
1472-1,ver014,1
1474-1,4224c02,1
1475-1,air003,1
1475-1,zip027,1
1477-1,s005,1
1478-1,sp033,1
1479-1,sp002,2
1480-1,cas148,1
148-1,old013,1
148-1,old014,1
148-1,old019,1
148-1,old020,1
148-1,old021,1
1481-1,pi043,1
1484-1,hor015,1
1484-1,trn096,1
1489-1,ovr006,1
1489-1,hor017,1
1490-1,cop001,1
1490-1,but013,1
1490-1,ncklc008,1
149-1,old010,3
1491-1,cas142,2
1492-1,pi080,1
1496-1,zip044,1
1497-1,s007,1
1497-1,ovr014,1
1499-1,sp007,2
1503-1,dupfig013,1
1504-2,dupfig007,1
15-1,cas282,2
15-1,cas002,2
15-1,cas003,2
1511-1,4224c01,1
1512-2,4224c02,1
1513-2,4224c01,1
1516-1,fab3d,1
1516-1,fab5c,1
1517-1,zip003,1
1518-1,s002,2
1520-1,pln102,1
1524-1,pln123,1
1525-1,ovr003,1
1526-1,sp007,1
1528-1,zip045,1
1540-1,4555pb163,1
1544-1,dupfig008,1
1544-1,dupfig009,1
1546-1,pln164,1
1547-1,cas157,1
1547-1,cas174,1
1552-1,but006,1
1557-1,sp005,1
1558-1,sp053b,1
1558-1,sp059a,1
1559-1,4555pb183,1
1560-1,zip023,1
1561-1,zip020,1
1562-1,pln047,1
1563-1,pln006,1
1570-1,fab4g,1
1572-1,ovr003,1
1575-2,pln102,1
1577-1,4224c01,1
1580-1,sp004,1
1581-2,jred024,1
1581-2,jred024s,1
1584-1,cas110,1
1584-1,cas120,1
1584-1,cas141,1
1584-1,cas175,1
1584-1,cas188,1
1584-1,cas195,1
1584-1,cas216,1
1584-1,cas220,1
1589-1,pln027,1
1589-1,pln058,1
1589-1,twn019,1
1589-1,pln106,1
1589-1,pln136,1
1589-1,twn017,1
1589-1,twn018,1
1589-1,twn019s,1
1589-1,cop042,1
1589-1,but033,1
1589-2,trn078,1
1589-2,jred019,3
1590-2,trn078,1
1590-2,but027,3
1591-2,2327pb10,1
1591-2,2327pb17,1
1592-1,ncklc004,1
1592-1,twn042,4
1592-1,chef003,1
1592-1,fmf002,1
1592-1,twn012,1
1592-1,trn100,1
1592-1,but030,1
1592-1,old045,1
1592-2,ncklc004,1
1592-2,twn042,4
1592-2,chef003,1
1592-2,fmf002,1
1592-2,twn012,1
1592-2,trn100,1
1592-2,but030,1
1592-2,old045,1
1593-1,sp005,1
1593-1,sp007,1
1596-1,gen002,1
1596-1,cas234,1
1598-1,pln123,1
1601-1,old035,2
1612-1,zip016,1
1613-1,4224c02,1
1613-1,4224c01,1
1614-1,4555pb093,1
1614-1,4555pb155,1
1615-1,pln102,1
1617-1,4224c02,1
1619-1,4224c02,2
1619-1,4224c01,2
1620-1,sp016,1
1620-2,pln024,1
1620-2,pln028,1
1620-2,twn019,1
1620-2,but034s,1
1620-2,twn019s2,1
1621-1,sp014,1
1621-1,sp079,1
1624-1,cas235,1
163-1,old014,2
1635-1,4555pb114,1
1635-1,4555pb156,1
1636-1,4224c02,1
1637-1,4224c02,1
1637-1,4224c01,1
1638-1,pln102,1
164-1,pln019,1
164-1,pln020,1
165-1,pln017,1
165-1,pln018,1
1651-2,jred013,1
1656-1,firec001,1
1656-1,firec016,1
166-1,pln063,1
166-1,trn099,1
1661-2,pln102,1
1662-1,pln022,1
1662-1,pln023,1
1663-1,4224c02,1
1663-1,4224c01,1
1665-1,zip003,1
1665-1,zip016,1
1665-1,pln010,1
1666-1,4224c02,1
167-1,trn099,1
167-1,pln064,1
1672-1,4555pb002,1
1672-1,4555pb085,1
1673-1,4555pb079,1
1680-1,cas128,1
1680-1,cas133,1
1680-1,cas323,1
1682-1,but007,2
1682-1,pln0010,1
1682-1,sp065,1
1685-1,dupfig011,1
1685-1,dupfig014,1
1685-1,dupfig017,2
1685-1,dupfig018,1
1685-1,dupfig019,1
1687-1,jred012,2
1687-1,pln005,1
1694-1,sp002,1
1695-1,cas114,1
1696-1,pi005,1
1702-1,firec006,1
1704-1,sp019,1
1710-1,jbr008,1
1711-1,sp018,1
1712-1,cas013,1
1713-1,pi028,1
1714-1,sp039,1
1728-1,aqu002,1
1730-1,jbr008,1
1731-1,sp018,1
1732-1,cas013,1
1733-1,pi028,1
1735-1,2327pb20,1
1735-1,2327pb26,1
1736-1,cas019,1
1737-1,sp008,1
1737-1,sp012,1
1740-1,pck009,1
1741-1,pln195,1
1742-1,jbr010,1
1744-1,2327pb20,1
1746-1,cas019,1
1747-1,pi033,1
1749-1,aqu002,1
1750-1,zip039,1
1751-1,2327pb22,1
1752-1,cas066,1
1760-1,oct022,1
1761-1,par053,1
1762-1,oct022,1
1772-1,but007,1
1773-1,but007,1
1774-1,air002,1
1774-1,trn070,1
1775-1,air002,1
1775-1,air009,1
1775-1,trn090,1
1782-1,div008,1
1782-1,div012,1
1782-1,div014,1
1782-1,div020,1
1782-1,gen001,1
1786-1,cop011,1
1786-1,cop005,2
1786-1,jail002,1
1787-1,sp048,1
1787-1,sp049,1
1788-1,pi023,1
1788-1,pi032,1
1788-1,pi068,1
1788-1,pi070,1
1789-1,sp048,1
1789-1,sp049,1
1790-1,pck008,1
1791-1,par032,1
1792-1,pln008,1
1793-1,sp048,2
1793-1,sp049,1
1794-1,cas011,1
1795-1,pi065,1
1802-1,pi033,1
1804-1,cas066,1
1806-1,aqu002,1
1807-1,hol006,1
1808-1,pck015,1
1808-1,pln048,1
1811-1,4555pb073,1
1814-1,4555pb076,1
1815-1,par022,1
1815-1,par030,1
1817-1,trn030,1
1817-1,jbr013,1
1817-1,pln097,1
1818-1,air002,1
1818-1,air018,1
1818-1,jbl004,1
1821-1,oct018,1
1821-1,oct024,1
1821-1,oct032,1
1822-1,aqu001,1
1822-1,aqu002,1
1824-1,pln129,1
1831-1,pln053,1
1831-1,msk001,1
1831-2,pln053,1
1831-2,msk001,1
1843-1,cas065,1
1843-1,sp039,1
1845-1,hor015,1
1845-1,pln081,1
1847-1,pln135,1
1853-1,tim003,1
1853-1,tim004,1
1854-1,vel002,1
1854-1,pln054,1
1854-1,vel001,1
1858-1,sp011,1
1860-1,pln148,1
1871-1,pi017,1
1872-1,pi062,1
1872-1,pi065,1
1873-1,pi075,1
1875-1,sp001,1
1876-1,but008,1
1876-1,ovr021,1
1877-1,cas128,1
1877-1,cas133,1
1878-1,pln179,1
1879-1,pln049,1
1879-1,hor016,1
1880-1,hor021,1
1880-1,pln081,1
1881-1,4224c01,1
1882-1,4224c02,1
1882-1,4224c01,1
1887-1,sp002,1
1888-1,gen002,1
1888-1,cas164,1
1889-1,pi080,1
1890-1,zip002,1
1891-1,sp002,1
1891-1,gen002,1
1891-1,cas164,1
1891-1,zip002,1
1891-1,pi080,1
1895-1,cop004,1
1895-1,cop027,1
1896-1,zip008,2
1896-1,zip018,1
1896-1,zip019,1
1896-1,hor015,1
1898-1,zip004,1
1899-1,zip002,1
1906-1,cas014,1
1906-1,cas017,1
1906-1,cas249,1
19-1,dupfig004,1
19-1,dupfig011,1
19-1,dupfig014,1
19-1,dupfig030,1
1916-1,sp037,1
1917-1,cas149,1
1919-1,dupfig003,1
1922-1,2327pb22,1
1945-1,2327pb16,1
1952-1,pln111,1
1952-1,mdf001,1
1954-1,sp039,1
1957-1,dupfig005,1
1957-1,dupfig011,1
1958-1,pck016,1
1958-2,dupfig011,1
1959-1,pln011,1
1959-2,dupfig010,1
1960-2,4224c02,1
1962-1,pln102,1
1963-1,pln102,1
1965-1,pln123,1
1966-1,ovr014,1
1966-1,but012,1
1968-1,sp005,1
1968-1,sp070,1
1969-1,sp037,1
1970-1,pi041,1
1970-1,pi080,1
1971-1,cas152,1
1973-1,air002,1
1973-1,trn070,1
1974-2,zip026,1
1974-3,cas091,1
1974-3,cas240a,1
1974-4,sp050,1
1977-2,2327pb07,1
1990-1,oct011,1
1991-1,s012,1
1992-1,zip003,1
1992-1,zip006,1
20002-1,cty0891,1
20004-1,iaj001,1
2000430-1,47394pb061,2
2000430-1,47394pb076,1
2000430-1,47394pb101,1
2000430-1,47394pb021,2
2000430-1,47394pb203a,2
2000430-2,47394pb203a,2
2000430-2,47394pb288,1
2000430-2,47394pb289,2
2000430-2,47394pb294,1
2000445-1,47205pb026a,1
2000445-1,47205pb039a,1
2000446-1,edu004,1
2000446-1,edu003,1
2000446-2,edu004,1
2000446-2,edu003,1
2000448-1,edu001,1
2000448-1,edu002,1
2000451-1,edu005,1
2000453-1,47205pb042a,1
2000458-1,pln194,1
2000471-1,edu009,1
2000471-1,edu010,1
2000480-1,pln197,1
2000720-1,edu007,1
2000720-1,edu008,1
2000723-1,pln191,1
2000723-1,pln192,1
2000723-1,pln193,1
2000723-1,pln194,1
2000727-1,pln191,1
2000727-1,pln192,1
2000727-1,pln193,1
2000727-1,pln194,1
20017-1,pop017,1
2003-1,baby011,1
2004-1,baby001,1
2005-1,baby001,1
2007-1,baby014,1
2010-1,baby005,1
2011-1,baby013,1
2013-1,baby008,1
2017-1,baby008,1
2018-1,baby008,1
2019-1,baby011,1
20200-1,mba001,1
20203-1,mba002,1
20206-1,mba003,1
20215-1,mba004,1
20215-1,mba005,1
20215-1,mba006,1
2031-1,baby010,1
2039-1,baby009,1
2044-1,baby004,1
2048-1,baby012,1
2048-1,baby017,1
2053-1,dupfig019,1
2055-1,dupfig004,1
2056-1,dupfig015,1
2057-1,dupfig004,1
2064-1,twn028,1
2064-1,doc032,1
2071-1,baby018,1
2076-1,baby011,1
208-1,pln099,1
2082-1,baby002,1
2083-1,baby001,1
2084-1,baby001,1
2086-1,baby005,1
2086-1,baby011,1
2089-1,baby011,1
2090-1,baby001,1
2091-1,baby001,1
2092-1,baby011,1
2098-1,baby015,1
2101-1,baby003,1
2101-2,baby011,1
2106-1,baby012,1
2106-1,baby017,1
21062-1,gen192,1
21062-1,gen193,2
2107-1,baby011,1
2108-1,baby009,1
2109-1,baby013,1
21101-1,idea012,1
21102-1,min002,1
21102-1,min001,1
21103-1,idea001,1
21103-1,idea002,1
21105-1,min004,1
21105-1,min005,1
21106-1,min006,2
21106-1,min007,1
21107-1,min008,4
21108-1,gb002,1
21108-1,gb003,1
21108-1,gb001,1
21108-1,gb004,1
21108-1,gb001i,1
21108-1,gb002i,1
21108-1,gb003i,1
21108-1,gb004i,1
21109-1,idea007,1
21109-1,idea008,1
21110-1,idea010,1
21110-1,idea011,1
21110-1,idea009,1
2111-1,njo0007,1
21113-1,min009,1
21113-1,min010,1
21114-1,min009,1
21114-1,min011,1
21115-1,min009,1
21115-1,min012,1
21116-1,min009,1
21116-1,min011,1
21117-1,min014,3
21117-1,min015,1
21118-1,min010,1
21118-1,min011,1
21118-1,min012,1
21118-1,min013,1
21119-1,min009,1
21119-1,min010,2
21120-1,min009,1
21120-1,min012,1
21120-1,min023,1
2112-1,njo0006,1
21121-1,min011,1
21121-1,min016,1
21121-1,min017,1
21121-1,min018,1
21122-1,min019,1
21122-1,min020,1
21122-1,min021,1
21122-1,min022,1
21123-1,min010,1
21123-1,min017,1
21123-1,min093,1
21124-1,min015,1
21124-1,min024,2
21125-1,min011,1
21125-1,min012,1
21125-1,min016,1
21125-1,min026,1
21126-1,min013,1
21126-1,min025,2
21126-1,min154,1
21127-1,min011,1
21127-1,min031,1
21127-1,min032,1
21127-1,min033,1
21128-1,min009,1
21128-1,min010,1
21128-1,min012,1
21128-1,min017,1
21128-1,min027,1
21128-1,min028,1
21128-1,min029,1
21128-1,min030,1
21128-1,min093,1
21129-1,min012,1
21129-1,min017,1
21130-1,min021,1
21130-1,min042,1
2113-1,njo0001,1
21131-1,min013,1
21131-1,min043,1
21132-1,min011,2
21132-1,min044,1
21133-1,min045,1
21133-1,min046,1
21134-1,min010,1
21134-1,min047,1
21134-1,min048,1
21134-1,min049,1
21135-1,min012,1
21135-1,min056,1
21136-1,min009,1
21136-1,min055,1
21137-1,min049,1
21137-1,min050,1
21137-1,min051,1
21137-1,min052,1
21137-1,min053,1
21137-1,min054,1
21138-1,min009,1
21138-1,min012,1
21138-1,min028,1
21139-1,min021,1
21139-1,min025,1
21139-1,min059,1
21140-1,min017,1
2114-1,njo0021,1
21141-1,min010,1
21141-1,min016,1
21141-1,min057,1
21142-1,min061,1
21142-1,min062,1
21143-1,min022,1
21143-1,min058,1
21143-1,min060,1
21144-1,min009,1
21144-1,min011,1
21144-1,min017,1
21145-1,min063,1
21145-1,min064,1
21146-1,min009,1
21146-1,min011,2
21146-1,min065,1
21147-1,min009,1
21147-1,min010,1
21147-1,min012,1
21147-1,min059,1
2115-1,njo0022,1
21151-1,min066,1
21151-1,min067,1
21152-1,min017,1
21152-1,min068,1
21152-1,min069,1
21153-1,min009,1
21154-1,min025,1
21154-1,min070,1
21154-1,min071,2
21155-1,min009,1
21155-1,min012,1
21155-1,min072,1
21155-1,min073,1
21158-1,min017,1
21159-1,min080,1
21159-1,min081,2
21159-1,min082,1
21160-1,min075,1
21160-1,min076,1
21160-1,min077,1
21160-1,min078,1
21160-1,min079,1
2116-1,njo0010,1
21161-1,min010,1
21161-1,min012,1
21161-1,min013,1
21161-1,min017,1
21162-1,min011,1
21162-1,min074,1
21163-1,min083,1
21163-1,min084,1
21163-1,min085,1
21163-1,min086,1
21164-1,min089,1
21164-1,min088,1
21165-1,min091,1
21165-1,min092,1
21166-1,min009,1
21166-1,min010,1
21167-1,min009,1
21167-1,min011,1
21167-1,min087,1
21168-1,min095,1
21168-1,min096,1
21168-1,min097,1
21169-1,min009,1
21169-1,min011,2
21169-1,min017,1
21170-1,min012,1
21170-1,min017,1
211701-1,sh0318,1
211702-1,sh0354,1
21171-1,min065,1
21171-1,min099,1
21172-1,min025,1
21172-1,min098,1
21173-1,min104,1
21174-1,min010,1
21174-1,min052,1
21174-1,min106,1
21174-1,min107,1
21176-1,min100,1
21176-1,min101,1
21176-1,min103,1
21176-1,min102,1
21176-1,min105,1
21177-1,min009,1
21177-1,min108,1
21178-1,min088,1
21178-1,min110,1
21179-1,min017,1
21179-1,min065,1
21180-1,min109,1
211803-1,sh0312,1
211804-1,sh0306,1
21181-1,min010,1
21181-1,min111,1
21183-1,min011,1
21183-1,min112,1
21183-1,min113,1
21184-1,min012,1
21184-1,min115,1
21184-1,min116,1
21185-1,min117,1
21185-1,min118,1
21185-1,min119,1
21186-1,min010,1
21186-1,min011,2
21186-1,min129,1
21186-1,min130,1
21186-1,min131,1
21187-1,min125,1
21187-1,min126,1
21187-1,min127,1
21188-1,min078,1
21188-1,min120,1
21188-1,min121,1
21188-1,min122,1
21188-1,min123,1
21188-1,min124,1
21189-1,min011,2
21189-1,min065,1
21189-1,min132,1
21190-1,min133,1
21190-1,min134,1
21190-1,min135,1
211901-1,sh0531,1
211902-1,sh0514,1
211903-1,sh0489,1
211904-1,sh0473,1
211905-1,sh0515,1
211906-1,sh0528,1
212007-1,sh0621,1
212008-1,sh0016b,1
212009-1,sh0593,1
212010-1,sh0663,1
212011-1,sh0598,1
212012-1,sh0592a,1
21204-1,fus001,1
21208-1,frnd079,1
212113-1,sh0688,1
212114-1,sh0651,1
212115-1,sh0658,1
212116-1,sh0590,1
212117-1,sh0647,1
212118-1,sh0513,1
212220-1,sh0809,1
212221-1,sh0822,1
212224-1,sh0849,1
212326-1,sh0513,1
212327-1,sh0704,1
212330-1,sh0880,1
21240-1,min010,1
21240-1,min017,1
212401-1,tlm082,1
212402-1,sh0956,1
212405-1,sh0903,1
212406-1,sh0988,1
2124-1,2327pb01,1
21241-1,min127,1
21241-1,min136,1
21242-1,min138,1
21242-1,min137,1
21242-1,min139,1
21243-1,min012,1
21243-1,min140,1
21243-1,min141,1
21244-1,min012,1
21244-1,min032,1
21244-1,min143,1
21244-1,min144,1
21244-1,min145,1
21245-1,min011,1
21245-1,min142,1
21246-1,min147,1
21246-1,min149,1
21246-1,min148,1
21247-1,min088,1
21247-1,min153,1
21248-1,min009,1
21248-1,min150,1
21249-1,min009,1
21249-1,min012,1
21249-1,min017,1
21249-1,min131,1
21250-1,min052,1
21250-1,min065,2
21250-1,min105,1
21250-1,min155,1
21250-1,min156,1
2125-1,2327pb16,1
21251-1,min160,1
21252-1,min157,1
21252-1,min158,1
21253-1,min127,1
21253-1,min159,1
21254-1,min088,1
21254-1,min162,1
21255-1,min163,1
21256-1,min010,1
21256-1,min088,1
21256-1,min161,1
21257-1,min164,1
21257-1,min166,1
21257-1,min165,1
21257-1,min168,1
21259-1,min170,1
21259-1,min171,1
21260-1,min010,1
21260-1,min172,1
2126-1,trn053,1
2126-1,trn056,1
2126-1,trn060,1
2126-1,trn020,1
2126-1,trn103,1
21261-1,min011,1
21261-1,min178,1
21261-1,min179,1
21262-1,min173,1
21262-1,min174,1
21262-1,min175,1
21263-1,min012,1
21263-1,min176,1
21263-1,min177,1
21264-1,min139,1
21264-1,min188,1
21264-1,min189,1
21265-1,min182,1
21265-1,min183,1
21265-1,min184,1
21265-1,min185,1
21265-1,min186,1
21265-1,min187,1
21266-1,min025,1
21266-1,min198,1
21266-1,min197,1
21267-1,min193,1
21267-1,min196,1
21267-1,min194,1
21267-1,min195,1
21268-1,min191,1
21268-1,min192,1
21269-1,min202,1
21270-1,min199,1
21271-1,min011,2
21271-1,min206,1
21271-1,min207,2
21273-1,min208,1
21273-1,min211,1
21273-1,min213,2
21273-1,min212,1
21273-1,min209,1
21273-1,min210,1
21282-1,min011,1
21282-1,min204,1
21282-1,min205,1
21302-1,idea014,1
21302-1,idea013,1
21302-1,idea015,1
21302-1,idea016,1
21302-1,idea017,1
21302-1,idea018,1
21302-1,idea019,1
21304-1,idea020,1
21304-1,idea021,1
21304-1,idea022,1
21304-1,idea023,1
21304-1,idea024,2
21306-1,idea025,1
21306-1,idea026,1
21306-1,idea027,1
21306-1,idea028,1
21306-1,idea029,1
21310-1,idea031,1
21310-1,idea032,1
21310-1,idea033,1
21310-1,idea030,1
21312-1,idea034,1
21312-1,idea035,1
21312-1,idea036,1
21312-1,idea037,1
21314-1,idea038,1
21314-1,idea039,1
21314-1,idea040,1
21315-1,idea041,1
21315-1,idea042,1
21315-1,idea043,1
21315-1,90398pb039,2
21315-1,idea045,1
21316-1,idea044,1
21316-1,idea046,1
21316-1,idea047,1
21316-1,idea048,1
21317-1,idea049,1
21317-1,idea050,1
21318-1,idea053,1
21318-1,idea052,1
21318-1,idea055,1
21318-1,idea054,1
21319-1,idea056,1
21319-1,idea057,1
21319-1,idea058,1
21319-1,idea059,1
21319-1,idea060,1
21319-1,idea061,1
21319-1,idea062,1
21320-1,idea063,1
21320-1,idea064,1
21322-1,gen047,1
21322-1,idea065,1
21322-1,idea067,1
21322-1,idea068,1
21322-1,idea069,1
21322-1,idea070,1
21322-1,idea066,1
21322-1,idea071,1
21322-1,idea072,1
21322-1,gen141,1
21324-1,idea074,1
21324-1,idea077,1
21324-1,idea075,1
21324-1,idea076,1
21324-1,idea073,1
21324-1,idea078,1
21325-1,idea082,1
21325-1,idea083,1
21325-1,idea084,1
21325-1,idea085,1
21326-1,idea086,1
21326-1,idea087,1
21326-1,idea088,1
21326-1,idea089,1
21326-1,idea090,1
21328-1,idea092,1
21328-1,idea093,1
21328-1,idea094,1
21328-1,idea095,1
21328-1,idea096,1
21330-1,idea099,1
21330-1,idea100,1
21330-1,idea101,1
21330-1,idea102,1
21330-1,idea103,1
21331-1,idea104,1
21331-1,idea164,1
21331-1,idea165,1
21331-1,idea166s,1
21331-1,idea164s,1
21333-1,idea106,1
21335-1,idea123,1
21335-1,idea124,1
21336-1,idea107,1
21336-1,idea108,1
21336-1,idea109,1
21336-1,idea110,1
21336-1,idea111,1
21336-1,idea112,1
21336-1,idea113,1
21336-1,idea114,1
21336-1,idea115,1
21336-1,idea116,1
21336-1,idea117,1
21336-1,idea118,1
21336-1,idea119,1
21336-1,idea120,1
21336-1,idea121,1
21337-1,idea139,1
21337-1,idea144,1
21337-1,idea134,1
21337-1,idea135,1
21337-1,idea145,1
21337-1,idea146,1
21337-1,idea127,1
21337-1,idea129,1
21337-1,idea133,1
21337-1,idea125,1
21337-1,idea131,1
21337-1,idea143,1
21337-1,idea141,1
21337-1,idea138,1
21337-1,idea132,1
21337-1,idea137,1
21337-1,idea126,1
21337-1,idea130,1
21337-1,idea140,1
21337-1,idea142,1
21337-1,idea136,1
21337-1,idea128,1
21338-1,idea147,1
21338-1,idea148,1
21338-1,idea149,1
21338-1,idea150,1
21339-1,idea151,1
21339-1,idea152,1
21339-1,idea154,1
21339-1,idea153,1
21339-1,idea155,1
21339-1,idea156,1
21339-1,idea157,1
21341-1,gen047,3
21341-1,idea158,1
21341-1,idea159,1
21341-1,idea160,1
21341-1,idea161,1
21341-1,idea162,1
21341-1,idea163,1
21343-1,idea167,1
21343-1,idea168,1
21343-1,idea169,1
21343-1,idea170,1
21344-1,idea172,1
21344-1,idea173,1
21344-1,idea174,1
21344-1,idea175,1
21344-1,idea177,1
21344-1,idea178,1
21344-1,idea179,1
21344-1,idea176,1
21348-1,gen047,1
21348-1,idea180,1
21348-1,idea181,1
21348-1,idea182,1
21348-1,idea185,1
21348-1,idea184,1
21348-1,idea183,1
21348-1,idea186,2
21348-1,idea187,1
21348-1,idea188,1
21350-1,idea189,1
21350-1,idea190,1
21350-1,idea191,1
21351-1,gen099,1
21351-1,idea192,1
21351-1,idea193,1
21351-1,idea194,1
21351-1,idea195,1
21351-1,idea196,1
21351-1,idea197,1
21351-1,idea198,1
21352-1,idea199,1
21352-1,idea202,1
21352-1,idea201,1
21352-1,idea200,1
21353-1,idea203,1
21353-1,idea204,1
21353-1,idea205,1
21353-1,idea206,1
21353-1,idea207,1
21353-1,idea208,1
21353-1,idea209,1
21353-1,idea210,1
21353-1,idea211,1
21353-1,idea212,1
21353-1,idea213,1
21353-1,idea214,1
21354-1,idea216,1
21354-1,idea217,1
21354-1,idea218,1
21354-1,idea219,1
21354-1,idea220,1
21354-1,idea221,1
21354-1,idea222,1
21355-1,idea223,1
21355-1,idea224,1
21355-1,idea225,1
2140-1,jbl001,2
2140-1,pln013,1
2147-1,pck022,1
2147-1,jstr005,1
2148-1,tel004,1
2148-2,tel004,1
2149-1,pln090,1
2149-1,CL001,1
2150-1,trn054,1
2150-1,trn057,1
2150-1,trn060,1
2150-1,chef005,1
2150-1,trn012,1
2150-1,trn014,1
2150-1,trn029,1
2150-1,trn043,1
2151-1,sp058,1
2152-1,sp035,1
2153-1,sp067,2
2154-1,sp035,2
2160-1,aqu004,1
2161-1,aqu005,1
2162-1,aqu004,1
2162-1,aqu005,1
2170-1,njo0015,1
2171-1,njo0018,1
2172-1,njo0012,1
2173-1,njo0025,1
2174-1,njo0029,1
2175-1,njo0028,1
2181-1,inf001,1
2186-1,fre001,1
2187-1,pln159,1
2188-1,par064,1
2220-1,4555pb016,1
2220-1,4555pb114,2
2221-1,4555pb033,1
2221-1,4555pb089,1
2221-1,6453pb039,1
2221-1,4555pb256,1
2222-1,6453pb010,1
2223-1,6453pb006,1
2223-1,6453pb038,1
2224-1,6453pb004,1
2224-1,6453pb026,1
2230-1,air040,1
2230-1,air041,1
2234-1,soc045,1
2234-1,lea002,1
2234-1,oct018,1
2234-1,cop024,1
2234-1,pck021,1
2245-1,2327pb16,1
2252-1,2327pb01,1
2253-1,6453pb004,1
2253-1,6453pb026,1
2254-1,njo0009,1
2254-1,gen035,1
2255-1,njo0026,1
2256-1,njo0013,1
2257-1,njo0004,1
2257-1,njo0011,1
2258-1,njo0007,1
2258-1,njo0008,1
2259-1,njo0004,1
2259-1,njo0005,1
2260-1,njo0017,1
2260-1,njo0018,1
2261-1,2327pb20,1
2262-1,2327pb16,1
2263-1,njo0004,1
2263-1,njo0006,1
2263-1,njo0019,1
2264-1,2327pb08,1
2266-1,2327pb03,1
2266-1,2327pb22,1
2268-1,6453pb005,1
2269-1,6453pb026,1
2271-1,6453pb018,1
2275-1,2327pb03,1
2276-1,6453pb004,1
2277-1,2327pb20,1
2278-1,6453pb026,1
2279-1,6453pb006,1
2279-1,6453pb038,1
2281-1,2327pb01,1
2281-1,2327pb16,1
2317-1,2327pb27,1
2321-1,2327pb19,1
2324-1,2327pb22,1
2324-1,2327pb30,1
2326-1,2327pb01,1
2326-1,2327pb13,1
2326-1,2327pb16,1
2327-1,2327pb03,1
2330-1,dupfig015,1
2332-1,6453pb006,1
2332-1,4555pb253,1
2341-1,2327pb05,1
2345-1,dupfig011,1
2345-1,dupfig001r,1
2346-1,2327pb11,1
2346-1,2327pb13,1
2349-1,2327pb03,1
2350-1,dupfig008,1
2350-1,dupfig013,1
2355-1,dupfig009,1
2355-1,dupfig010,1
2356-1,2327pb03,1
2356-1,2327pb08,1
2356-1,2327pb22,1
2362-1,2327pb18,1
2362-1,2327pb19,1
2364-1,2327pb05,1
2364-1,2327pb18,1
2366-1,dupfig005,1
2366-1,dupfig011,1
2368-1,2327pb30,1
2370-1,dupfig007,1
2370-1,dupfig011,1
2370-1,dupfig013,1
2370-1,dupfig018,1
2371-1,2327pb07,1
2371-1,2327pb28,1
2371-1,2327pb29,1
2372-1,2327pb05,1
2372-1,2327pb17,1
2378-1,2327pb17,1
2378-1,2327pb28,1
2380-1,2327pb20,1
2380-1,2327pb31,1
2381-1,2327pb04,1
2382-1,2327pb09,1
2382-1,2327pb07,1
2386-1,2327pb21,1
2386-1,2327pb24,1
2386-1,2327pb26,1
2388-1,dupfig013,1
2388-1,dupfig019,1
2388-1,dupfig021,1
2390-1,2327pb06,1
2390-1,2327pb13,1
2391-1,2327pb10,1
2391-1,2327pb15,1
2391-1,2327pb17,1
2392-1,2327pb10,1
2392-1,2327pb15,1
2392-1,2327pb17,1
2393-1,2327pb12,1
2394-1,2327pb01,1
2394-1,2327pb11,1
2396-1,2327pb30,1
2399-1,dupfig007,1
2399-1,dupfig011,1
2399-1,dupfig014,1
2399-1,dupfig001r,1
2400-1,2327pb20,1
2401-1,dupfig029,1
2402-1,dupfig002,1
2403-1,dupfig022,1
2404-1,dupfig010,1
2411-1,dupfig013,1
2411-1,dupfig019,1
2412-1,dupfig011,1
2412-1,dupfig015,1
242001-1,sh0546,1
242002-1,sh0649,1
242003-1,sh0641,1
242104-1,sh0690,1
242105-1,sh0623,1
242106-1,sh0741,1
242107-1,sh0755,1
242108-1,sh0692,1
242109-1,sh0637,1
242210-1,sh0612,1
242211-1,sh0644,1
242212-1,sh0818,1
242213-1,sh0820,1
242214-1,sh0684,1
242215-1,sh0696,1
242216-1,sh0683,1
242217-1,sh0665,1
242316-1,sh0807,1
242317-1,sh0802,1
242318-1,sh0815,1
242319-1,sh0743,1
242320-1,sh0904,1
242321-1,sh0911,1
242401-1,sh0987,1
242402-1,sh0873,1
242403-1,sh0804,1
242404-1,sh0875,1
242405-1,sh0968,1
242406-1,sh0853,1
2424-1,dupfig008,1
2424-1,dupfig021,1
242501-1,sh1035,1
2426-1,dupfig008,1
2426-1,dupfig011,1
2426-1,dupfig014,1
2426-1,dupfig018,1
2430-1,4555pb002,1
2430-1,4555pb085,1
2431-1,4555pb080,1
2432-1,31181pb03,1
2432-1,6453pb015,1
2432-1,4555pb080,1
2433-1,4555pb088,1
2433-1,31181pb05,1
2434-1,4555pb024,1
2434-1,4555pb118,1
2435-1,4555pb087,1
2435-1,4555pb088,1
2435-1,6453pb033,1
2435-1,31181pb04,1
2436-1,31181pb03,1
2436-1,4555pb080,1
2436-1,6453pb030,1
2436-1,6453pb031,1
2437-1,4555pb024,1
2437-1,4555pb118,1
2438-1,4555pb024,1
2438-1,31181pb03,1
2438-1,4555pb118,1
2438-1,6453pb030,1
2438-1,6453pb031,1
2438-1,4555pb257,1
2442-1,dupfig011,1
2442-1,dupfig018,1
2443-1,2327pb04,1
2444-1,2327pb25,1
2445-1,2327pb11,1
2446-1,dupfig010,1
2447-1,2327pb07,1
2447-1,2327pb35,1
2450-1,dupfig025,1
2450-1,dupfig030,1
2451-1,2327pb33,1
2451-1,2327pb34,1
2452-1,2327pb10,1
2452-1,2327pb29,1
2454-1,dupfig008,1
2454-1,dupfig021,1
2455-1,2327pb05,1
2455-1,2327pb14,1
2458-1,dupfig005,1
2458-1,dupfig024,1
2459-1,2327pb23,1
2459-1,2327pb26,1
2459-1,2327pb29,1
2467-1,2327pb22,1
2493-1,6453pb005,1
2504-1,njo0001,1
2504-1,njo0002,1
2504-1,njo0003,1
2505-1,njo0007,1
2505-1,njo0008,1
2505-1,njo0012,1
2505-1,njo0013,1
2505-1,njo0014,1
2505-1,njo0020,1
2506-1,njo0001,1
2506-1,njo0004,1
2506-1,njo0013,1
2506-1,njo0027,1
2507-1,njo0001,1
2507-1,njo0012,1
2507-1,njo0013,1
2507-1,njo0014,1
2507-1,njo0009,1
2507-1,njo0024,1
2507-1,njo0026,1
2508-1,njo0007,1
2508-1,njo0024,1
2509-1,njo0015,1
2509-1,njo0027,1
2516-1,njo0006,1
2518-1,njo0003,1
2518-1,njo0009,1
2519-1,njo0016,1
2519-1,gen035,6
2520-1,njo0008,1
2520-1,njo0015,1
2521-1,njo0016,1
2521-1,njo0024,1
2521-1,njo0026,1
2521-1,njo0030,1
2522-1,baby024,1
2526-1,baby011,1
2531-1,trn107,1
2531-1,trn108,1
2532-1,air002,1
2532-1,pck010,1
2532-1,pln012,1
2535-1,jstr009,1
2536-1,div002a,1
2537-1,ext004,1
2538-1,cas029,1
2539-1,cas022a,1
2540-1,cas022a,1
2541-1,adv003,1
2542-1,adv009,1
2543-1,sp047,1
2550-1,dupfig005,1
2551-1,4555pb049,1
2551-1,4555pb014,1
2552-1,4555pb004,1
2552-1,4555pb108,1
2553-1,4555pb009,1
2554-1,rac001,1
2554-1,rac002,2
2554-1,rac003,1
2554-1,rac004,1
2555-1,belvfemale03,1
2555-1,belvfemale11,1
2580-1,6453pb011,1
2580-1,4555pb078,1
2580-1,4555pb075,1
2580-1,6453pb010,1
2580-1,4555pb089,1
2584-1,bikerb,1
2585-1,trn067,1
2585-1,trn102,1
2586-1,cas205,1
2587-1,baby010,1
2589-1,baby008,1
2591-1,baby011,1
2591-1,baby013,1
2592-1,baby006,1
2592-1,baby007,1
2593-1,baby006,1
2594-1,baby006,1
2594-1,baby007,1
2599-1,4555pb106,1
2599-1,4555pb167,1
2600-1,4555pb035,1
2600-1,6453pb002,1
2602-1,6453pb001,1
2602-1,4555pb145,1
2603-1,4555pb035,1
2603-1,4555pb145,1
2604-1,6453pb001,1
2604-1,4555pb035,1
2604-1,6453pb002,1
2604-1,4555pb145,1
2605-1,6453pb001,1
2605-1,4555pb035,1
2605-1,6453pb002,1
2605-1,4555pb145,1
2606-1,4555pb027,1
2607-1,4555pb068,1
2608-1,4555pb033,1
2608-1,6453pb010,1
2608-1,6453pb024,1
2608-1,4555pb187,1
2608-1,4555pb212,1
2608-1,4555pb213,1
2609-1,4555pb069,1
2610-1,4555pb221,1
2610-1,4555pb146,1
261-1,pln103,1
2611-1,4555pb162a,1
2612-1,4555pb169,1
2613-1,4555pb125,1
2614-1,4943pb002,1
2614-1,4555pb160,1
2615-1,4943pb001,1
2615-1,4555pb124,1
2616-1,4555pb073,1
2617-1,4555pb199,1
2618-1,4555pb094,1
2619-1,4555pb115,1
2620-1,dupfig025,1
2621-1,4555pb245,1
2621-2,dupfig012,1
2622-1,dupfig032,1
2623-1,dupfig023,1
2624-1,dupfig029,1
2625-1,dupfig003,1
2626-1,4555pb157,1
2627-1,dupfig026,1
2628-1,4555pb086a,1
2629-1,4555pb086a,1
2629-1,4555pb086,1
2630-1,dupfig034,1
2630-1,dupfig040,1
2630-1,dupfig044,1
2630-2,4555pb020,1
2630-2,4555pb032,1
2630-2,4943pb009,1
2631-1,4555pb215,1
2632-1,4555pb180,1
2634-1,4555pb216,1
2635-1,dupfig016,1
2636-1,4555pb216,1
2637-1,4555pb162a,1
2638-1,4555pb159,1
2639-1,4555pb159,1
2639-1,4555pb164,1
2640-1,dupfig031,1
2640-1,dupfig040,1
2641-1,dupfig033,1
2641-2,4555pb215,1
2642-1,dupfig013,1
2642-1,dupfig015,1
2642-1,dupfig019,1
2642-1,dupfig030,1
2643-1,4555pb126,1
2643-1,4555pb161,1
2644-1,dupfig030,1
2644-1,dupfig037,1
2645-1,dupfig005,1
2645-1,dupfig015,1
2645-1,dupfig001r,1
2645-1,dupfig019,1
2645-1,dupfig024,1
2645-1,dupfig039,1
2646-1,4555pb216,1
2647-1,4555pb222,1
2647-1,4555pb180,1
2648-1,dupfig015,1
2648-1,dupfig040,1
2649-1,4555pb126,1
2649-1,4555pb161,2
2650-1,dupfig006,1
2650-1,dupfig011,1
2650-1,dupfig014,1
2650-1,dupfig015,1
2650-1,dupfig001r,1
2650-2,4555pb183,1
2650-2,4555pb110,1
2651-1,4555pb002,1
2651-1,4555pb085,1
2651-1,4555pb036a,1
2651-1,4555pb036,1
2652-1,4555pb001,1
2652-1,4943pb013,1
2652-1,4555pb036a,1
2652-1,4555pb036,1
2652-1,4555pb113,1
2652-1,4555pb113a,1
2654-1,4555pb061,1
2654-1,4555pb266,1
2655-1,4555pb222,1
2655-1,4555pb180,1
2655-1,4555pb221,1
2655-1,4555pb146,1
2656-1,4555pb117,1
2656-1,4943pb012,1
2656-1,4555pb160,1
2657-1,4555pb121,1
2657-1,4555pb155,1
2658-1,4555pb114,3
2658-1,4555pb156,1
2661-1,4555pb079,1
2662-1,4555pb079,1
2663-1,4555pb078,1
2664-1,4555pb079,1
2665-1,6453pb039,1
2665-1,4555pb243,1
2666-1,4555pb023,1
2667-1,4555pb078,1
2667-1,4555pb133,1
2668-1,4555pb023,1
2669-1,4555pb013,1
2669-1,4555pb023,1
2669-1,4555pb079,1
2669-1,4943pb003,1
2669-1,4555pb166,1
2670-1,4555pb078,1
2670-1,6453pb018,1
2670-1,4555pb133,1
2670-1,4555pb190,1
2670-1,4555pb192,1
2671-1,4555pb066,1
2671-1,4555pb112,1
2672-1,4555pb061,2
2672-1,4555pb252,1
2673-1,4555pb064,1
2674-1,4555pb167,1
2674-1,4555pb248,1
2675-1,4555pb062,1
2676-1,4555pb107,1
2677-1,4555pb176,2
2678-1,4555pb046,1
2678-1,4555pb020,1
2678-1,4555pb105,1
2679-1,4555pb057,1
2679-1,4555pb046,1
2679-1,4555pb010,1
2680-1,4555pb008,1
2680-1,6453pb016,1
2680-1,4555pb128,1
268-1,soc033,1
268-1,pln107,1
2681-1,4555pb073,1
2681-1,4555pb039,1
2682-1,4555pb016,1
2682-1,4555pb129,1
2682-1,6453pb043,1
2683-1,4555pb063,1
2683-1,4555pb018,1
2683-1,4555pb053,1
2684-1,4555pb055,1
2685-1,4555pb078,1
2685-1,6453pb018,1
2685-1,4555pb015,1
2685-1,4555pb133,1
2687-1,4555pb168,1
2687-1,4555pb170,1
2687-1,4555pb171,1
2688-1,6453pb011,1
2688-1,4555pb016,1
2688-1,4555pb089,1
2688-1,4555pb128,1
2688-1,4555pb129,1
2689-1,4555pb073,1
2689-1,4555pb039,1
2689-1,4555pb255,1
2690-1,4555pb045,1
269-1,pln108,1
269-1,pln108s,1
2691-1,4555pb045,1
2692-1,4555pb045,1
2692-1,4555pb214,1
2693-1,4555pb045,1
2693-1,4555pb043,1
2693-1,4555pb214,1
2694-1,4555pb008,1
2694-1,6453pb014,1
2694-1,4555pb071,1
2695-1,6453pb011,1
2696-1,4555pb100,1
2697-1,4555pb071,1
2699-1,4555pb008,1
2699-1,6453pb005,1
2699-1,6453pb014,1
2699-1,4555pb071,1
2700-1,4555pb164,1
2701-1,4555pb142,1
2701-1,4555pb117a,1
2704-1,4555pb043,1
2705-1,4555pb164,1
2705-1,4555pb177,1
2706-1,4555pb155,1
271601-1,nex037,1
271603-1,nex036,1
271605-1,nex052,1
271608-1,nex058,1
271608-1,nex057,1
271611-1,nex063,1
271712-1,nex073,1
271714-1,nex085,1
271716-1,nex089,1
271718-1,nex115,1
271720-1,nex119,1
271722-1,nex124,1
2718-1,air002,1
2718-1,pck010,1
2718-1,pln012,1
271824-1,nex139,1
271825-1,nex144,1
271826-1,nex145,1
271827-1,nex132,1
271828-1,nex146,1
271829-1,nex147,1
271830-1,nex148,1
271831-1,nex149,1
271832-1,nex150,1
2720-1,4555pb076,1
2730-1,4555pb117,1
2730-1,4555pb124,1
2731-1,4555pb027,1
2732-1,4555pb155,1
2732-1,4555pb166,1
2732-1,4555pb132,1
2733-1,4555pb155,1
2741-1,4555pb075,1
2741-1,4555pb089,1
2745-1,4555pb075,1
2745-1,4555pb019,1
2745-1,4555pb027,1
2750-1,4555pb013,1
2750-1,4943pb003,1
2750-1,4555pb131,1
2750-1,4943pb011,1
2750-1,4555pb149,1
2750-1,4555pb142a,1
2752-1,4943pb002,1
2752-1,4555pb174,1
2754-1,4555pb254,1
2756-1,4555pb047,1
2758-1,4555pb160,1
2761-1,6453pb013,1
2761-1,6453pb022,1
2762-1,6453pb006,1
2762-1,4555pb127,1
2762-1,6453pb029,1
2769-1,lea007,1
2769-1,jbr014,1
2770-1,4943pb003a,1
2770-1,4943pb003,1
2770-1,4943pb011a,1
2770-1,4943pb011,1
2770-1,4555pb013a,1
2770-1,4555pb013,1
2770-1,4555pb142a,1
2770-1,4555pb142,1
2770-1,4555pb131a,1
2770-1,4555pb131,1
2771-1,4943pb001,1
2771-1,4943pb006,1
2771-1,4943pb010,1
2771-1,4555pb166,1
2771-1,4555pb132,1
2771-1,4555pb172,1
2771-1,4555pb008b,1
2772-1,4555pb020,1
2772-1,4555pb032,1
2772-1,4943pb003,1
2772-1,4943pb008,1
2772-1,4943pb007,1
2772-1,4943pb006,1
2772-1,4943pb004,1
2772-1,4943pb005,1
2772-1,4555pb119,1
2772-1,4555pb120,1
2772-1,4555pb122,1
2772-1,4555pb123,1
2773-1,4943pb001,1
2773-1,4555pb166,1
2773-1,4555pb132,1
2774-1,tel004,1
2774-1,airdg001,1
2774-1,air025,1
2775-1,4943pb010,1
2776-1,4943pb006,1
2777-1,4555pb172,1
2778-1,4555pb008b,1
2780-1,4943pb006,1
2780-1,4943pb010,1
2780-1,4555pb172,1
2780-1,4555pb008b,1
2781-1,6453pb006,1
2781-1,4555pb127,1
2783-1,4555pb191,1
2784-1,4555pb127,1
2784-1,6453pb032,1
2785-1,4555pb246,1
2786-1,4555pb084,1
2787-1,4555pb097,1
2787-1,6453pb027,1
2788-1,4555pb116,1
2789-1,6453pb022,1
2789-1,4555pb098,1
2790-1,6453pb006,1
2790-1,6453pb029,1
2791-1,6453pb013,1
2791-1,6453pb029,1
2792-1,4555pb084,1
2792-1,4555pb111,1
2794-1,4555pb098,1
2794-1,6453pb027,1
2794-1,4555pb116,1
2795-1,4555pb098,1
2795-1,4555pb127,1
2796-1,4555pb084,1
2796-1,6453pb029,1
2796-1,6453pb055,1
2797-1,6453pb004,1
2799-1,4555pb100,1
2803-1,6453pb001,1
2803-1,6453pb002,1
2805-1,6453pb014,1
2805-1,6453pb046,1
2806-1,6453pb002,1
2807-1,4555pb038,1
2808-1,4555pb038,1
2811-1,4555pb043,1
2811-1,4555pb063,1
2811-1,4555pb018,1
2811-1,4555pb053,1
2814-1,4555pb038,2
2814-1,4555pb077,1
2815-1,6453pb026,1
2817-1,6453pb011,1
2817-1,6453pb024,1
2817-1,4555pb089,1
2818-1,4555pb033,1
2818-1,4555pb008,1
2818-1,6453pb010,1
2818-1,6453pb038,1
2819-1,4555pb038,1
2821-1,4555pb035,1
2821-1,6453pb002,1
2821-1,4555pb145,1
2821-1,6453pb025,1
2825-1,31233pb04,1
2825-1,31234pb03,1
2827-1,31231pb01,1
2827-1,31231pb02,1
2827-1,31231pb05,1
2827-1,31232pb02,1
2827-1,31232pb03,1
2828-1,31232pb03,1
2828-1,31234pb01,1
2829-1,31233pb04,1
2829-1,31231pb02,1
2830-1,31231pb01,1
2830-1,31232pb01,1
2831-1,31231pb04,1
2831-1,31232pb04,1
2832-1,31234pb02,1
2832-1,31233pb02,1
2833-1,31234pb02,1
2833-1,31233pb01,1
2834-1,31231pb03,1
2834-1,31233pb03,1
2834-1,31234pb03,1
2834-1,31234pb04,1
2838-1,31181pb03,1
2838-1,6453pb015,1
2838-1,4555pb080,1
2838-1,6453pb031,1
2845-1,ww019,1
2846-1,ww016,1
2847-1,sp046,1
2848-1,cas022a,1
2849-1,oct021,1
2851-1,4555pb035,1
2852-1,4555pb035,1
2852-1,4555pb145,1
2853944-1,gen030,1
2855-1,baby002,1
2856197-1,sw0315,1
2858-1,belvfemale73,1
2858-1,belvfemale73a,1
2865-1,6453pb004,1
2865-1,6453pb026,1
2866-1,6453pb004,1
2866-1,6453pb026,1
2870-1,par003,1
2871-1,div017b,1
2872-1,cas215,1
2879-1,adv009,1
2879-1,gen001,1
2879-1,adv038,1
2879-1,adv039,1
2879-1,adv040,1
2881-1,jbl008,1
2882-1,trn092,1
2884-1,pln070,1
2885-1,par041,1
2887-1,jbl005,1
2889-1,cas114,1
2890-1,cas149,1
2891-1,cas019,1
2892-1,cas066,1
2893-1,6453pb004,1
2904-1,4555pb042,1
2907-1,fre001,1
2907-1,pck025,1
2909-1,4555pb101,1
2910-1,4555pb199,1
2912-1,4555pb026,1
2913-1,4555pb037,1
2913-1,4555pb139,1
2914-1,4555pb091,1
2914-1,4555pb138,1
2914-1,4555pb182,1
2915-1,4555pb076,1
2916-1,4555pb109,1
2917-1,4555pb244,1
2920-1,4555pb102,1
2925-1,4555pb263,1
2928-1,air032,1
2928-1,air033,1
2928-2,air032,1
2928-2,air033,1
2930-1,4555pb102,1
2930-1,4555pb199,1
2931-1,4555pb259,1
2932-1,4555pb075,1
2932-1,4555pb015,1
2932-1,6453pb016,1
2933-1,4555pb076,1
2933-1,4555pb095,1
2933-1,4555pb096,1
2935-1,4555pb045,2
2935-1,4555pb043,1
2936-1,6453pb006,1
2936-1,4555pb096,1
2936-1,4555pb190,1
2937-1,4555pb167,1
2938-1,4555pb071,1
2940-1,4555pb114,1
2940-1,4555pb156,1
2942-1,4555pb033,1
2942-1,4555pb008,1
2942-1,6453pb024,1
2942-1,6453pb026,1
2945-1,4555pb244,1
2945-1,4555pb262,1
2946-1,4555pb182,1
2947-1,4555pb138,1
2949-1,4555pb091,1
2950-1,4555pb102,1
2950-1,4555pb199,2
2951-1,31312pb02,1
2951-1,31310pb02,1
2952-1,31312pb04,1
2952-1,31310pb03,1
2953-1,31312pb01,1
2953-1,31310pb01,1
2955-1,31312pb03,1
2955-1,31310pb04,1
2960-1,4555pb076,1
2960-1,4555pb077,1
2962-1,rsq002,1
2962-1,rsq009a,1
2963-1,ext018,1
2964-1,sp030,1
2965-1,sp026,1
2965-1,sp032,1
2967-1,6453pb033,1
2968-1,4555pb253,1
297-1,pln112,1
2971-1,4555pb064,1
2974-1,baby019,1
2975-1,tigger,1
2976-1,piglet,1
2977-1,Eeyore,1
2979-1,pooh,1
2981-1,pooh,1
2982-1,pooh,1
2982-1,Eeyore,1
2983-1,pooh,1
2983-1,tigger,1
2984-1,pooh,1
2984-1,piglet,1
2985-1,pooh,1
2985-1,tigger,1
2987-1,pooh,1
2987-1,tigger,1
2987-1,Eeyore,1
2987-1,piglet,1
2988-1,pooh,1
2988-1,Eeyore,1
2988-1,piglet,1
2989-1,pooh,1
2989-1,piglet,1
2990-1,pooh,1
2990-1,tigger,1
2991-1,pooh,1
2993-1,pooh,1
2993-1,tigger,1
2993-1,Eeyore,1
2995-1,adv006,1
2995-1,gen006,1
2996-1,adv021,1
2996-1,adv038,1
2997-1,2327pb01,1
2998-1,oct028,1
30000-1,doc034,1
30001-1,cty0043,1
30002-1,cty0174,1
30003-1,cty0159,1
30004-1,sw0001b,1
30005-1,sw0188,1
30006-1,sw0201,1
30010-1,cty0173,1
30011-1,cty0197,1
30012-1,cty0196,1
30013-1,cty0198,1
30014-1,cty0228,1
30015-1,cty0250,1
30015-1,cty0250a,1
30015-1,cty0249,1
30015-1,cty0249a,1
30016-1,cty0384,1
30017-1,cty0306,1
30018-1,cty0267,1
30019-1,cty0323,1
30031-1,wr026,1
30032-1,wr025,1
30042-1,atl006,1
30058-1,sw0001b,1
30060-1,47394pb115,1
30061-1,cas461,1
30062-1,cas474,1
30063-1,47394pb137,1
30063-1,47205pb024,1
30064-1,47394pb144,1
30066-1,47394pb152,1
30066-1,47394pb151,1
30066-1,47394pb153,1
30067-1,47394pb167,1
30070-1,toy006,1
30071-1,toy001,1
30072-1,toy003,1
30073-1,toy004,1
30080-1,njo0001,1
30081-1,njo0023,1
30082-1,njo0004,1
30083-1,njo0007,1
30084-1,njo0004,1
30085-1,njo0034,1
30086-1,njo0053,1
30087-1,njo0054,1
30088-1,njo0033,1
30090-1,pha001,1
30091-1,pha009,1
30100-1,frnd014,1
30101-1,frnd016,1
30102-1,frnd017,1
30103-1,frnd011,1
30105-1,frnd008,1
30106-1,frnd011,1
30107-1,frnd014,1
30108-1,frnd016,1
30110-1,hp116,1
30111-1,hp094,1
30112-1,frnd070,1
30113-1,frnd065,1
30114-1,frnd087,1
30115-1,frnd048,1
30116-1,dp010,1
30120-1,crs112,1
3012-1,sp043,1
30121-1,crs109,1
3013-1,sp039,1
30131-1,poc011,1
30132-1,poc029,1
30133-1,poc024,1
30140-1,ac005,1
3014-1,sp018,1
30141-1,ac014,1
30150-1,twn163,1
3015-1,sp037,1
30151-1,cty0310,1
30152-1,cty0311,1
30160-1,sh0016a,1
3016-1,cas053,1
30163-1,sh0018,1
30164-1,sh0039,1
30165-1,sh0034,1
30166-1,sh0011,1
30167-1,sh0015,1
30168-1,sh0084,1
30170-1,85863pb061,1
30170-1,85863pb062,1
3017-1,cas048,1
3018-1,cas056,1
3019-1,cas049,1
3019-2,cas049,1
30196-1,rac051,1
30196-1,rac053,1
30196-1,rac052,1
30196-1,rac051s,1
30196-1,rac052s,1
30196-1,rac053s,1
30200-1,mof012,1
302001-1,dp078a,1
302003-1,dp095a,1
302005-1,dp096,1
302006-1,dp077,1
302006-1,38014pb01,1
302007-1,moa004,1
3020-1,adv010,1
30201-1,gen044,1
30202-1,frnd105,1
30203-1,frnd095,1
30204-1,frnd106,1
30205-1,frnd132,1
30210-1,lor002,1
302102-1,dp103a,1
302104-1,dp095b,1
302105-1,dp156,1
302105-1,dp157,1
302106-1,dp154,1
302108-1,dp155,1
302109-1,dp114,1
3021-1,adv021,1
30211-1,lor008,1
30212-1,lor026,1
30213-1,lor001,1
30215-1,lor035,1
30216-1,lor086,1
30220-1,cty0382,1
3022-1,adv009,1
30221-1,cty0369,1
30222-1,cty0359,1
30224-1,cty0388,1
30225-1,cty0474,1
30226-1,cty0482,1
30227-1,cty0463,1
30227-1,cty0488,1
30228-1,cty0465,1
30229-1,cty0483,1
30230-1,gs011,1
3023-1,adv038,1
30231-1,gs009,1
30250-1,loc014,1
30251-1,loc009,1
30252-1,loc004,1
30253-1,loc017,1
30254-1,loc002,1
30255-1,loc013,1
30256-1,loc127,1
30259-1,elf003,1
30260-1,tlr001,1
30261-1,tlr002,1
30262-1,loc031,1
30263-1,loc053,1
30264-1,loc105,1
30265-1,loc100,1
30266-1,loc111,1
30270-1,tnt022,1
30271-1,tnt003,1
30280-1,tlm066,1
30281-1,tlm027,1
30282-1,tlm046,1
3029-1,2327pb01,1
30291-1,njo0115,1
30292-1,njo0137,1
30293-1,njo0117,1
30294-1,njo0141,1
30302-1,sh0038,1
30303-1,sh0005,1
30305-1,sh0038,1
30310-1,cty0509,1
30311-1,cty0535,1
30312-1,cty0549,1
30313-1,cty0556,1
30314-1,cty0389a,1
30315-1,cty0568,1
30324-1,47394pb214,1
30324-1,47394pb169,1
30324-1,47394pb174,1
30324-1,47205pb045,1
30326-1,47205pb058,1
30326-1,47205pb059,1
30328-1,47394pb262,1
30328-1,47394pb265,1
30331-1,min009,1
30331-1,min090,1
30338-1,cty0741,1
30339-1,cty0888,1
30340-1,tlm142,1
30341-1,mk007,1
30346-1,cty0383a,1
30347-1,cty0635,1
30348-1,cty0636,1
30349-1,cty0634,1
30350-1,cty0685,1
30351-1,cty0739,1
30352-1,cty0748,1
30353-1,cty0807,1
30354-1,cty0747,1
30355-1,cty0808,1
30356-1,cty0878,1
30357-1,cty0889,1
30357-1,cty0925,1
30358-1,cty0874,1
30359-1,cty0852,1
30360-1,cty0903,1
3036-1,2327pb01,1
30361-1,cty0965,1
30362-1,cty0988,1
30362-1,cty1003,1
30363-1,cty1002,1
30364-1,cty0982,1
30365-1,cty1027,1
30366-1,cty1090,1
30367-1,cty1148,1
30368-1,cty1157,1
30369-1,cty1149,1
30370-1,cty1173,1
30371-1,nex024,1
30372-1,nex036,1
30373-1,nex024,1
30374-1,nex026,1
30375-1,elf017,1
30376-1,nex039b,1
30377-1,nex019,1
30378-1,nex072,1
3038-1,tech007,1
3038-1,tech013a,1
30385-1,mar0061,1
30387-1,mnn015,1
30389-1,mar0021,1
30390-1,jw101,1
3039-1,adv009,1
30391-1,dp107,1
30392-1,hp315,1
30393-1,min009,1
30393-1,min012,1
30394-1,min011,1
30394-1,min017,1
30396-1,frnd090,1
30397-1,dp017,1
30398-1,frnd144,1
30399-1,frnd171,1
30400-1,frnd193,1
3040-1,twn036,1
30401-1,frnd204,1
30402-1,frnd211,1
30403-1,frnd235,1
30405-1,frnd258,1
30406-1,uni03,1
30407-1,hp150,1
30409-1,frnd303,1
30410-1,frnd337,1
30412-1,frnd241,1
30413-1,frnd314,1
30413-1,frnd418,1
30414-1,frnd465,1
30416-1,frnd409,1
30416-1,frnd418,1
30420-1,hp150,1
30421-1,njo0196,1
30422-1,njo0198,1
30423-1,njo0203,1
30424-1,njo0142,1
30424-1,njo0272,1
30425-1,njo0302,1
30425-1,njo0303,1
30426-1,njo0304,1
30432-1,min017,1
30435-1,hp350,1
30443-1,sh0782,1
30447-1,sh0177,1
30448-1,sh0038,1
30451-1,sh0038,1
30452-1,sh0575,1
30453-1,sh0554,1
30453-1,sh0605,1
30454-1,sh0700,1
30460-1,tlm144,1
30463-1,hs057,1
30464-1,hs042,1
3047-1,tim005,1
30473-1,rac061,1
3048-1,6453pb004,1
3048-2,6453pb005,1
3049-1,6453pb006,1
3050-1,cas050,2
3050-1,cas057,1
30509-1,mar0111,1
3051-1,cas050,2
3052-1,cas050,2
3052-1,cas051,1
30522-1,sh0318,1
30523-1,sh0354,1
30527-1,tlm117,1
30528-1,tlm106,1
30529-1,tlm125,1
30530-1,njo0429,1
30530-1,njo0430,1
3053-1,cas050,2
3053-1,cas057,1
3053-1,cas058,1
30531-1,njo0414,1
30532-1,njo0425,1
30534-1,njo0514,1
30535-1,njo0513,1
30537-1,njo0595,1
30539-1,njo0681,1
30546-1,shg025,1
30547-1,njo0488,1
3055-1,adv010,1
30551-1,dp022,1
30552-1,dp053,1
30553-1,dp071,1
30554-1,dp095a,1
30555-1,twt005,1
30558-1,dp118,1
30559-1,dp153,1
3056-1,oct044,1
30562-1,gen047,2
30562-1,mk065,1
30566-1,cty1237,1
30567-1,cty1263,1
30568-1,cty1238,1
30569-1,cty1239,1
30570-1,cty1292,1
30585-1,cty1399,1
30588-1,cty1332,1
30588-1,cty1333,1
30589-1,cty1432,1
30590-1,cty1478,1
3059-1,spp017,1
30593-1,njo0715,1
30602-1,sw0722,1
30603-1,sh0266,1
30604-1,sh0301,1
30605-1,sw0716,1
30606-1,sh0294,1
30607-1,sh0376,1
30607-1,sh0377,1
30608-1,njo0426,1
30609-1,njo0374,1
30610-1,sh0448,1
3061-1,frnd013,1
3061-1,frnd014,1
30612-1,sh0419,1
30614-1,sh0519,1
30615-1,incr010,1
30617-1,sh0527,1
30620-1,tlm105,1
30623-1,sh0586,1
30624-1,sw1069,1
30625-1,sw1198,1
30628-1,hp262,1
3063-1,frnd008,1
30633-1,frnd583,1
30635-1,frnd660,1
30636-1,drm013,1
30638-1,cty1570,1
30639-1,cty1594,1
30640-1,cty1593,1
30646-1,dp171,1
30647-1,min009,1
30647-1,min012,1
30650-1,njo0811,1
30650-1,njo0821,1
3065-1,frnd010,1
30651-1,hp418,1
30652-1,sh0802,1
30653-1,sh0880,1
30656-1,mk132,1
30658-1,frnd617,1
30660-1,drm061,1
3066-1,spp015,1
30661-1,dis143,1
30662-1,ani007,1
30663-1,cty1722,1
30664-1,cty1730,1
30665-1,cty1780,1
3067-1,spp014,1
30671-1,dis153,1
30672-1,min009,1
30675-1,njo0894,1
30675-1,njo0895,1
30676-1,son014,1
30677-1,hp254,1
30678-1,mnn016,1
30679-1,sh0542,1
3068-1,spp001,1
3069-1,spp016,1
30693-1,cty1853,1
30694-1,cty1849,1
30695-1,dp205,1
30696-1,frnd771,1
30697-1,frnd772,1
30698-1,drm069,1
3070-1,sp020,1
30702-1,mar0208,1
30703-1,ani019,1
30705-1,min011,1
30705-1,min017,1
30706-1,hp538,1
30706-1,hp539,1
30707-1,sh0542,1
30707-1,sh0684,1
3071-1,sp032,1
3072-1,sp023,1
3073-1,sp022,1
3074-1,cas050,1
3075-1,cas051,1
3076-1,cas058,1
3077-1,cas057,1
3083-1,4555pb043,1
3083-1,4555pb044,1
3085-1,6453pb006,1
3085-1,4555pb077,1
3085-1,4555pb067,1
3085-1,4555pb070,1
3085-1,4555pb070a,1
3087-1,6453pb028,1
3088-1,4555pb006,1
3089-1,6453pb012,1
3089-1,4555pb202,1
3090-1,31181pb01,1
3090-1,4555pb074,1
3090-1,6453pb017,1
3090-1,6453pb007,1
3091-1,4555pb056,1
3092-1,4555pb150,1
3092-1,4555pb264,1
3093-1,6453pb004,1
3093-1,6453pb016,1
3093-1,4555pb089,1
3093-1,6453pb026,1
3095-1,6453pb004,1
3095-1,4555pb189,1
3095-1,4555pb188,1
31009-1,pln172,1
31010-1,pln173,1
31012-1,twn185,1
31012-1,twn186,1
31025-1,pln175,1
31025-1,pln175a,1
31026-1,twn212,1
31026-1,twn213,1
31026-1,twn211,1
31026-1,twn211a,1
3103-1,x30,1
31035-1,twn225,1
31035-1,twn226,1
31036-1,twn217,1
31036-1,twn224,1
31038-1,twn246,1
31038-1,twn247,1
3104-1,scaFemA01,1
31048-1,twn255,1
31050-1,twn254,1
31050-1,twn253,1
3105-1,scaFemY04,1
31051-1,twn262,1
31051-1,twn263,1
31052-1,twn260,1
31052-1,twn261,1
31053-1,twn266,1
31053-1,twn267,1
3106-1,scaFemY05,1
31063-1,twn284,1
31063-1,twn285,1
31064-1,twn286,1
31065-1,twn276,1
31065-1,twn277,1
31066-1,twn303,1
31067-1,twn296,1
31067-1,twn297,1
31068-1,twn299,1
31068-1,twn300,1
31069-1,twn301,1
31069-1,twn302,1
31069-1,twn298,1
3107-1,scaFemY01,1
31075-1,twn307,1
31076-1,twn306,1
31077-1,twn338,1
31077-1,twn339,1
31077-1,twn340,1
31078-1,twn342,1
31078-1,twn343,1
31079-1,twn314,1
31079-1,twn315,1
31080-1,twn316,1
31080-1,twn317,1
31081-1,cty0819,1
31081-1,twn305,1
31083-1,twn335,1
31083-1,twn336,1
31083-1,twn337,1
31084-1,gen047,1
31084-1,twn329,1
31084-1,twn330,1
31084-1,twn331,1
31084-1,twn332,1
31085-1,twn333,1
31085-1,twn334,1
31093-1,twn362,1
31093-1,twn363,1
31094-1,twn364,1
31095-1,twn377,1
31095-1,twn378,1
31095-1,twn376a,1
31095-1,twn376b,1
31096-1,twn375,1
31097-1,twn368,1
31097-1,twn369,1
31097-1,twn370,1
31098-1,twn371,1
31098-1,twn372,1
31104-1,twn379,1
31104-1,twn380,1
31105-1,twn381,1
31105-1,twn382,1
31107-1,twn400,1
31108-1,twn397,1
31108-1,twn398,1
31108-1,twn399,1
31109-1,gen047,1
31109-1,pi185,1
31109-1,pi186,1
31109-1,pi187,1
31111-1,twn401,1
31116-1,twn409,1
31116-1,twn410,1
31117-1,twn411,1
31118-1,twn407,1
31118-1,twn408,1
31119-1,twn412,1
31119-1,twn413,1
31119-1,twn414,1
31119-1,twn415,1
31119-1,twn416,1
31120-1,gen047,1
31120-1,cas554,1
31120-1,cas555,1
31120-1,cas556,1
3112-1,x4cx02,1
31130-1,twn428,1
31130-1,twn429,1
31131-1,twn430,1
31131-1,twn431,1
31132-1,vik038,1
31132-1,vik039,1
31132-1,vik040,1
31132-1,vik041,1
31138-1,twn461,1
31138-1,twn462,1
31139-1,cty1582,1
31139-1,cty1583,1
31139-1,cty1584,1
31141-1,twn473,1
31141-1,twn471,1
31141-1,twn472,1
31141-1,twn474,1
31141-1,twn475,1
31141-1,twn476,1
31142-1,col414,1
31142-1,twn477,1
31142-1,twn478,1
31142-1,twn479,1
31142-1,twn480,1
31142-1,twn481,1
31153-1,twn505,1
31153-1,twn506,1
3116-1,scaFemY01,1
3117-1,scaFemY04,1
3117-1,x4cx02,1
3118-1,scaFemA03,1
3119-1,scaFemA05,1
3119-1,x30,1
3119-1,x4cx01,1
3121-1,x4cx01,1
3122-1,scaFemY07,1
3123-1,scaFemY03,1
3126-1,2327pb01,1
3130-1,x4cx02,1
3132-1,scaFemY04,1
3133-1,scaFemY01,1
3134-1,scaFemY05,1
3135-1,scaFemA05,1
3136-1,x30,1
314-1,old009,2
3142-1,scaFemY05,1
3142-1,22447,1
3143-1,scaFemY04,1
3148-1,scaFemY02,1
3148-1,23048,1
3149-1,scaFemA05,1
3149-1,x30,1
3149-1,23047a,1
3149-1,23047c,1
3149-1,23047b,1
3149-1,x4cx02,1
3149-1,x4cx01,1
3151-1,scaFemY03,1
3151-1,23049,1
3152-1,x4cx01,1
3155-1,scaFemA05,1
3158-1,x30,1
3160-1,baby021,1
3162-1,baby022,1
3177-1,twn096,1
3178-1,cty0163,1
3179-1,cty0110,1
3179-1,cty0110a,1
3180-1,oct054,1
3181-1,cty0168,1
3181-1,air043,1
3181-1,twn053,1
3181-2,cty0168,1
3181-2,air043,1
3181-2,twn053,1
3182-1,cty0113,1
3182-1,cty0169,1
3182-1,air044,1
3182-1,twn107,1
3182-1,air045,1
3183-1,frnd008,1
3184-1,frnd017,1
3184-1,frnd021,1
3185-1,frnd011,1
3185-1,frnd025,1
3185-1,frnd026,1
3185-1,frnd028,1
3186-1,frnd027,1
3187-1,frnd011,1
3187-1,frnd012,1
3188-1,frnd015,1
3188-1,frnd016,1
3189-1,frnd016,1
3189-1,frnd020,1
3200-1,scaFemY04,1
3200-1,71520,1
320-1,4224c01,1
3201-1,scaFemA04,1
3201-1,71519,1
3202-1,scaFemY06,1
3202-1,71518,1
3203-1,scaFemY01,1
3203-1,71713,1
3204-1,scaFemA05,1
3204-1,x4cx01,1
3205-1,scaFemY01,1
3205-1,72053,1
3206-1,scaFemY04,1
3206-1,72055,1
3220-1,x30,1
3220-1,72056,1
3221-1,cty0177,1
3221-1,cty0178,1
3222-1,air042,1
3222-1,cty0172,1
3222-1,twn052,1
3222-1,cty0169,1
3225-1,trn055,1
3225-1,trn059,1
3225-1,trn031,1
3226-1,fre001,1
3226-1,pck025,1
3233-1,tim005,1
3234-1,trn136,1
3240-1,scaFemY01,1
324-1,fab12d,1
3241-1,scaFemA02,1
3241-1,x4cx02,1
3241-1,71289a,1
3241-1,71289b,1
3242-1,scaFemY01,1
3242-1,71287,1
3243-1,scaFemA03,1
3243-1,x4cx02,1
3243-1,71289b,1
325-1,4224c02,1
325-2,fab11a,1
3270-1,scaFemY04,1
327-1,4224c01,1
3271-1,4555pb030,1
3272-1,btb012,1
3273-1,4555pb030,1
3273-1,btb006,1
3274-1,4555pb030,1
3274-1,btb010,1
3274-1,btb004,1
3275-1,4555pb030,1
3276-1,4555pb030,1
3276-1,4555pb092,1
3276-1,btb012,1
3276-1,btb010,1
3278-1,4555pb021,1
3279-1,4555pb030,1
328-1,fab9d,1
3281-1,4555pb082,1
3282-1,4555pb031,1
3283-1,btb008,1
3283-1,btb011,1
3283-1,4555pb134,1
3284-1,4555pb030,1
3285-1,4555pb134,1
3286-1,4555pb082,1
3288-1,47394pb029,1
3288-1,btb001,1
3289-1,btb009,1
3289-1,btb011,1
3289-1,47394pb047,1
3290-1,x30,1
3290-1,scaFemA03,1
3290-1,x4cx01,1
329-2,fab1a,1
3292-1,btb008,1
3292-1,47394pb029,1
3293-1,btb005,1
3294-1,btb009,1
3294-1,47394pb029,1
3295-1,btb011,1
3295-1,47394pb047,1
3296-1,47394pb029,1
3296-1,btb014,1
3297-1,btb012,1
3297-1,47394pb029,1
3297-1,btb002,1
3298-1,btb003,1
3299-1,btb008,1
3299-1,47394pb029,1
3299-1,btb013,1
3300002-1,hol013,1
3300014-1,hol024,1
3300014-1,hol025,1
3300014-1,hol026,1
3300014-1,hol027,1
3300020-1,twn152,1
3300-1,tms11,1
330-1,4224c02,1
330-1,4224c01,1
3301-1,tms01,1
3301-1,tms02,1
3303-1,pln091,3
3303-1,soc112s,2
3303-1,soc113s,1
3304-1,soc095,1
3305-1,pln055,1
3305-2,pln055,1
3305-3,pln055,1
3306-1,pln092,1
3306-1,pln093,1
3308-1,oct035,1
3308-1,pln014,1
3308-1,twn013,1
3309-1,trn015,1
3309-1,jbl006,1
3309-1,trn086,1
3310-1,pck011,1
3310-1,trn085,1
3311-1,tv002,1
3311-1,tv003,1
3312-1,soc057,1
3312-1,soc058,1
3313-1,ovr001,1
3314-1,cop005,1
3314-1,trn087,1
3314-1,cop028,1
3314-1,cop029,1
3315-1,frnd017,1
3315-1,frnd018,1
3315-1,frnd019,1
3317-1,pln102,1
3318-1,soc038,1
3320-1,pln102,1
3323-1,pln102,1
3324-1,pln055,1
3325-1,4555pb040,1
3325-1,4555pb051,1
3325-1,4555pb052,1
3325-1,4555pb179,1
3326-1,4555pb081,1
3327-1,4555pb028,1
3327-1,6453pb020,1
333-1,4224c02,1
333-1,4224c01,1
3335-1,4555pb051,1
3335-1,4555pb052,1
3335-1,4555pb081,1
3340-1,sw0003,1
3340-1,sw0004,1
3340-1,sw0041,1
3340-1,sw0066,1
3341-1,sw0002,1
3341-1,sw0044,1
3341-1,sw0045,1
3342-1,sw0005,2
3342-1,sw0011,1
3343-1,sw0048,1
3343-1,sw0001a,2
3344-1,cas209,1
3345-1,cas048,1
3345-1,cas211,1
3345-1,cas210,1
3346-1,cas203,1
3346-1,cas212,1
3346-1,cas206,1
3347-1,rck006,1
3348-1,rck002,1
3348-1,rck005,1
3348-1,rck007,1
3349-1,rck008,1
3349-1,rck009,1
3349-1,rck010,1
3350-1,doc010,1
3350-1,firec014,1
3350-1,cop040,1
3351-1,con001,1
3351-1,con005,1
3351-1,con006,1
3352-1,tms03,1
3353-1,47394pb096,1
3353-1,tms04,1
3354-1,tms05,1
3365-1,cty0221,1
3366-1,cty0224,1
3367-1,cty0223,1
3368-1,cty0226,1
3368-1,twn135,1
3368-1,cty0227,1
3368-1,cty0225,1
3368-1,cty0225a,1
337-1,4224c02,1
337-1,4224c01,1
3380-1,adv037,1
3381-1,adv025,1
338-2,fab11c,1
3382-1,adv050,1
3383-1,chef010,1
3384-1,trn002,1
3385-1,trn075,1
3386-1,ixs003,1
3387-1,ixs008,1
3388-1,ixs001,1
3389-1,gg010,1
3390-1,nba055,1
3391-1,alp017a,1
340-1,4224c02,1
340-1,4224c01,1
3401-1,soc043,1
3401-1,soc059,1
3401-2,soc044,1
3401-2,soc059,1
3402-1,soc004,1
3402-1,soc005,1
3403-1,soc006,1
3403-1,soc007,1
3403-1,soc046,1
3404-1,soc012,1
3404-1,soc019,1
3404-1,soc025,1
3404-1,soc031,1
3404-1,soc041,1
3404-1,pln102,1
3404-1,soc012s01,1
3404-1,soc031s01,1
3404-1,pln102s01,1
3404-1,soc019s01,1
3404-1,soc025s01,1
3404-1,soc041s01,1
3404-1,soc012s02,1
3405-1,soc013,1
3405-1,soc020,1
3405-1,soc026,1
3405-1,soc032,1
3405-1,soc038,1
3405-1,soc042,1
3406-1,soc008,1
3406-1,soc015,1
3406-1,soc021,1
3406-1,soc027,1
3406-1,soc033,1
3406-1,soc039,1
3406-1,soc008s01,1
3406-2,soc008,1
3406-2,soc103,1
3406-2,soc104,1
3406-2,soc105,1
3406-2,soc169,1
3406-2,soc170,1
3407-1,soc011,1
3407-1,soc018,1
3407-1,soc024,1
3407-1,soc030,1
3407-1,soc036,1
3407-1,soc040,1
3407-1,soc011s06,1
3407-1,soc011s01,1
3407-1,soc018s01,1
3407-1,soc024s01,1
3407-1,soc030s01,1
3407-1,soc036s01,1
3407-1,soc040s01,1
3407-1,soc018s02,1
3407-1,soc024s02,1
3407-1,soc030s02,1
3407-1,soc036s02,1
3407-1,soc040s02,1
3407-1,soc011s02,1
3407-1,soc011s03,1
3407-1,soc011s04,1
3407-1,soc011s05,1
3407-1,soc018s03,1
3407-1,soc024s03,1
3407-1,soc030s03,1
3407-1,soc036s03,1
3407-1,soc040s03,1
3407-1,soc018s04,1
3407-1,soc024s04,1
3407-1,soc030s04,1
3407-1,soc036s04,1
3407-1,soc040s04,1
3407-1,soc018s05,1
3407-1,soc024s05,1
3407-1,soc030s05,1
3407-1,soc036s05,1
3407-1,soc040s05,1
3408-1,soc001,1
3408-1,soc047,1
3408-1,soc048,1
3408-1,soc045,1
3408-1,rsq011,1
3409-1,soc009,1
3409-1,soc010,1
3409-1,soc016,1
3409-1,soc017,1
3409-1,soc022,1
3409-1,soc023,1
3409-1,soc028,1
3409-1,soc029,1
3409-1,soc034,1
3409-1,soc035,1
3409-1,soc092,1
3409-1,soc096,1
3409-2,soc095,5
3410-1,soc003,1
3410-1,soc149,1
3410-1,soc151,1
3410-1,soc150,1
3411-1,soc013,1
3411-1,soc020,1
3411-1,soc026,1
3411-1,soc032,1
3411-1,soc038,1
3411-1,soc042,1
341-2,fab3g,1
341-2,fab9c,1
3412-1,soc043,1
3413-1,soc010,1
3414-1,soc003,1
3416-1,soc050,1
3416-1,soc052,1
3416-1,soc051,1
3416-1,soc053,1
3416-1,soc054,1
3416-1,soc097,1
3418-1,soc043,1
3419-1,soc003,1
3420-1,soc055,1
3420-1,soc081,1
3420-1,soc082,1
3420-1,soc083,1
3420-1,soc084,1
3420-1,soc085,1
3420-1,soc086,1
3420-1,soc087,1
3420-1,soc088,1
3420-1,soc089,1
3420-1,soc090,1
3420-1,soc098,1
3420-2,soc055,1
3420-2,soc081,1
3420-2,soc082,1
3420-2,soc083,1
3420-2,soc084,1
3420-2,soc085,1
3420-2,soc086,1
3420-2,soc087,1
3420-2,soc088,1
3420-2,soc089,1
3420-2,soc090,1
3420-2,soc098,1
3420-3,soc055,1
3420-3,soc061,1
3420-3,soc062,1
3420-3,soc066,1
3420-3,soc067,1
3420-3,soc068,1
3420-3,soc098,1
3420-3,soc101,1
3420-3,soc102,1
3420-3,soc103,1
3420-3,soc104,1
3420-3,soc105,1
3420-4,soc055,1
3420-4,soc081,1
3420-4,soc082,1
3420-4,soc083,1
3420-4,soc084,1
3420-4,soc085,1
3420-4,soc086,1
3420-4,soc087,1
3420-4,soc088,1
3420-4,soc089,1
3420-4,soc090,1
3420-4,soc098,1
3421-1,soc055,1
3421-1,soc082,1
3421-1,soc088,1
3421-1,soc090,1
3421-1,soc094,1
3421-1,soc098,1
3422-1,soc055,1
3422-1,soc083,1
3422-2,soc055,1
3422-2,soc083,1
3422-2,soc111,1
3423-1,soc085,1
3423-1,soc098,1
3424-1,soc091,1
3425-1,soc055,1
3425-1,soc061,1
3425-1,soc062,1
3425-1,soc063,1
3425-1,soc064,1
3425-1,soc065,1
3425-1,soc066,1
3425-1,soc067,1
3425-1,soc068,1
3425-1,soc069,1
3425-1,soc070,1
3425-1,soc071,1
3425-1,soc072,1
3425-1,soc073,1
3425-1,soc074,1
3425-1,soc075,1
3425-1,soc076,1
3425-1,soc077,1
3425-1,soc078,1
3425-1,soc079,1
3425-1,soc080,1
3425-1,soc098,1
3425-2,soc055,1
3425-2,soc081,1
3425-2,soc082,1
3425-2,soc083,1
3425-2,soc084,1
3425-2,soc085,1
3425-2,soc086,1
3425-2,soc087,1
3425-2,soc088,1
3425-2,soc089,1
3425-2,soc090,1
3425-2,soc091,1
3425-2,soc094,1
3425-2,soc098,1
3425-2,soc106,1
3425-2,soc135,1
3425-2,soc136,1
3425-2,soc137,1
3425-2,soc138,1
3425-2,soc139,1
3425-2,soc140,1
3425-2,soc141,1
3426-1,soc011,1
3426-1,soc018,1
3426-1,soc024,1
3426-1,soc030,1
3426-1,soc036,1
3426-1,soc040,1
3427-1,nba027,1
3428-1,nba025,1
3428-1,nba026,1
3429-1,nba028,1
3429-1,nba029,1
3430-1,nba042,1
3430-1,nba044,1
3431-1,nba030,1
3431-1,nba031,1
3431-1,nba032,1
3431-1,nba033,1
3432-1,nba025,1
3432-1,nba027,1
3432-1,nba028,1
3432-1,nba029,1
3432-1,nba041,1
3432-1,nba042,1
3432-1,nba043,1
3432-1,nba044,1
3432-1,nba045,1
3432-1,nba046,1
3433-1,nba008,1
3433-1,nba018,1
3433-1,nba034,1
3433-1,nba035,1
3433-1,nba036,1
3433-1,nba037,1
3433-1,nba038,1
3433-1,nba039,1
3433-1,nba040,1
3433-1,nba047,1
3438-1,pln054,1
3438-1,trn095,1
3438-1,chef015s,1
3439-1,twn006,1
3439-1,oct016,1
3440-1,nba042,1
3440-1,nba044,1
344-2,fab5h,1
344-2,fab8g,1
3442-1,pck013,1
347-2,4224c02,1
347-2,4224c01,1
347-3,fab4g,1
347-3,fab3f,1
347-3,fab7h,1
3500-1,nba001,1
350-2,4224c02,2
350-2,4224c01,2
350-3,fab2a,1
350-3,fab5e,1
350-3,fab7e,1
3509-1,4555pb141,1
3529-1,nba006,1
3530-1,nba023,1
3535-1,gg001,1
3536-1,gg002,1
3536-1,gg002s,1
3537-1,gg003,1
3537-1,gg004,1
3538-1,gg005,1
3538-1,gg006,1
3538-1,gg005s,1
3538-1,gg006s,1
3548-1,nba027a,1
3548-2,nba027a,1
3549-1,nba048,1
3549-2,nba048,1
3550-1,nba044a,1
3550-2,nba044a,1
355-2,4224c02,1
355-2,4224c01,1
3560-1,nba004,1
3560-1,nba005,1
3560-1,nba006,1
3561-1,nba022,1
3561-1,nba023,1
3561-1,nba024,1
3562-1,nba007,1
3562-1,nba008,1
3562-1,nba009,1
3563-1,nba001,1
3563-1,nba002,1
3563-1,nba003,1
3564-1,nba010,1
3564-1,nba011,1
3564-1,nba012,1
3565-1,nba016,1
3565-1,nba017,1
3565-1,nba018,1
3566-1,nba019,1
3566-1,nba020,1
3566-1,nba021,1
3567-1,nba013,1
3567-1,nba014,1
3567-1,nba015,1
3568-1,soc133,1
3568-1,soc134,1
3568-1,soc133s,1
3568-1,soc134s,1
3569-1,soc119,1
3569-1,soc118,1
3569-1,soc120,1
3569-1,soc121,1
3569-1,soc122,1
3569-1,soc123,1
3569-1,soc124,1
3569-1,soc125,1
3569-1,soc126,1
3569-1,soc127,1
3569-1,soc114,1
3569-1,soc115,1
3569-1,soc116,1
3569-1,soc117,1
3569-1,soc114s,1
3569-1,soc115s,1
3569-1,soc117s,1
3569-1,soc116s,1
3569-1,soc124s,1
3569-1,soc123s,1
3569-1,soc125s,1
3569-1,soc126s,1
3569-1,soc127s,1
3569-1,soc118s,1
3569-1,soc119s,1
3569-1,soc120s,1
3569-1,soc121s,1
3569-1,soc122s,1
3570-1,soc130,1
3570-1,soc131,1
3570-1,soc129,1
3570-1,soc128,1
3570-1,soc128s,1
3570-1,soc129s,1
3570-1,soc130s,1
3570-1,soc131s,1
3573-1,soc132,1
3573-1,soc132s,1
3578-1,hky002,1
3578-1,hky003,1
3578-1,hky004,1
3578-1,hky005,1
3578-1,hky006,1
3578-1,hky007,1
3578-1,hky008,1
3578-1,hky001,1
3579-1,hky009,1
3579-1,hky010,1
3584-1,nba027,1
3585-1,gg008,1
3585-1,gg009,1
3585-1,gg008s,1
3585-1,gg009s,1
3586-1,4555pb153,1
3587-1,4555pb197,1
3588-1,4555pb196,1
3589-1,4555pb140,1
3590-1,4555pb178,1
3594-1,47394pb029,1
3594-1,btb013,1
3595-1,btb012,1
3596-1,btb009,1
3597-1,btb008,1
3597-1,47394pb029,1
3597-1,btb007,1
3601-1,fab5b,1
3602-1,fab7b,1
3603-1,fab2c,1
3604-1,fab8c,1
3605-1,fab12d,1
3605-2,6453pb035,1
3605-2,6453pb037,1
3606-1,6453pb023,1
3607-1,4555pb135,1
3608-1,4555pb007,1
3608-1,6453pb021,1
3608-1,6453pb023,1
3608-1,6453pb034,1
3609-1,6453pb034,1
3610-1,6453pb008,1
3611-1,4555pb206,1
361-2,but022,1
3612-1,4555pb103,1
3612-1,4555pb104,1
3613-1,4555pb151,1
3613-1,4555pb251,1
3614-1,4555pb041,1
3614-1,4555pb193,1
3614-1,4555pb201,1
3615-1,fab11a,1
3615-2,4555pb054,1
3615-2,4555pb072,1
3615-2,31181pb02,1
3615-2,6453pb019,1
3615-2,6453pb009,1
3616-1,4555pb053,1
3616-1,4555pb059,1
3616-1,4555pb090,1
3617-1,6453pb036,1
3617-1,6453pb040,1
3617-1,4555pb175,1
3618-1,6453pb021,1
3618-1,4555pb137,1
3618-1,4555pb152,1
3619-1,4555pb034,1
3619-1,4555pb017,1
3619-1,4555pb060,1
3619-1,4555pb029,1
3619-1,4555pb040,1
3619-1,4555pb007,1
3619-1,6453pb008,1
3620-1,4555pb022,1
3620-1,4555pb028,1
3620-1,6453pb020,1
3620-1,6453pb003,1
362-1,old014,1
362-1,old015,1
3621-1,4555pb005,1
3621-1,4555pb025,1
3622-1,fab6f,1
3622-1,fab7g,1
3623-1,fab3h,1
3623-1,fab14b,1
3624-1,fab3c,1
3625-1,fab4f,1
3626-1,fab12a,1
3627-1,fab3c,1
3628-1,fab8d,1
3628-1,fab10a,1
3629-1,fab1c,1
3630-1,fab4f,1
363-1,old004,1
363-1,old006,3
363-1,old021,1
363-1,old022,1
363-1,old023,1
363-1,old046s,1
363-1,old047s,3
3631-1,fab8e,1
3631-1,fab11d,1
3633-1,fab12g,1
3634-1,fab4e,1
3635-1,fab3c,1
3636-1,fab7d,1
3637-1,fab5g,1
3638-1,fab2h,1
3639-1,fab2b,1
3639-1,fab4b,1
364-1,old001,1
364-1,old004,1
364-1,old005,1
364-1,old007,2
364-1,old009,2
3641-1,fab14a,1
3642-1,fab2h,1
3643-1,fab2b,1
3643-1,fab4b,1
3644-1,fab7f,1
3644-1,fab8a,1
3645-1,fab3d,1
3645-1,fab4c,1
3645-1,fab7f,1
3646-1,fab3h,1
3646-1,fab12g,1
3647-1,fab3d,1
3647-1,fab4c,1
3647-1,fab7f,1
3648-1,cty0240,1
3648-1,cty0241,1
3648-1,cty0242,1
3650-1,baby008,1
365-1,old037,1
365-1,old040,1
365-1,old041,1
365-1,old042,1
365-1,old043,1
365-1,old044,1
365-1,old050,1
365-1,old051,1
3651-1,baby010,1
3651-1,baby013,1
365-2,4224c02,1
3654-1,fab7a,1
3655-1,4555pb136,1
3655-1,4555pb198,1
3656-1,4555pb143,1
3656-1,4555pb144,1
3656-1,4555pb147,1
3656-1,4555pb148,1
3657-1,4555pb136,1
3657-1,4555pb194,2
3657-1,4555pb250,1
3658-1,cty0040,1
3658-1,cty0098,1
3658-1,cty0230,1
3658-1,cty0231,1
3659-1,fab3d,1
3659-1,fab9b,1
3660-1,fab5d,1
366-1,4224c02,1
366-1,4224c01,1
3661-1,cty0217,1
3661-1,cty0218,1
3661-1,cty0219,1
3661-1,cty0220,1
3661-1,cty0220a,1
3662-1,fab6f,1
3662-1,fab8b,1
3663-1,fab7d,1
3663-1,fab9b,1
3664-1,fab2a,1
3664-1,fab2b,1
3665-1,fab4a,1
3665-1,fab6d,1
3666-1,fab1b,1
3666-1,fab9c,1
3667-1,fab5e,1
3667-1,fab11e,1
3668-1,fab9b,1
3668-1,fab12b,1
3668-1,fab5c,1
3669-1,fab2a,1
3669-1,fab2g,1
3669-1,fab12c,1
3670-1,fab1b,1
3670-1,fab1c,1
3671-1,fab4d,1
3671-1,fab9a,1
3671-1,fab9c,1
3672-1,fab3g,1
3672-1,fab4g,1
3672-1,fab8f,1
3673-1,fab8h,2
3673-1,fab12e,1
3674-1,fab3d,1
3674-1,fab5c,1
3675-1,fab5f,1
3675-1,fab6f,1
3675-1,fab2j,1
3676-1,fab3d,1
3676-1,fab3h,1
3676-1,fab5c,1
3676-1,fab4h,1
3677-1,trn226,1
3677-1,trn230,1
3677-1,trn231,1
3677-1,trn232,1
3678-1,fab5b,1
3678-1,fab7e,1
3678-1,fab6a,1
3678-1,fab7h,1
3679-1,fab6c,1
3679-1,fab9g,1
3680-1,fab3d,1
3680-1,fab12g,1
3680-1,fab5i,1
368-1,old020,1
368-1,old024,1
3681-1,fab3g,1
3681-1,fab5e,1
3681-1,fab8f,1
3681-1,fab12h,1
3682-1,fab2f,1
3682-1,fab2i,2
3683-1,fab4c,1
3683-1,fab5f,1
3683-1,fab7d,1
3683-1,fab9b,1
369-1,old008,5
369-1,old008s,5
3695-1,fab1b,4
3695-1,fab2d,5
3695-1,fab3g,4
3695-1,fab4g,3
3695-1,fab5b,4
3695-1,fab5e,3
3695-1,fab5g,3
3695-1,fab7e,4
3695-1,fab9c,5
3695-1,fab10a,4
3695-1,fab12c,4
3695-1,fab11b,2
3695-1,fab6e,4
3695-1,fab3c,4
3695-1,fab11e,5
3695-1,fab6a,4
3695-1,fab8f,5
3695-1,fab7h,5
3695-1,fab2l,3
3695-1,fab14a,5
3696-1,45219c03,1
3697-1,45219c02,1
3698-1,45219c01,1
3699-1,45219c04,1
3700-1,45219c01,1
3700-1,45219c02,1
3700-1,45219c04,1
370-1,old009a,4
3701-1,fab3i,1
3701-1,fab3e,1
3703-1,fab11f,1
3704-1,fab9f,1
3706-1,fab5a,1
3707-1,fab4a,1
3708-1,fab3a,1
3709-1,fab6b,1
3710-1,fab10b,1
3711-1,fab11d,1
3712-1,fab3b,1
371-3,old002,2
3713-1,fab8e,1
3714-1,fab8i,1
3715-1,fab6e,1
3716-1,fab5e,1
3717-1,fab9e,1
3718-1,fab3d,1
3719-1,fab9b,1
3721-1,fab4c,1
373-1,old014,3
3739-1,cas204,1
3739-1,cas207,1
374-1,firec019,1
374-1,fire005,3
374-1,fire005s,3
374-1,firec019s,1
375-2,cas082a,7
375-2,cas083a,1
375-2,cas084a,1
375-2,cas085a,1
375-2,cas086a,1
375-2,cas087a,1
375-2,cas088a,1
375-2,cas081a,1
375-2,cas081s,1
375-2,cas082s,7
375-2,cas083s,1
375-2,cas084s,1
375-2,cas085s,1
375-2,cas086s,1
375-2,cas087s,1
375-2,cas088s,1
376-2,pln024,1
376-2,pln046,1
3762-1,2327pb01,1
3770-1,47394pb048,1
377-1,trn109,1
377-1,pln107,1
377-1,shell001a,1
377-1,shell004a,1
3771-1,47394pb015,1
3771-1,47394pb051,1
3772-1,47394pb046,1
3772-1,47394pb062,1
3772-1,47394pb063,1
3772-1,47394pb001,1
3778-1,47394pb038,1
3778-1,47394pb040,1
3781-1,fab9a,1
3782-1,fab10c,1
3784-1,fab11b,1
3786-1,fab2c,1
3787-1,fab6e,1
3788-1,fab14a,1
3789-1,fab2b,1
379-1,trn098,2
379-1,but025,1
379-1,but026,1
3791-1,fab12f,1
3792-1,fab7a,1
3793-1,fab2c,1
3794-1,fab2b,1
3795-1,fab3g,1
3796-1,fab11g,1
3797-1,fab2f,1
3798-1,fab6f,1
381-2,cop001,1
381-2,cop003,2
381-2,but022,1
3815-1,bob025,1
3815-1,bob026,1
3815-1,bob027,1
3816-1,bob028,1
3816-1,bob029,1
3816-1,bob030,1
3816-1,bob031,1
3817-1,bob032,1
3817-1,bob033,1
3817-1,bob034,1
3818-1,bob035,1
3818-1,bob036,1
3818-1,bob038,1
3818-1,bob037,1
3825-1,bob001,1
3825-1,bob003,1
3825-1,bob005,1
3826-1,bob024s,1
3827-1,bob001,1
3827-1,bob002,1
3827-1,bob003,1
3828-1,ava001,1
3828-1,ava002,1
3828-1,ava003,1
3828-1,ava004,1
3829-1,ava001,1
3829-1,ava003,1
3829-1,ava004,1
3829-1,ava006,1
3829-1,ava007,1
3830-1,bob001,1
3830-1,bob002,1
3830-1,bob015,1
3831-1,bob012,1
3831-1,bob013,1
3831-1,bob014,1
383-2,cas076,1
383-2,cas077,1
383-2,cas079,1
383-2,cas230,2
383-2,cas007,1
3832-1,bob002,1
3832-1,bob016,1
3832-1,bob017,1
3832-1,bob017b,1
3833-1,bob021,1
3833-1,bob022,1
3833-1,bob023,1
3834-1,bob002,1
3834-1,bob019,1
3834-1,bob020,1
3838-1,85863pb001,1
3838-1,85863pb002,1
3838-1,85863pb003,1
3838-1,85863pb004,1
3840-1,gen026,1
3841-1,85863pb015,3
3841-1,85863pb016,3
3841-1,85863pb017,3
3841-1,85863pb018,3
3842-1,85863pb012,4
3842-1,85863pb013,1
3842-1,85863pb014,1
3843-1,85863pb005,8
3843-1,85863pb006,1
3843-1,85863pb007,1
3843-1,85863pb008,1
3843-1,85863pb009,1
3843-1,85863pb010b,1
3844-1,game008,1
3844-1,85863pb011,1
3846-1,85863pb028,1
3847-1,85863pb024,1
3847-1,85863pb025,1
3847-1,85863pb026,1
3847-1,85863pb027,1
3848-1,85863pb019,1
3848-1,85863pb020,1
3848-1,85863pb021,1
3848-1,85863pb022,1
3848-1,85863pb023,1
3849-1,85863pb029,1
3849-1,85863pb030,1
3849-1,85863pb031,1
3849-1,85863pb032,1
3849-1,85863pb033,1
3850-1,85863pb043,1
3850-1,85863pb044,1
3851-1,85863pb045,1
385-2,4224c02,1
385-2,4224c01,1
3855-1,85863pb010b,1
3855-1,85863pb046,1
3855-1,85863pb047,1
3855-1,85863pb048,1
3855-1,85863pb049,1
3856-1,85863pb050,1
3856-1,85863pb051,1
3856-1,85863pb052,1
3856-1,85863pb053,4
3856-1,85863pb054,1
3856-1,85863pb055,1
3856-1,85863pb056,1
3857-1,85863pb058,1
3857-1,85863pb060,1
3857-1,85863pb061,5
3857-1,85863pb068,1
3858-1,85863pb058,1
3858-1,85863pb059,1
3858-1,85863pb066,3
3858-1,85863pb067,1
3858-1,85863pb069,1
3859-1,85863pb058,1
3859-1,85863pb060,1
3859-1,85863pb064,1
3859-1,85863pb065,3
3859-1,85863pb070,1
3860-1,85863pb057,1
3860-1,85863pb058,1
3860-1,85863pb059,1
3860-1,85863pb060,1
3860-1,85863pb061,6
3860-1,85863pb062,4
3860-1,85863pb063,1
386-1,old006,2
386-1,old021,1
386-1,old047s,2
3861-1,85863pb014,1
3861-1,85863pb017,1
3861-1,85863pb019,1
3861-1,85863pb033,1
3861-1,85863pb049,1
3861-1,85863pb052,1
3861-1,85863pb071,1
3861-1,85863pb072,1
3862-1,85863pb034,1
3862-1,85863pb035,1
3862-1,85863pb036,1
3862-1,85863pb037,1
3862-1,85863pb038,1
3862-1,85863pb039,1
3862-1,85863pb040,1
3862-1,85863pb041,1
3862-1,85863pb042,1
3864-1,85863pb085,1
3864-1,85863pb086,1
3864-1,85863pb087,1
3864-1,85863pb088,1
3865-1,85863pb073,4
3865-1,85863pb074,2
3866-1,85863pb075,1
3866-1,85863pb076,4
3866-1,85863pb078,1
3866-1,85863pb079,1
3866-1,85863pb080,1
3866-1,85863pb081,1
3866-1,85863pb082,12
3866-1,85863pb083,1
3866-1,85863pb084,1
3866-1,85863pb077,9
3870-1,exf017,1
3871-1,exf019,1
3872-1,exf021,1
3874-1,85863pb060,1
3874-1,85863pb089,1
3874-1,85863pb090,1
3874-1,85863pb091,3
3874-1,85863pb092,1
3874-1,85863pb093,1
3885-1,exf016,1
3885-2,exf016,1
3886-1,exf014,1
3886-2,exf014,1
390-1,fab13a,1
391-2,fab13b,1
3920-1,85863pb094,1
3920-1,85863pb095,1
3920-1,85863pb096,1
3920-1,85863pb097,1
392-2,fab13c,1
3928-1,sp061,1
3929-1,sp062,1
3930-1,frnd002,1
3931-1,frnd001,1
393-2,fab13d,1
3932-1,frnd004,1
3933-1,frnd006,1
3934-1,frnd005,1
3935-1,frnd003,1
3936-1,frnd007,1
3937-1,frnd023,1
3938-1,frnd024,1
3939-1,frnd022,1
3942-1,frnd009,1
4000008-1,twn195,1
4000008-1,twn196,1
4000008-1,twn197,1
4000010-1,gen054,1
4000013-1,hol355,1
4000013-1,hol356,1
4000013-1,hol357,1
4000013-1,hol358,1
4000013-1,hol359,1
4000013-1,hol360,1
4000014-1,gen058,1
4000014-1,gen059,1
4000014-1,gen060,1
4000014-1,gen061,1
4000014-1,gen062,1
4000014-1,gen063,1
4000014-1,gen064,1
4000014-2,gen058,1
4000014-2,gen059,1
4000014-2,gen060,1
4000014-2,gen061,1
4000014-2,gen062,1
4000014-2,gen063,1
4000014-2,gen064,1
4000022-1,gen077,1
4000022-1,gen078,1
4000022-1,gen079,1
4000022-1,gen080,1
4000022-1,gen081,1
4000022-1,gen082,1
4000022-1,gen083,1
4000022-1,gen084,1
4000026-1,gen133,1
4000036-1,gen142,1
4000036-1,gen143,1
4000036-1,gen144,1
4000036-1,gen145,1
4000036-1,gen146,1
400-1,old007,1
400-1,old011,2
4002018-1,pi006new,1
4002018-1,doc016new,1
4002018-1,sp001new2,1
4002019-1,sw0527a,1
4002019-1,sw1070,1
4002019-1,sw1071,1
4002020-1,hol219,1
4002021-1,njo0634,1
4002021-1,njo0640,1
4002021-1,njo0650,1
4002021-1,njo0651,1
4002021-1,njo0707,1
4002021-1,njo0709,1
4002021-1,njo0710,1
4002021-1,njo0733,1
4002021-1,njo0734,1
4002021-1,njo0730,1
4002021-1,njo0731,1
4002021-1,njo0732,1
4002022-1,frnd560,1
4002022-1,frnd561,1
4002022-1,frnd562,1
4002022-1,frnd563,1
4002022-1,frnd564,1
4002022-1,frnd565,1
4002022-1,frnd566,1
4002023-1,hol349,1
4002023-1,hol350,1
4002023-1,hol351,1
4002023-1,hol352,1
4002-1,oct007,1
4005-1,pln015,1
40052-1,hol015,1
40052-1,hol016,1
40054-1,hol017,1
40056-1,hol022,1
40056-1,hol023,1
40057-1,hol018,1
40057-1,hol019,1
40057-1,hol020,1
40058-1,hol030,1
40058-1,hol031,1
40059-1,hol009,1
40059-1,hol033,1
40076-1,mof012,1
40078-1,twn188,1
40078-1,twn187,1
40082-1,hol028,1
40082-1,hol029,1
40083-1,hol032,1
4010-1,cop001,1
4010-1,cop013,1
40106-1,hol049,1
40106-1,hol050,1
40107-1,hol052,1
40107-1,hol051,1
40108-1,twn214,1
40108-1,twn215,1
40110-1,cty0501,1
4011-1,hor023,1
4011-1,boat007,1
40116-1,hf005,1
40117-1,hf009,1
40118-1,twn216,1
40120-1,hol053,1
40120-1,hol054,1
4012-1,cop022,2
40121-1,hol055,1
40121-1,hol056,1
40122-1,gen047,1
40122-1,hol062,1
40123-1,hol071,1
40123-1,hol072,1
40124-1,hol073,1
40124-1,hol074,1
40125-1,col122,1
40140-1,twn445,1
40145-1,tls088,1
40145-1,tls088a,1
40146-1,pln178,1
40146-1,pln178s,1
4015-1,but028,1
4015-1,but029,1
40154-1,twn210,1
40154-1,twn230,1
40158-1,pi161,2
40158-1,pi166,1
40158-1,pi167,1
40158-1,pi169,2
40158-1,pi170,1
40158-1,pi171,1
40158-1,pi172,1
40158-1,pi173,4
40158-1,pi174,3
40158-1,pi176,1
40158-1,pi177,1
40158-1,pi168,1
40158-1,pi168a,1
40158-1,pi175,1
40158-1,pi175a,1
40161-1,game014,2
40161-1,game015,2
40161-1,game016,2
40161-1,game009,2
40161-1,game010,2
40161-1,game011,2
40161-1,game012,2
40161-1,game013,2
40165-1,twn256,1
40165-1,twn257,1
40166-1,LLP004,1
40166-1,LLP005,1
40166-1,LLP003,1
40166-1,LLP003b,1
40166-1,LLP003a,1
40166-1,LLP002,1
40166-1,LLP002a,1
40172-1,twn278,1
40175-1,cty0743,1
40176-1,sw0850,1
40177-1,cty0886,1
40178-1,gen090,1
40178-1,gen091,1
40188-1,twn341,1
40194-1,pln177,1
40194-1,rac056,1
40195-1,pln176,1
40195-1,shell015,1
40197-1,hol113,1
40197-1,hol114,1
40198-1,twn348,2
40198-1,twn349,2
40198-1,twn350,2
40198-1,twn351,2
40198-1,twn352,2
40198-1,twn353,2
40198-1,twn354,2
40198-1,twn355,2
4020-1,boat001,1
4020-1,boat002,2
402-1,old011,2
402-1,old025,2
4021-1,cop030,3
4022-1,res005,2
4022-1,res007,1
40221-1,twn258,1
40221-1,twn259,1
40223-1,hol082,1
40228-1,twn265,1
40228-1,twn264,1
4023-1,cre004,1
40236-1,hol083,1
40236-1,hol084,1
40237-1,hol088,1
40237-1,hol089,1
4025-1,firec004,2
4025-1,firec008,1
40256-1,twn287,1
40256-1,twn288,1
40260-1,gen047,1
40260-1,hol095,1
40261-1,hol100,1
40261-1,hol101,1
40262-1,hol096,1
40262-1,hol097,1
40262-1,hol098,1
40263-1,hol102,1
40263-1,hol103,1
40263-1,hol104,1
40267-1,47394pb182,1
40268-1,sw0825,1
40269-1,47205pb053,1
40289-1,hp169,1
40291-1,gen107,1
40291-1,gen108,1
40292-1,hol132,1
40292-1,hol131,1
40292-1,hol131a,1
40295-1,chef025,1
40298-1,sw0903,1
40299-1,sw0935,1
40300-1,sw0934,1
4030-1,boat001,1
4030-1,boat003,2
40302-1,cty0946,1
40305-1,gen105,1
40305-1,gen106,1
40306-1,gen112,1
40308-1,tls094,1
4031-1,zip024,1
4031-1,zip025,2
4031-1,trn093,1
40334-1,sh0584,1
40335-1,idea051,1
40336-1,hs011,1
40336-1,hs024,1
40342-1,njo0526,1
40342-1,njo0527,1
40342-1,njo0528,1
40342-1,njo0529,1
40343-1,sh0420,1
40343-1,sh0601,1
40343-1,sh0602,1
40344-1,cty1051,1
40344-1,cty1052,1
40344-1,cty1053,1
40344-1,cty1054,1
40345-1,cty1011,1
40345-1,cty1010,1
40345-1,cty1009,1
40345-1,cty1008,1
40346-1,njo0446,1
40346-1,LLP010,1
40346-1,LLP007,1
40346-1,LLP016,1
40346-1,LLP014,1
40346-1,LLP008,1
40346-1,LLP009,1
40346-1,LLP011,1
40346-1,LLP012,1
40346-1,LLP013,1
40346-1,LLP015,1
40347-1,LLP021,1
40347-1,LLP022,1
40347-1,LLP023,1
40347-1,LLP024,1
40356-1,chef026,1
40358-1,twn344,1
40358-1,twn346,1
40358-1,twn345,1
40358-1,twn347,1
40361-1,dp074,1
40368-1,hol170,1
40370-1,trn252,1
40372-1,cty1042,1
40372-1,cty1145,1
40372-1,cty1146,1
40372-1,cty1147,1
40373-1,cty1150,1
40373-1,cty1151,1
40373-1,cty1152,1
40373-1,cty1153,1
40374-1,njo0589,1
40374-1,njo0592,1
40374-1,njo0590,1
40374-1,njo0591,1
40382-1,hol197,1
40393-1,LLP029,1
40393-1,LLP030,1
40393-1,LLP031,1
40394-1,chef027,1
40408-1,hs009,1
40408-1,hs040,1
40409-1,twn395,1
40409-1,twn396,1
404-1,old006,1
404-1,old007,2
40410-1,hol211,1
40410-1,hol213,1
40410-1,hol212,1
40414-1,mar0008,1
40414-1,mar0029,1
40414-1,mar0061,1
40416-1,hol216,1
40416-1,hol217,1
40418-1,sh0624,2
40418-1,sh0637,1
40418-1,sh0642,1
40419-1,hp220,1
40419-1,hp221,1
40419-1,hp222,1
40419-1,hp223,1
40423-1,gen047,1
40423-1,hol207,1
40423-1,hol208,1
40424-1,hol214,1
40424-1,hol215,1
40429-1,LLP017,1
40429-1,LLP018,1
40429-1,LLP019,1
40429-1,LLP020,1
40448-1,idea080,1
40448-1,idea081,1
40450-1,gen152,1
40452-1,hp142,1
40452-1,hp143,1
40453-1,sh0647,1
40453-1,sh0650,1
40453-1,sh0689,1
40454-1,sh0542,1
40454-1,sh0684,1
40454-1,sh0697,1
40454-1,sh0698,1
40472-1,mk013,1
40472-1,mk045,1
40472-1,mk046,1
40473-1,njo0446,1
40473-1,LLP025,1
40473-1,LLP026,1
40473-1,LLP027,1
40473-1,LLP028,1
40478-1,dis057,1
40484-1,hol257,1
40485-1,soc144,1
40485-1,soc145,1
40485-1,soc146,1
40485-1,soc147,1
40485-1,soc148,1
40486-1,gen156,1
40486-1,gen156s,1
40487-1,idea097,1
40487-1,idea098,1
40488-1,twn446,1
40488-1,twn447,1
4049-1,stu001,1
4049-1,stu002,1
4049-1,gen003,1
40499-1,hol246a,1
40499-1,hol246b,1
40500-1,hp297,1
40500-1,hp300,1
40500-1,hp301,1
40500-1,hp302,1
4051-1,gen003,1
40511-1,mnn004,1
40511-1,mnn011,1
40511-1,mnn012,1
40511-1,mnn013,1
40513-1,gen047,6
40515-1,gen047,2
40516-1,tls100,1
40516-1,tls101,1
40516-1,tls102,1
40516-1,tls103,1
40516-1,tls104,1
40516-1,tls105,1
40516-1,tls106,1
40516-1,tls107,1
40516-1,tls108,1
40516-1,tls109,1
40516-1,tls110,1
40519-1,twn443,1
4052-1,stu002,1
40521-1,dis081,1
40525-1,sh0730,1
40525-1,sh0734,1
40525-1,sh0748,1
40525-1,sh0808,1
40525-1,sh0810,1
40526-1,cty1450,1
40526-1,cty1451,1
40526-1,cty1452,1
40529-1,twn426,1
40529-1,twn427,1
40530-1,gen161,1
4053-1,stu001,1
40531-1,sw1208,1
40532-1,twn424,1
40533-1,idea105,1
40534-1,chef028,1
40556-1,LLP032,1
40556-1,LLP033,1
40557-1,sw1186,1
40557-1,sw1187,1
40557-1,sw1188,1
40558-1,sw1146,1
40558-1,sw1189,2
40564-1,hol293,1
40564-1,hol294,1
40565-1,hol246,1
40565-1,hol295,1
40566-1,idea122,1
40567-1,cas557,1
40567-1,cas558,1
40574-1,tls111,1
40574-1,tls112,1
40577-1,hp368,1
40578-1,cty1507,1
40578-1,cty1508,1
40579-1,gen171,1
40580-1,sp134,1
40580-1,sp135,1
4058-1,cc4058,1
40582-1,cty1571,1
40582-1,cty1572,1
40582-1,cty1573,1
40584-1,hol323,1
40584-1,hol324,1
40586-1,twn459,1
40586-1,twn460,1
40589-1,twn463,1
40589-1,twn464,1
4059-1,stu002,1
40595-1,idea171,1
40597-1,pi197,1
40598-1,hp457,1
40600-1,dis131,1
4060-1,wc4060,1
40601-1,cas580,1
40601-1,cas581,1
40602-1,hol331,1
40602-1,hol332,1
40603-1,hol333,1
40603-1,hol334,1
40603-1,hol335,1
40608-1,gen180,1
4061-1,cc4061,1
4062-1,stu010a,1
4063-1,cc4063,1
40634-1,soc154,1
40634-1,soc156,1
40634-1,soc157,1
40634-1,soc158,1
40634-1,soc159,1
40634-1,soc160,1
40634-1,soc161,1
40634-1,soc162,1
40634-1,soc163,1
40634-1,soc164,1
40634-1,soc165,1
40634-1,soc166,1
40634-1,soc167,1
40634-1,soc168,1
40634-1,soc171,1
4064-1,cc4064,1
40641-1,twn469,1
40641-1,twn470,1
40649-1,pln196,1
40650-1,twn468,1
4065-1,cc4065,1
40657-1,drm004,1
40657-1,drm017,1
40657-1,drm018,1
40657-1,drm019,1
40658-1,sw0532,1
40658-1,sw1034,1
40658-1,sw1317,1
40658-1,sw1318,1
40659-1,dis147,1
4066-1,cc4066,1
40678-1,hol353,1
40678-1,hol354,1
40681-1,twn493,1
40681-1,twn494,1
40685-1,twn501,1
40685-1,twn502,1
40686-1,sw0001c,6
40686-1,sw1338,2
40687-1,sp142,1
40687-1,sp143,1
40689-1,twn503,1
40689-1,twn504,1
40690-1,gen183,1
40693-1,lor141,1
40694-1,frnd741,1
40694-1,frnd821,1
40695-1,hp501,1
40698-1,idea215,1
40701-1,hol369,1
40708-1,dp189,1
40710-1,LLP034,1
40710-1,LLP035,1
40710-1,LLP036,1
40712-1,sp140,1
40712-1,sp141,1
40714-1,twn500,1
40714-1,twn499,1
40714-1,twn498,1
40715-1,sp144,1
40720-1,dis099,1
4072-1,gen001,1
40721-1,gen047,1
40729-1,gen188,1
40729-1,gen189,1
40746-1,hol367,1
40755-1,sw1275,1
40755-1,sw1285,1
40755-1,sw1327,1
40755-1,sw1326,1
40755-1,sw1393,1
40755-1,sw1391,1
40755-1,sw1392,1
40757-1,gen191,1
40757-1,gen190,1
40761-1,lor152,1
40761-1,lor151,1
40765-1,sw1408,3
4080-2,47394pb002,1
4085-3,47205pb002,1
41000-1,frnd039,1
41001-1,frnd041,1
41002-1,frnd037,1
41003-1,frnd040,1
41004-1,frnd038,1
41005-1,frnd043,1
41005-1,frnd044,1
41005-1,frnd042a,1
41006-1,frnd050,1
41006-1,frnd049,1
41007-1,frnd034,1
41007-1,frnd035,1
41008-1,frnd032,1
41008-1,frnd033,1
41009-1,frnd051,1
41010-1,frnd048,1
41011-1,frnd036,1
41013-1,frnd052,1
41015-1,frnd045,1
41015-1,frnd046,1
41015-1,frnd047,1
41026-1,frnd062,1
41027-1,frnd061,1
41028-1,frnd063,1
41029-1,frnd064,1
41030-1,frnd079,1
41031-1,frnd078,1
4103-2,jbl011,1
41032-1,frnd077,1
41033-1,frnd074,1
41034-1,frnd072,1
41034-1,frnd073,1
41035-1,frnd055,1
41035-1,frnd056,1
41036-1,frnd080,1
41036-1,frnd081,1
41037-1,frnd058,1
41037-1,frnd057a,1
41038-1,frnd075,1
41038-1,frnd076,1
41039-1,frnd059,1
41039-1,frnd060,1
41050-1,dp001,1
41051-1,dp002,1
41052-1,dp004,1
41052-1,dp005,1
4105-3,pck024,1
41053-1,dp003,1
41054-1,dp006,1
41054-1,dp007,1
41055-1,dp008,1
41055-1,dp009,1
41056-1,frnd066,1
41056-1,frnd067,1
41057-1,frnd068,1
41057-1,frnd069,1
41058-1,frnd082,1
41058-1,frnd083,1
41058-1,frnd084,1
41058-1,frnd085,1
41059-1,frnd071,1
41060-1,dp011,1
41061-1,dp012,1
41062-1,dp017,1
41062-1,dp016,1
41062-1,dp015,1
41063-1,dp014,1
41063-1,dp013,1
41065-1,dp032,1
41066-1,dp016,1
41066-1,dp020,1
41067-1,dp031,1
41067-1,dp026,1
41067-1,dp028,1
41067-1,3899pb006,1
41067-1,dp024,1
41067-1,dp025,1
41067-1,dp029s,1
41067-1,dp027s,1
41067-1,dp030s,1
41068-1,dp017,1
41068-1,dp018,1
41068-1,dp019,1
41068-1,dp021,3
41071-1,elf001,1
41072-1,elf002a,1
41073-1,elf001,1
41073-1,elf002,1
41074-1,elf003,1
41074-1,elf004,1
41075-1,elf003,1
41075-1,elf005,1
41075-1,elf006,1
41076-1,elf006,1
41077-1,elf008,1
41077-1,elf007,1
41078-1,elf011,1
41078-1,elf010,1
41078-1,elf009,1
41085-1,frnd098,1
41086-1,frnd099,1
41090-1,frnd100,1
41091-1,frnd101,1
41092-1,frnd102,1
41093-1,frnd096,1
41093-1,frnd097,1
41094-1,frnd103,1
41094-1,frnd104,1
41095-1,frnd090,1
41095-1,frnd091,1
41095-1,frnd092,1
41097-1,frnd093,1
41097-1,frnd094,1
41098-1,frnd108,1
41099-1,frnd110,1
41100-1,frnd111,1
41100-1,frnd112,1
41101-1,frnd113,1
41101-1,frnd114,1
41101-1,frnd115,1
41101-1,frnd116,1
41101-1,frnd117,1
41103-1,frnd109,1
41104-1,frnd120,1
41104-1,frnd121,1
41105-1,frnd122,1
41105-1,frnd123,1
41106-1,frnd124,1
41106-1,frnd125,1
41106-1,frnd126,1
41107-1,frnd118,1
41107-1,frnd119,1
41108-1,frnd130,1
41108-1,frnd131,1
41109-1,frnd127,1
41109-1,frnd128,1
41109-1,frnd129,1
41110-1,frnd165,1
41111-1,frnd136,1
41115-1,frnd135,1
41116-1,frnd137,1
41117-1,frnd140,1
41118-1,frnd139,1
41118-1,frnd138,1
41119-1,frnd142,1
41119-1,frnd143,1
41120-1,frnd141,1
41121-1,frnd151,1
41121-1,frnd152,1
41122-1,frnd148,1
41122-1,frnd149,1
41122-1,frnd150,1
41123-1,frnd156,1
41124-1,frnd160,1
41124-1,frnd167,1
41125-1,frnd158,1
41125-1,frnd159,1
41126-1,frnd163,1
41126-1,frnd164,1
41127-1,frnd166,1
41128-1,frnd179,1
41129-1,frnd161,1
41129-1,frnd162,1
41130-1,frnd052,1
41130-1,frnd168,1
41130-1,frnd169,1
41130-1,frnd170,1
41132-1,frnd191,1
41132-1,frnd192,1
41133-1,frnd187,1
41133-1,frnd188,1
41134-1,frnd176,1
41134-1,frnd177,1
41134-1,frnd178,1
41135-1,frnd145,1
41135-1,frnd146,1
41145-1,dp037,1
41145-1,dp038,1
41146-1,dp039,1
41146-1,dp040,1
41147-1,dp033,1
41148-1,dp021,4
41148-1,dp034,1
41148-1,dp041,1
41148-1,dp042,1
41149-1,moa001,1
41150-1,moa002,1
41150-1,moa003,1
4115-1,cre004,1
41151-1,dp044,1
41152-1,dp045,1
41152-1,dp046,1
41152-1,dp047,1
41153-1,dp048,1
41153-1,dp049,1
41154-1,dp051,1
41154-1,dp052,1
41155-1,dp050,1
41155-1,dp054a,1
41156-1,dp059,1
41157-1,dp055,1
41157-1,dp056,1
41158-1,dp068,1
41159-1,dp051,1
41160-1,dp062,1
4116-1,cre001,1
4116-1,cre003,1
41161-1,dp066,1
41161-1,dp067,1
41162-1,dp063,1
41162-1,dp064,1
41162-1,dp065,1
41163-1,dp061,1
41164-1,dp073,1
41164-1,dp074,1
41164-1,dp075,1
41165-1,dp073,1
41165-1,dp074,1
41166-1,dp069,1
41167-1,dp070,1
41167-1,dp071,1
41167-1,dp072,1
41168-1,dp069,1
4117-1,cre004,1
4117-1,cre005,1
41171-1,elf012,1
41172-1,elf014,1
41173-1,elf013,1
41174-1,elf016,1
41174-1,elf017,1
41175-1,elf012,1
41175-1,elf016,1
41176-1,elf018,1
41176-1,elf015,1
41177-1,elf014,1
41177-1,elf018,1
41178-1,elf013,1
41178-1,elf015,1
41179-1,elf022,1
41179-1,elf023,1
41180-1,elf019,1
41180-1,elf020,1
41180-1,elf021,1
4118-1,cre001,1
4118-1,cre002,1
4118-1,cre003,1
41181-1,elf024,1
41181-1,elf031,1
41182-1,elf025,1
41182-1,elf032,1
41183-1,elf026,1
41183-1,elf033,1
41184-1,elf027,1
41184-1,elf037,1
41184-1,elf034,1
41184-1,elf034b,1
41185-1,elf028,1
41185-1,elf029,1
41185-1,elf030,1
41185-1,elf035,1
41185-1,elf036,1
41186-1,elf036,1
41186-1,elf038,1
41187-1,elf031,1
41187-1,elf039,1
41187-1,elf040,1
41188-1,elf041,1
41188-1,elf042,1
41188-1,elf043,1
41188-1,elf034b,1
41190-1,elf044,1
41190-1,elf045,1
41191-1,elf046,1
41191-1,elf047,1
41192-1,elf045,1
41192-1,elf048,1
41192-1,elf049,1
41193-1,elf050,1
41193-1,elf051,1
41193-1,elf052,1
41194-1,elf049,1
41194-1,elf053,1
41194-1,elf054,1
41194-1,elf055,1
41195-1,elf044,1
41195-1,elf052,1
41195-1,elf058,1
41195-1,elf059,1
41196-1,elf046,1
41196-1,elf048,1
41196-1,elf051,1
41196-1,elf055,1
41196-1,elf057,1
4120-1,cre004,1
4120-1,cre005,1
4121-1,cre001,1
4121-1,cre003,1
41230-1,shg001,1
41230-1,shg031,1
41231-1,shg002,1
41231-1,shg003,1
41231-1,shg033,1
41231-1,shg034,1
41232-1,shg004,1
41232-1,shg005,1
41232-1,shg006,1
41232-1,shg019,1
41232-1,shg020,1
41233-1,shg009,1
41233-1,shg021,1
41234-1,shg007,1
41234-1,shg017,1
41234-1,shg018,1
41235-1,shg008,1
41235-1,shg032,1
41236-1,shg010,1
41236-1,shg030,1
41237-1,shg012,1
41237-1,shg013,1
41237-1,shg026,1
41237-1,shg035,1
41238-1,shg004,1
41238-1,shg011,1
41238-1,shg022,1
41238-1,shg023,1
41238-1,shg024,1
41239-1,shg014,1
41239-1,shg015,1
41239-1,shg016,1
41239-1,shg027,1
41239-1,shg028,1
41239-1,shg029,1
41250-1,twt001,1
41251-1,twt009,1
41252-1,twt002,1
41252-1,twt003,1
41252-1,twt004,1
41253-1,twt006,1
41253-1,twt007,1
41253-1,twt008,1
41254-1,twt019,1
41254-1,twt020,1
41254-1,twt021,1
41255-1,twt012,1
41255-1,twt013,1
41255-1,twt014,1
41255-1,twt015,1
41255-1,twt016,1
41256-1,twt002,1
41256-1,twt011,1
41256-1,twt010s,1
41256-1,twt018s,1
41256-1,twt017s1,1
41256-1,twt017s2,1
41258-1,twt022,1
41258-1,twt023,1
41258-1,twt024,1
41258-1,twt025,1
41258-1,twt026,1
41287-1,dim053,1
41287-1,ppg002,1
41287-1,ppg003,1
41288-1,dim051,1
41288-1,ppg001,1
41288-1,ppg004,1
41288-1,ppg005,1
41300-1,frnd195,1
41301-1,frnd198,1
41305-1,frnd194,1
41306-1,frnd189,1
41307-1,frnd257,1
41308-1,frnd201,1
41309-1,frnd190,1
41310-1,frnd202,1
41311-1,frnd182,1
41311-1,frnd183,1
41312-1,frnd141,1
41312-1,frnd196,1
41313-1,frnd197,1
41313-1,frnd199,1
41314-1,frnd184,1
41314-1,frnd185,1
41314-1,frnd186,1
41315-1,frnd210,1
41316-1,frnd208,1
41316-1,frnd209,1
41317-1,frnd229,1
41317-1,frnd230,1
41317-1,frnd231,1
41318-1,frnd279,1
41318-1,frnd226,1
41318-1,frnd227,1
41318-1,frnd228,1
41318-1,gen103,1
41319-1,frnd212,1
41319-1,frnd213,1
41320-1,frnd214,1
41320-1,frnd215,1
41321-1,frnd216,1
41322-1,frnd217,1
41322-1,frnd218,1
41323-1,frnd219,1
41323-1,frnd220,1
41324-1,frnd221,1
41324-1,frnd222,1
41325-1,frnd167,1
41325-1,frnd223,1
41327-1,frnd233,1
41328-1,frnd234,1
41329-1,frnd235,1
41330-1,frnd232,1
41332-1,frnd238,1
41333-1,frnd241,1
41334-1,frnd279,1
41334-1,frnd242,1
41334-1,frnd243,1
41335-1,frnd236,1
41335-1,frnd237,1
41336-1,frnd239,1
41336-1,frnd240,1
41337-1,frnd326,1
41337-1,frnd327,1
41338-1,frnd251,1
41338-1,frnd252,1
41339-1,frnd246,1
41339-1,frnd247,1
41340-1,frnd235,1
41340-1,frnd248,1
41340-1,frnd249,1
41341-1,frnd260,1
41342-1,frnd259,1
41343-1,frnd269,1
41344-1,frnd270,1
41344-1,frnd271,1
41345-1,frnd274,1
41345-1,frnd275,1
41345-1,frnd276,1
41347-1,frnd264,1
41347-1,frnd265,1
41347-1,frnd266,1
41347-1,frnd267,1
41348-1,frnd268,1
41349-1,frnd253,1
41349-1,frnd254,1
41350-1,frnd272,1
41350-1,frnd273,1
41351-1,frnd261,1
41351-1,frnd262,1
41352-1,frnd273,1
41352-1,frnd277,1
41352-1,frnd278,1
41354-1,frnd282,1
41355-1,frnd283,1
41356-1,frnd300,1
41357-1,frnd281,1
41357-1,frnd325,1
41358-1,frnd280,1
41359-1,frnd298,1
41359-1,frnd299,1
41360-1,frnd302,1
41361-1,frnd284,1
41362-1,frnd235,1
41362-1,frnd256,1
41363-1,frnd291,1
41364-1,frnd301,1
41365-1,frnd292,1
41365-1,frnd293,1
41366-1,frnd294,1
41366-1,frnd295,1
41367-1,frnd285,1
41367-1,frnd286,1
41368-1,frnd296,1
41368-1,frnd297,1
41369-1,frnd287,1
41369-1,frnd288,1
41369-1,frnd289,1
41371-1,frnd328,1
41371-1,frnd329,1
41372-1,frnd323,1
41372-1,frnd324,1
41373-1,frnd240,1
41373-1,frnd338,1
41374-1,frnd330,1
41374-1,frnd331,1
41375-1,gen134,1
41375-1,gen135,1
41375-1,frnd335,1
41375-1,frnd336,1
41375-1,frnd332,1
41375-1,frnd334,1
41375-1,frnd333,1
41376-1,frnd316,1
41376-1,frnd317,1
41378-1,frnd321,1
41378-1,frnd322,1
41379-1,frnd240,1
41379-1,frnd309,1
41379-1,frnd310,1
41380-1,frnd304,1
41380-1,frnd305,1
41381-1,frnd306,1
41381-1,frnd307,1
41381-1,frnd308,1
41381-1,frnd311,1
41383-1,frnd290,1
41384-1,frnd312,1
41385-1,frnd313,1
41386-1,frnd314,1
41387-1,frnd318,1
41387-1,frnd319,1
41388-1,frnd315,1
41389-1,frnd345,1
41390-1,frnd346,1
41390-1,frnd347,1
41391-1,frnd343,1
41391-1,frnd344,1
41392-1,frnd349,1
41392-1,frnd350,1
41393-1,frnd354,1
41393-1,frnd355,1
41393-1,frnd356,1
41394-1,frnd240,1
41394-1,frnd357,1
41394-1,frnd358,1
41395-1,frnd351,1
41395-1,frnd352,1
41395-1,frnd353,1
41396-1,frnd367,1
41397-1,frnd365,1
41397-1,frnd366,1
41398-1,frnd256,1
41398-1,frnd372,1
41398-1,frnd373,1
41400-1,frnd348,1
41401-1,frnd361,1
41402-1,frnd359,1
41403-1,frnd362,1
41404-1,frnd360,1
41405-1,frnd368,1
41406-1,frnd371,1
41407-1,frnd370,1
41408-1,frnd369,1
41409-1,frnd309,1
41410-1,frnd386,1
41411-1,frnd398,1
41412-1,frnd408,1
41413-1,frnd402,1
41414-1,frnd407,1
41421-1,frnd375,1
41421-1,frnd376,1
41422-1,frnd378,1
41422-1,frnd377,1
41423-1,frnd376,1
41423-1,frnd392,1
41424-1,frnd378,1
41424-1,frnd392,1
41424-1,frnd393,1
41425-1,frnd390,1
41425-1,frnd391,1
41426-1,frnd389,1
41426-1,frnd388,1
41427-1,frnd296,1
41427-1,frnd374,1
41428-1,frnd384,1
41428-1,frnd383,1
41429-1,frnd403,1
41429-1,frnd404,1
41429-1,frnd405,1
41430-1,frnd379,1
41430-1,frnd382,1
41430-1,frnd380,1
41430-1,frnd381,1
41431-1,frnd363,1
41431-1,frnd364,1
41432-1,frnd375,1
41432-1,frnd377,1
41433-1,frnd385,1
41433-1,frnd386,1
41433-1,frnd387,1
41434-1,frnd394,1
41435-1,frnd395,1
41436-1,frnd396,1
41437-1,frnd397,1
41438-1,frnd406,1
41439-1,frnd349,1
41439-1,frnd423,1
41440-1,frnd350,1
41440-1,frnd432,1
41441-1,frnd458,1
41441-1,frnd479,1
41442-1,frnd433,1
41442-1,frnd434,1
41443-1,frnd352,1
41443-1,frnd424,1
41444-1,frnd409,1
41444-1,frnd410,1
41444-1,frnd411,1
41445-1,frnd391,1
41445-1,frnd438,1
41446-1,frnd435,1
41446-1,frnd436,1
41446-1,frnd437,1
41447-1,frnd351,1
41447-1,frnd374,1
41447-1,frnd425,1
41447-1,frnd426,1
41448-1,frnd412,1
41448-1,frnd413,1
41448-1,frnd414,1
41449-1,frnd314,1
41449-1,frnd415,1
41449-1,frnd416,1
41449-1,frnd417,1
41449-1,frnd418,1
41450-1,frnd370,1
41450-1,frnd426,1
41450-1,frnd427,1
41450-1,frnd428,1
41450-1,frnd429,1
41450-1,frnd430,1
41451-1,uni01,1
41451-1,uni05,1
41451-1,uni06,1
41452-1,uni15,1
41452-1,uni17,1
41452-1,uni23,1
41453-1,uni07,1
41453-1,uni08,1
41453-1,uni09,1
41453-1,uni10,1
41454-1,uni03,1
41454-1,uni24,1
41454-1,uni25,1
41454-1,uni26,1
41455-1,uni03,1
41455-1,uni04,1
41455-1,uni05,1
41455-1,uni06,1
41455-1,uni10,1
41455-1,uni11,1
41455-1,uni12,1
41455-1,uni13,1
41455-1,uni14,1
41455-1,uni15,1
41455-1,uni16,1
41455-1,uni17,1
41455-1,uni18,1
41455-1,uni19,1
41455-1,uni20,1
41455-1,uni21,1
41455-1,uni22,1
41456-1,uni01,1
41456-1,uni10,1
41456-1,uni21,1
41456-1,uni23,1
41456-1,uni25,1
41456-1,uni26,1
4150-1,pln149,1
4151-1,par040,1
4151-1,fre005,1
4153-1,ver009,1
4153-1,pln144,1
4158-1,trn111,1
4161-1,fre003,1
4161-1,fre004,1
4164-1,mck003,1
4165-1,mck004,1
4165-1,mck002,1
4166-1,mck001,1
41662-1,frnd439,1
41663-1,frnd442,1
41664-1,frnd431,1
41665-1,frnd440,1
41666-1,frnd441,1
41667-1,frnd481,1
41668-1,frnd465,1
41669-1,frnd446,1
41670-1,frnd443,1
4167-1,mck004,1
4167-1,mck002,1
41671-1,frnd480,1
41677-1,frnd455,1
41677-1,frnd456,1
41679-1,frnd287,1
41679-1,frnd411,1
41679-1,frnd464,1
41681-1,frnd385,1
41681-1,frnd382a,1
41681-1,frnd256a,1
41682-1,frnd459,1
41682-1,frnd460,1
41682-1,frnd461,1
41683-1,frnd468,1
41683-1,frnd469,1
41683-1,frnd470,1
41684-1,frnd451,1
41684-1,frnd452,1
41684-1,frnd453,1
41684-1,frnd454,1
41685-1,frnd448,1
41685-1,frnd457,1
41685-1,frnd467,1
41685-1,frnd466,1
41686-1,frnd447,1
41686-1,frnd448,1
41687-1,frnd426,1
41687-1,frnd449,1
41687-1,frnd450,1
41688-1,frnd457,1
41688-1,frnd462,1
41689-1,frnd471,1
41689-1,frnd472,1
41689-1,frnd473,1
41691-1,frnd357,1
41691-1,frnd422,1
41692-1,frnd420,1
41692-1,frnd421,1
41693-1,frnd352,1
41693-1,frnd411,1
41693-1,frnd444,1
41693-1,frnd445,1
41694-1,frnd420,1
41694-1,frnd425,1
41695-1,frnd431,1
41695-1,frnd508,1
41696-1,frnd495,1
41696-1,frnd549,1
41697-1,frnd493,1
41697-1,frnd494,1
41698-1,frnd516,1
41698-1,frnd517,1
41699-1,frnd509,1
41699-1,frnd510,1
41700-1,frnd505,1
41700-1,frnd506,1
41700-1,frnd507,1
41701-1,frnd482,1
41701-1,frnd483,1
41701-1,frnd484,1
41702-1,frnd501,1
41702-1,frnd502,1
41702-1,frnd503,1
41702-1,frnd504,1
41703-1,frnd497,1
41703-1,frnd498,1
41703-1,frnd499,1
41703-1,frnd500,1
41704-1,frnd485,1
41704-1,frnd486,1
41704-1,frnd487,1
41704-1,frnd488,1
41704-1,frnd489,1
41704-1,frnd490,1
41704-1,frnd491,1
41704-1,frnd492,1
41705-1,frnd538,1
41705-1,frnd539,1
41707-1,frnd495,1
41707-1,frnd496,1
41708-1,frnd500,1
41708-1,frnd529,1
41708-1,frnd530,1
41709-1,frnd501,1
41709-1,frnd511,1
41709-1,frnd512,1
41709-1,frnd513,1
41710-1,frnd542,1
41710-1,frnd543,1
41710-1,frnd544,1
41711-1,frnd531,1
41711-1,frnd532,1
41711-1,frnd533,1
41712-1,frnd540,1
41712-1,frnd541,1
41713-1,frnd518,1
41713-1,frnd519,1
41713-1,frnd520,1
41713-1,frnd521,1
41714-1,frnd534,1
41714-1,frnd535,1
41714-1,frnd536,1
41714-1,frnd537,1
41715-1,frnd550,1
41715-1,frnd551,1
41716-1,frnd545,1
41716-1,frnd546,1
41716-1,frnd547,1
41717-1,frnd526,1
41717-1,frnd527,1
41717-1,frnd528,1
41718-1,frnd426,1
41718-1,frnd499,1
41718-1,frnd514,1
41718-1,frnd515,1
41719-1,frnd256a,1
41719-1,frnd525,1
41720-1,frnd555,1
41720-1,frnd556,1
41720-1,frnd557,1
4172-1,cre001,1
41721-1,frnd515,1
41721-1,frnd522,1
41721-1,frnd523,1
41721-1,frnd524,1
41722-1,frnd552,1
41722-1,frnd553,1
41722-1,frnd554,1
41723-1,frnd579,1
41723-1,frnd583,1
41724-1,frnd617,1
41724-1,frnd618,1
41724-1,frnd619,1
41725-1,frnd658,1
41725-1,frnd659,1
41726-1,frnd576,1
41726-1,frnd612,1
41727-1,frnd597,1
41727-1,frnd598,1
41727-1,frnd599,1
41728-1,frnd583,1
41728-1,frnd612,1
41728-1,frnd613,1
41729-1,frnd576,1
41729-1,frnd577,1
41729-1,frnd578,1
41729-1,frnd579,1
41729-1,frnd580,1
41730-1,frnd584,1
41730-1,frnd585,1
41730-1,frnd586,1
41730-1,frnd587,1
4173-1,cre003,1
41731-1,frnd569,1
41731-1,frnd598,1
41731-1,frnd609,1
41731-1,frnd610,1
41731-1,frnd611,1
41731-1,gen172,1
41732-1,frnd567,1
41732-1,frnd568,1
41732-1,frnd569,1
41732-1,frnd570,1
41732-1,frnd571,1
41732-1,frnd572,1
41732-1,frnd573,1
41732-1,frnd574,1
41732-1,frnd575,1
41733-1,frnd591,1
41733-1,frnd592,1
41734-1,frnd648,1
41734-1,frnd649,1
41734-1,frnd650,1
41734-1,frnd651,1
41735-1,frnd581,1
41735-1,frnd582,1
41735-1,frnd583,1
41736-1,frnd653,1
41736-1,frnd654,1
41736-1,frnd655,1
41737-1,frnd642,1
41737-1,frnd643,1
41737-1,frnd644,1
41737-1,frnd645,1
41738-1,frnd606,1
41738-1,frnd607,1
41739-1,frnd600,1
41739-1,frnd601,1
41740-1,frnd602,1
41740-1,frnd603,1
4174-1,cre004,1
41741-1,frnd595,1
41741-1,frnd596,1
41742-1,frnd569,1
41742-1,frnd608,1
41743-1,frnd588,1
41743-1,frnd589,1
41743-1,frnd590,1
41744-1,frnd638,1
41744-1,frnd639,1
41744-1,frnd640,1
41744-1,frnd641,1
41745-1,frnd620,1
41745-1,frnd621,1
41746-1,frnd585,1
41746-1,frnd633,1
41747-1,frnd580,1
41747-1,frnd587,1
41747-1,frnd622,1
41747-1,frnd623,1
41748-1,frnd627,1
41748-1,frnd628,1
41748-1,frnd629,1
41748-1,frnd630,1
41748-1,frnd631,1
41748-1,frnd632,1
41749-1,frnd571,1
41749-1,frnd656,1
41749-1,frnd657,1
4175-1,cre004,1
4175-1,cre005,1
41751-1,frnd614,1
41751-1,frnd615,1
41751-1,frnd616,1
41752-1,frnd646,1
41752-1,frnd647,1
41753-1,frnd637,1
41753-1,frnd652,1
41754-1,frnd593,1
41754-1,frnd594,1
41755-1,frnd604,1
41755-1,frnd605,1
41756-1,frnd661,1
41756-1,frnd662,1
41756-1,frnd663,1
41757-1,frnd624,1
41757-1,frnd625,1
41757-1,frnd626,1
41759-1,frnd634,1
41759-1,frnd635,1
41759-1,frnd636,1
41760-1,frnd664,1
41760-1,frnd665,1
41760-1,frnd666,1
4176-1,cre004,1
4176-1,cre005,1
4176-1,cre006,1
4177-1,cre001,1
4177-1,cre002,1
4177-1,cre003,1
4178-1,mck004,1
4178-1,mck001,1
4181-1,poc002,1
4181-1,poc003,1
4181-1,poc004,1
4181-1,poc012,1
4182-1,poc008,1
4182-1,poc009,1
4182-1,poc010,1
4182-1,poc026,1
4183-1,poc001,1
4183-1,poc005,1
4183-1,poc015,1
4183-1,poc026,1
4184-1,poc017,1
4184-1,poc026,1
4184-1,poc031,1
4184-1,poc032,1
4184-1,poc033,1
4184-1,poc034,1
4186875-1,trn075,1
4186875-1,trn076,1
4186875-1,trn077,1
4186875-1,trn078,1
4186875-1,trn079,1
4191-1,poc001,1
4191-1,poc014,1
4191-1,poc027,1
4192-1,poc001,1
4192-1,poc007,1
4192-1,gen038,1
4192-1,poc028,1
4193-1,poc011,1
4193-1,poc016,1
4193-1,poc017,1
4193-1,poc018,1
4193-1,poc019,1
4194-1,poc011,1
4194-1,poc014,1
4194-1,poc020,1
4194-1,poc021,1
4194-1,poc023,1
4194-1,poc025,1
4195-1,poc006,1
4195-1,poc007,1
4195-1,poc011,1
4195-1,poc013,1
4195-1,poc014,1
4195-1,poc022,1
4195-1,poc027,1
4195-1,gen038,2
4195-1,poc043,1
4200-1,cty0309,1
4201-1,cty0310,1
4201-1,cty0311,1
4202-1,cty0311,1
4203-1,cty0333,1
4203-1,cty0334,1
4204-1,cty0309,1
4204-1,cty0310,1
4204-1,cty0311,1
4204-1,cty0322,1
4205-1,cty0264,1
4205-1,cty0283,1
4205-1,cty0284,1
4206-2,cty0292,1
4206-2,cty0293,1
4206-2,cty0294,1
4207-1,cty0313,1
4207-1,cty0314,1
4207-1,cty0315,1
4207-1,cty0316,1
4207-1,oct069,1
4208-1,cty0286,1
4209-1,cty0280,1
4209-1,cty0278,1
4209-1,cty0279,1
4210-1,cty0072,1
4210-1,cty0070,1
4210-1,cty0065,1
4210-1,cty0064,1
4221-1,div024,1
4222-1,ovr012,1
4222-1,oct033,1
4224-1,tim005,1
4224-1,twn046,1
4225-1,tim006,1
4226-1,pck022,1
4226-1,par055,1
4239-1,fre001,1
425-1,old012,1
4254-1,fre001,1
4254-1,pck025,1
42601-1,frnd599,1
42601-1,frnd691,1
42602-1,frnd692,1
42602-1,frnd736,1
42603-1,frnd656,1
42603-1,frnd730,1
42604-1,frnd643,1
42604-1,frnd669,1
42604-1,frnd670,1
42604-1,frnd671,1
42604-1,frnd672,1
42604-1,frnd673,1
42604-1,frnd674,1
42605-1,frnd692,1
42605-1,frnd694,1
42605-1,frnd693,1
42605-1,cty1757,1
42606-1,frnd612,1
42606-1,frnd713,1
42607-1,frnd711,1
42607-1,frnd712,1
42608-1,frnd714,1
42608-1,frnd715,1
42609-1,frnd604,1
42609-1,frnd725,1
42610-1,frnd728,1
42610-1,frnd729,1
42612-1,frnd716,1
42612-1,frnd717,1
42613-1,frnd687,1
42613-1,frnd726,1
42613-1,frnd727,1
42614-1,frnd688,1
42614-1,frnd718,1
42614-1,frnd719,1
42615-1,frnd675,1
42615-1,frnd695,1
42615-1,frnd696,1
42615-1,frnd697,1
42615-1,frnd698,1
42615-1,frnd699,1
42615-1,frnd700,1
42616-1,frnd707,1
42616-1,frnd708,1
42616-1,frnd709,1
42616-1,frnd710,1
42617-1,frnd685,1
42617-1,frnd686,1
42617-1,frnd687,1
42618-1,frnd745,1
42618-1,frnd746,1
42618-1,frnd747,1
42619-1,frnd589,1
42619-1,frnd688,1
42619-1,frnd689,1
42619-1,frnd690,1
42620-1,frnd701,1
42620-1,frnd702,1
42620-1,frnd703,1
42620-1,frnd706,1
42620-1,frnd704,1
42620-1,frnd705,1
42621-1,frnd675,2
42621-1,frnd720,1
42621-1,frnd721,1
42621-1,frnd722,1
42621-1,frnd723,1
42621-1,frnd724,1
42622-1,frnd737,1
42622-1,frnd738,1
42623-1,frnd743,1
42623-1,frnd744,1
42624-1,frnd741,1
42624-1,frnd742,1
42624-1,frnd740,1
42625-1,frnd739,1
42625-1,frnd752,1
42626-1,frnd742,1
42626-1,frnd753,1
42626-1,frnd754,1
42630-1,frnd764,1
42630-1,frnd765,1
42630-1,frnd766,1
42630-1,frnd767,1
42631-1,frnd755,1
42631-1,frnd756,1
42631-1,frnd757,1
42631-1,frnd758,1
42631-1,frnd759,1
42632-1,frnd732,1
42632-1,frnd733,1
42633-1,frnd685,1
42633-1,frnd731,1
42634-1,frnd734,1
42634-1,frnd735,1
42635-1,frnd627,1
42635-1,frnd739,1
42636-1,frnd674,1
42636-1,frnd699,1
42636-1,frnd750,1
42636-1,frnd749,1
42636-1,frnd751,1
42636-1,frnd748,1
42638-1,frnd609,1
42638-1,frnd768,1
42638-1,frnd769,1
42638-1,frnd770,1
42639-1,frnd587,1
42639-1,frnd676,1
42639-1,frnd677,1
42639-1,frnd678,1
42639-1,frnd679,1
42639-1,frnd680,1
42639-1,frnd681,1
42639-1,frnd682,1
42639-1,frnd683,1
42639-1,frnd684,1
42640-1,frnd773,1
42640-1,frnd774,1
42641-1,frnd783,1
42641-1,frnd784,1
42643-1,frnd717,1
42643-1,frnd816,1
42644-1,frnd819,1
42644-1,frnd820,1
42645-1,frnd775,1
42645-1,frnd773,1
42645-1,frnd776,1
42646-1,frnd777,1
42646-1,frnd778,1
42647-1,frnd808,1
42647-1,frnd809,1
42649-1,frnd699,1
42649-1,frnd778,1
42649-1,frnd810,1
42650-1,frnd774,1
42650-1,frnd790,1
42650-1,frnd806,1
42651-1,frnd779,1
42651-1,frnd781,1
42651-1,frnd780,1
42652-1,frnd789,1
42652-1,frnd790,1
42652-1,frnd791,1
42652-1,frnd792,1
42655-1,frnd811,1
42655-1,frnd812,1
42655-1,frnd813,1
42655-1,frnd814,1
42656-1,frnd785,1
42656-1,frnd792,1
42656-1,frnd793,1
42656-1,frnd794,1
42656-1,frnd795,1
42656-1,frnd796,1
42656-1,frnd797,1
42656-1,frnd798,1
42662-1,frnd773,1
42662-1,frnd787,1
42662-1,frnd788,1
42663-1,frnd777,1
42663-1,frnd781,1
42663-1,frnd789,1
42669-1,frnd812,1
42669-1,frnd815,1
42669-1,frnd817,1
42669-1,frnd818,1
42670-1,frnd786,1
42670-1,frnd792,1
42670-1,frnd799,1
42670-1,frnd800,1
42670-1,frnd801,1
42670-1,frnd802,1
42670-1,frnd803,1
42670-1,frnd804,1
42670-1,frnd805,1
42672-1,frnd782,1
42672-1,frnd807,1
4274-1,fre002,1
4284-1,trn112,1
4285-1,pck014,1
4288-1,ovr016,1
4288-1,ver012,1
4291-1,pln081,1
4291-1,ovr028,1
4297-1,rac085,1
4298-1,rac099,1
4299-1,rac078,1
4300-1,rac102,1
4301-1,rac095,1
4304-1,cop038,1
4305-1,sp043,1
43102-1,vid001,1
43103-1,vid016,1
43104-1,vid003,1
43105-1,vid004a,1
43106-1,vid005,1
43107-1,vid014,1
43109-1,vid019,1
43110-1,vid020,1
43111-1,vid021,1
43111-1,vid022,1
43112-1,vid023,1
43112-1,vid024,1
43113-1,vid025,1
43113-1,vid026,1
43113-1,vid027,1
43114-1,vid028,1
43114-1,vid029,1
43114-1,vid030,1
43115-1,vid031,1
43115-1,vid032,1
43115-1,vid033,1
43115-1,vid034,1
43170-1,moa004,1
43172-1,dp021,4
43172-1,dp041,1
43172-1,dp042,1
43172-1,dp076,1
43173-1,dp078,1
43174-1,dp080,1
43174-1,dp081,1
43174-1,dp082,1
43175-1,dp083,1
43175-1,dp084,1
43175-1,dp085,1
43175-1,dp086,1
43176-1,dp087,1
43176-1,dp088,1
43176-1,dp089,1
43177-1,dp077,1
43177-1,38014pb01,2
43177-1,dp090,1
43177-1,dp091,1
43177-1,dp092,1
43177-1,dp093,1
43178-1,dp102,1
43180-1,dp077,1
43180-1,38014pb01,2
43180-1,dp096,1
43180-1,dp097,1
43180-1,dp098,1
43180-1,dp100,1
43180-1,dp101,1
43180-1,dp099,1
43181-1,dp116,1
43181-1,dp117,1
43182-1,dp079,1
43183-1,moa004,1
43184-1,dp118,1
43185-1,dp119,1
43185-1,dp120,1
43187-1,dp103,1
43187-1,dp104,1
43188-1,dp105,1
43188-1,dp106,1
43189-1,dp086,1
43189-1,dp110,1
43189-1,dp111,1
43189-1,dp112,1
43189-1,dp113,1
43191-1,dp108,1
43191-1,dp109,1
43192-1,dp114,1
43192-1,dp095b,1
43193-1,dp121,1
43193-1,dp122,1
43193-1,dp123,1
43193-1,dp124,1
43193-1,dp125,1
43194-1,dp138,1
43194-1,dp140,1
43194-1,dp141,1
43194-1,dp142,3
43195-1,dp132,1
43195-1,dp133,1
43196-1,dp077,1
43196-1,38014pb01,2
43196-1,dp121,1
43196-1,dp127,1
43196-1,dp126,1
43196-1,dp128,1
43196-1,dp129,1
43196-1,dp130,1
43196-1,dp131,1
43196-1,dp129s,1
43197-1,dp134,1
43197-1,dp135,1
43197-1,dp136,1
43197-1,dp137,1
43197-1,dp138,1
43197-1,dp139,4
43198-1,dp147,1
43199-1,dp139,1
43199-1,dp143,1
43200-1,dis058,1
43200-1,dis059,1
43201-1,dis060,1
43201-1,dis061,1
43201-1,dis062,1
43202-1,dis058,1
43202-1,dis063,1
43202-1,dis064,1
43203-1,dp144,1
43203-1,dp145,1
43203-1,dp146,1
43204-1,dp138,1
43204-1,dp160,1
43205-1,dp133,1
43205-1,dp163,1
43205-1,dp164,1
43205-1,dp165,1
43205-1,dp166,1
43206-1,dp159,1
43206-1,dp161,1
43206-1,dp162,1
43207-1,dp150,1
43207-1,dp151,1
43207-1,dp152,1
43208-1,dp148,1
43208-1,dp149,1
43209-1,dp158,1
43210-1,dp171,1
43210-1,dp172,1
43211-1,dp176,1
43211-1,dp175,1
43211-1,dp177,1
43212-1,toy016,1
43212-1,dis088,1
43212-1,dis086,1
43212-1,dis087,1
43212-1,dis085,1
43212-1,dis089,1
43213-1,dp178,1
43213-1,dp179,1
43213-1,dp180,1
43214-1,dp167,1
43215-1,dp170,1
43215-1,dp171,1
43215-1,dis116,1
43215-1,dis117,1
43215-1,dis118,1
43215-1,dis119,1
43215-1,dis120,1
43215-1,dis122,1
43215-1,dis121,1
43215-1,dis123,1
43215-1,dis124,1
43215-1,dis125,1
43215-1,dis126,1
43216-1,dp168,1
43216-1,dp169,1
43216-1,dp170,1
43217-1,dis091,1
43217-1,dis090,1
43218-1,dp182,1
43218-1,dp183,1
43218-1,dp184,1
43218-1,dp185,1
43219-1,dp173,1
43219-1,dp174,1
43220-1,dis083,1
43220-1,dis084,1
43220-1,dis082,1
43221-1,dis115,1
43222-1,dis096,1
43222-1,dis132,1
43222-1,dis133,1
43222-1,dis134,1
43222-1,dis135,1
43222-1,dis136,1
43222-1,dis137,1
43222-1,dis138,1
43223-1,dis143,1
43223-1,dis146,1
43224-1,dis143,1
43224-1,dis146,1
43224-1,dis148,1
43224-1,dis149,1
43225-1,dis110,1
43225-1,dis114,1
43225-1,dis113,1
43225-1,dis112,1
43225-1,dis111,1
43227-1,dis127,1
43227-1,dis128,1
43227-1,dis129,1
43227-1,dis130,1
43229-1,dp181,1
43230-1,dis140,1
43230-1,dis141,1
43230-1,dis142,1
43231-1,dis143,1
43231-1,dis144,1
43231-1,dis145,1
43231-1,dis146,1
43232-1,dis086,1
43232-1,dis087,1
43232-1,dis139,1
43233-1,dis123,1
43234-1,dp139,1
43234-1,dp190,1
43235-1,dp193,1
43237-1,dis154,1
43238-1,dp191,1
43238-1,dp192,1
43239-1,dis117,1
43240-1,dp175,1
43240-1,dp194,1
43241-1,dp187,1
43241-1,dp188,1
43241-1,dp186,1
43242-1,dis128,1
43242-1,dis134,1
43242-1,dis135,1
43242-1,dis155,1
43242-1,dis156,1
43242-1,dis157,1
43242-1,dis158,1
43242-1,dis159,1
43242-1,dis160,1
43242-1,dis161,1
43244-1,dp137,1
43244-1,dp138,1
43244-1,dp196,1
43244-1,dp197,1
43245-1,dis117,1
43245-1,dis154,1
43245-1,dis166,1
43245-1,dis169,1
43245-1,dis168,1
43245-1,dis167,1
43245-1,dis170,1
43246-1,dis119,1
43246-1,dis150,1
43246-1,dis151,1
43246-1,dis152,1
43248-1,dis162,1
43248-1,dis163,1
43248-1,dis164,1
43248-1,dis165,1
43251-1,dis117,1
43251-1,dis166,1
43252-1,moa005,1
43254-1,dp193,1
43254-1,dp195,1
43256-1,dp207,1
43256-1,dp208,1
43256-1,dp209,1
43259-1,dp204,1
43260-1,dp198,1
43260-1,moa006,1
43261-1,dis166,1
43261-1,dis173,1
43262-1,dis180,1
43262-1,dis181,1
43263-1,38014pb01,2
43263-1,dp217,1
43263-1,dp213,1
43263-1,dp215,1
43263-1,dp216,1
43263-1,dp214,1
43263-1,dp220,1
43263-1,dp218,1
43263-1,dp219,1
43263-1,dp222,1
43263-1,dp223,1
43263-1,dp221,1
43265-1,dp207,1
43265-1,dp210,1
43265-1,dp211,1
43266-1,dp212,1
43268-1,dis174,1
43268-1,dis175,1
43268-1,dis177,1
43268-1,dis179,1
43268-1,dis178,1
43268-1,dis176,1
43270-1,moa007,1
43270-1,moa008,1
43270-1,moa009,1
43275-1,dp205,1
43275-1,dp206,1
43276-1,dp202,1
43276-1,dp203,1
44015-1,hf001,1
44015-1,hf007,1
44015-1,hf008,1
44015-1,hf009,1
44016-1,hf002,1
44017-1,hf002,1
44017-1,hf008,1
44017-1,hf009,1
44018-1,hf003,1
44018-1,hf007,1
44019-1,hf004,1
44019-1,hf008,1
44020-1,hf006,1
44021-1,hf001,1
44021-1,hf003,1
44022-1,hf001,1
44022-1,hf008,1
44022-1,hf009,1
44023-1,hf004,1
44023-1,hf013,1
44024-1,hf010,1
44025-1,hf011,1
44025-1,hf012,1
44026-1,hf014,1
44027-1,hf013,1
44027-1,hf015,1
44028-1,hf007,1
44028-1,hf008,1
44028-1,hf019,1
44028-1,hf020,1
44029-1,hf013,1
44029-1,hf017,1
44029-1,hf018,1
44029-1,hf021,1
442-1,sp006,1
4427-1,cty0287,1
4429-1,cty0278,1
4429-1,cty0317,1
4429-1,cty0318,1
4429-1,cty0319,1
4430-1,cty0300,1
4430-1,cty0301,1
4430-1,cty0302,1
4431-1,cty0270,1
4431-1,cty0271,1
4431-1,cty0272,1
4432-1,cty0268,1
4432-1,cty0269,1
4433-1,oct066,1
4433-1,oct067,1
4434-1,cty0290,1
4434-1,cty0291,1
4435-1,cty0261,1
4435-1,cty0262,1
4436-1,cty0007,1
4436-1,cty0260,1
4437-1,cty0266,1
4437-1,cty0276,1
4438-1,cty0264,1
4438-1,cty0265,1
4438-1,cty0273,1
4438-1,cty0282,1
4439-1,cty0273,1
4439-1,cty0274,1
4439-1,cty0277,1
4440-1,cty0263,1
4440-1,cty0264,1
4440-1,cty0266,1
4440-1,cty0265,1
4440-1,cty0267,1
4441-1,cty0208,1
4441-1,cty0273,1
4442-1,twn164,1
4442-1,twn165,1
4443-1,cc4443,1
4444-1,cc4444,1
4445-1,cc4445,1
4446-1,cc4446,1
4447-1,cc4447,1
4448-1,cc4448,1
4449-1,cc4449,1
4450-1,cc4450,1
445-1,old009a,2
4451-1,cc4451,1
4452-1,cc4452,1
4453-1,cc4453,1
4454-1,cc4454,1
4455-1,cc4455,1
4456-1,cc4456,1
4457-1,wc4457,1
4471-1,cc4471,1
4472-1,cc4472,1
4473-1,cty0267,1
4473-1,cty0383,1
4475-1,sw0010,1
4475-1,sw0028,1
4475-1,sw0076,1
4476-1,sw0002,1
4476-1,sw0075,1
4477-1,sw0077,1
4478-1,sw0061,2
4478-1,sw0062,1
4478-1,sw0078,1
4478-2,sw0061,2
4478-2,sw0062,1
4478-2,sw0078,1
4479-1,sw0035,1
4480-1,sw0070,1
4480-1,sw0071,1
4480-1,sw0072,1
4480-1,sw0073,1
4480-1,sw0074,1
4480-1,sw0079,1
4482-1,sw0058,4
4483-1,sw0019,1
4483-1,sw0101,2
4483-1,sw0102,1
4483-2,sw0019,1
4483-2,sw0101,2
4483-2,sw0102,1
4496-3,chef013,1
4496-3,twn029,1
45000-1,47205pb016,1
45000-1,47394pb159,1
4500-1,sw0108,1
4500-1,sw0012a,1
4500-1,sw0019a,1
45001-1,47205pb014,1
45001-1,47205pb016,1
45001-1,47205pb025,1
45001-1,47205pb026,1
45001-1,47205pb028,1
45001-1,47394pb197,1
4500-2,sw0108,1
4500-2,sw0012a,1
4500-2,sw0019a,1
45002-1,47394pb074,1
45002-1,47394pb075,1
45002-1,47394pb156,2
45002-1,47394pb157,1
45002-1,47394pb159,1
45005-1,47205pb026,1
45005-1,47205pb026a,1
45005-1,47205pb028,1
45005-1,47205pb028a,1
45005-1,47205pb014,1
45005-1,47205pb014a,1
45005-1,47205pb016,1
45005-1,47205pb016a,1
45005-1,47394pb197,1
45005-1,47394pb197a,1
45005-1,47394pb159,1
45005-1,47394pb159a,1
45006-1,47394pb166,1
45006-1,47394pb169,1
45006-1,47394pb170,1
45006-1,47394pb171,1
45007-1,47205pb025,1
45007-1,47205pb028,1
45007-1,47394pb167,1
45007-1,47394pb170,1
45008-1,47205pb025,1
45008-1,47394pb156,1
45008-1,47394pb166,1
45008-1,47205pb039,1
45008-1,47394pb207,1
45010-1,47394pb076,1
45010-1,85363pb003,1
45010-1,47394pb207,1
45010-1,47394pb207a,1
45010-1,47394pb173,1
45010-1,47394pb173a,1
45010-1,47394pb170,1
45010-1,47394pb170a,1
45010-1,47394pb180,1
45010-1,47394pb180a,1
45010-1,47394pb206,1
45010-1,47394pb206a,1
45010-1,47394pb209,1
45010-1,47394pb209a,1
45010-1,47394pb171,1
45010-1,47394pb171a,1
45010-1,47394pb169,1
45010-1,47394pb169a,1
45010-1,47394pb168,1
45010-1,47394pb168a,1
45010-1,47394pb208,1
45010-1,47394pb208a,1
45010-1,47394pb157,1
45010-1,47394pb157a,1
45010-1,47394pb165,1
45010-1,47394pb165a,1
45010-1,47394pb156,1
45010-1,47394pb156a,1
45010-1,47394pb182a,1
45010-1,47394pb182,1
45010-1,47394pb166,1
45010-1,47394pb166a,1
45010-1,47394pb167,1
45010-1,47394pb302,1
45010-1,47394pb183,1
45010-1,47394pb183a,1
45010-1,47394pb174,1
45010-1,47394pb174a,1
4501-1,sw0021,1
4501-1,sw0109,1
4501-1,sw0110,1
4501-1,sw0111,1
4501-1,sw0023a,1
45011-1,47205pb044,1
45011-1,47205pb044a,1
45011-1,47205pb025,1
45011-1,47205pb025a,1
45011-1,47205pb043,1
45011-1,47205pb043a,1
45011-1,47205pb042,1
45011-1,47205pb042a,1
45011-1,47205pb039,1
45011-1,47205pb039a,1
45011-1,47205pb028,1
45011-1,47205pb028a,1
45011-1,47205pb035,1
45011-1,47205pb035a,1
45011-1,47205pb041,1
45011-1,47205pb041a,1
45011-1,47394pb207,1
45011-1,47394pb207a,1
45011-1,47394pb190,1
45011-1,47394pb190a,1
45011-1,47394pb170,1
45011-1,47394pb170a,1
45011-1,47394pb206,1
45011-1,47394pb206a,1
45011-1,47394pb208,1
45011-1,47394pb208a,1
45011-1,47394pb191,1
45011-1,47394pb191a,1
45011-1,47394pb211,1
45011-1,47394pb297,1
45011-1,47394pb210,1
45011-1,47394pb298,1
4501-2,sw0021,1
4501-2,sw0109,1
4501-2,sw0110,1
4501-2,sw0111,1
4501-2,sw0023a,1
45014-1,47205pb014,1
45014-1,47205pb016,1
45014-1,47205pb026,1
45014-1,47394pb159,1
45014-1,47205pb028,1
45014-1,47394pb197,1
45015-1,47394pb074,1
45015-1,47394pb075,1
45015-1,47394pb156,2
45015-1,47394pb157,1
45015-1,47394pb159,1
45016-1,47205pb001,1
45016-1,47205pb012,1
45016-1,47205pb013,1
45016-1,47205pb016,1
45017-1,47205pb014,1
45017-1,47205pb016,1
45017-1,47205pb025,1
45017-1,47205pb026,1
45017-1,47205pb028,1
45017-1,47394pb197,1
4502-1,sw0028,1
4502-1,sw0051,1
4502-1,sw0106,1
45021-1,47205pb028,1
45021-1,47394pb180,1
45021-1,47394pb191,1
45021-1,47205pb039,1
45021-1,47205pb043,1
45021-1,47205pb044,1
4502-2,sw0028,1
4502-2,sw0051,1
4502-2,sw0106,1
45022-1,cty0668,1
45022-1,cty0715,1
45022-1,cty0716,1
45022-1,cty0717,1
45022-1,doc037,1
45022-1,cty0718,1
45022-1,trn240,1
45022-1,cty0719,1
45022-1,cty0720,1
45022-1,cty0721,1
45022-1,cty0722,1
45022-1,cty0723,1
45022-1,pln180,1
45022-1,cty0724,1
45022-1,cty0725,1
45022-1,cty0726,1
45022-1,chef024,1
45022-1,twn279,1
45022-1,twn280,1
45022-1,twn281,1
45022-1,post011,1
45023-1,cas545,1
45023-1,pi183,1
45023-1,cty0727,1
45023-1,hol283,1
45023-1,edu023,1
45023-1,hol085,1
45023-1,twn282,1
45023-1,hol086,1
45023-1,cas543,1
45023-1,cas547,1
45023-1,pi184,1
45023-1,cas544,1
45023-1,cas548,1
45023-1,pi180,1
45023-1,pi179,1
45023-1,sp126,1
45023-1,cas549,1
45023-1,pi182,1
45023-1,pi181,1
45023-1,twn283,1
45023-1,cas550,1
45024-1,47205pb037,1
45024-1,47205pb038,1
45024-1,47205pb042a,1
45024-1,47394pb173a,1
45024-1,47394pb165a,1
45024-1,47205pb041a,1
45025-1,47205pb037,1
45025-1,47205pb050,1
45025-1,47205pb051,1
45025-1,47394pb248,1
45025-1,47394pb254,1
45025-1,47205pb044a,1
45028-1,47205pb037,1
45028-1,47205pb044,1
45028-1,47394pb203a,1
45028-1,47205pb050,1
45028-1,47205pb051,1
45028-1,47394pb246,1
45030-1,47205pb038,1
45030-1,47394pb203a,1
45030-1,47394pb226,1
45030-1,47394pb227,1
45030-1,47394pb233,1
45030-1,47205pb059,1
45030-1,47205pb042a,1
45030-1,47394pb252,1
45030-1,47394pb253,1
45030-1,47394pb256,1
45030-1,47394pb263,1
45030-1,47394pb269,1
45030-1,47394pb272,1
45030-1,47394pb273,1
45030-1,47205pb068,1
45030-1,47205pb069,1
45030-1,47394pb283,1
45030-1,47205pb075,1
45030-1,47394pb294,1
45030-1,47394pb295,1
45030-1,47394pb296,1
45030-1,47205pb044a,1
45030-1,47205pb076,1
45030-1,47394pb299,1
45030-1,47394pb300,1
45030-1,47394pb301,1
4504-1,sw0010,1
4504-1,sw0113,1
4504-1,sw0011a,1
4504-1,sw0081,1
4504-1,sw0080,1
4504-1,sw0115,1
4504-2,sw0010,1
4504-2,sw0113,1
4504-2,sw0011a,1
4504-2,sw0081,1
4504-2,sw0115,1
45110-1,gen001,2
4511-1,trn115,1
4511-1,trn116,1
4511-1,trn117,1
4512-1,trn076,1
4512-1,trn001,1
4512-1,trn002,1
4513-1,trn075,1
4513-1,trn001,1
4513-1,twn020,1
4513-1,chef010,1
4513-1,twn026,1
4514-1,trn001,1
4514-1,trn002,1
452-1,sp006,1
45210-1,edu001,1
45210-1,edu002,1
4521221-1,sw0158,1
4525-1,trn051,1
4532-1,trn060,1
4533-1,trn058,1
45345-1,pln191,1
45345-1,pln192,1
45345-1,pln193,1
45345-1,pln194,1
4537-1,oct012,1
4539-1,trn045,1
4541-1,trn055,1
4541-1,trn058,1
4543-1,trn026,1
4544-1,trn034,1
4546-1,trn047,1
4547-1,trn008,1
4547-1,trn011,1
4547-1,trn035,1
4547-1,trn036,1
4547-1,trn037,1
4549-1,trn047,1
4549-1,trn048,1
4551-1,trn045,1
4552-1,trn054,1
4552-1,trn057,1
4553-1,trn055,1
4553-1,trn058,1
4554-1,trn045,1
4554-1,trn050,2
4554-1,trn064,1
4554-1,chef004,1
4554-1,trn008,1
4554-1,trn009,1
4554-1,trn028,1
4555-1,trn046,1
4555-1,trn054,1
4555-1,trn030,1
4556-1,trn061,1
4556-1,trn062,1
4556-1,trn063,1
4556-1,chef006,1
4556-1,trn017,1
4556-1,trn019,1
4556-1,trn033,1
4557-1,trn055,1
4557-1,trn018,1
4558-1,trn045,1
4558-1,trn050,1
4558-1,trn065,1
4558-1,trn006,1
4558-1,trn007,1
4558-1,trn010,1
4558-1,trn023,1
4558-1,trn027,1
4558-1,trn038,1
4558-1,trn039,1
4558-1,trn040,1
4559-1,trn054,1
4559-1,trn060,1
4559-1,trn005,1
4559-1,trn013,1
4559-1,trn021,1
4559-1,oct014,1
4559-1,cop011,1
4559288-1,pm005,1
4559385-1,pm005,1
4559387-1,pm005,1
4560-1,trn052,1
4560-1,trn059,1
4560-1,trn062,1
4560-1,trn063,1
4560-1,trn016,1
4560-1,trn022,1
4560-1,bnk001,1
4560-1,trn032,1
4560-1,ext016,1
4561-1,trn052,1
4561-1,trn059,1
4561-1,trn062,1
4561-1,trn063,1
4561-1,trn016,1
4561-1,trn022,1
4561-1,bnk001,1
4561-1,trn032,1
4561-1,ext016,1
4563-1,trn045,1
4563-1,trn051,1
4563-1,trn025,1
4564-1,trn046,1
4564-1,trn049,1
4564-1,trn026,1
4565-1,trn054,1
4565-1,trn057,1
4565-1,trn060,1
4566-1,30598pb06,1
4567-1,30599pb02,1
45678-1,edu007,1
45678-1,edu008,1
4568-1,30599pb07,1
4569-1,30599pb03,1
4570-1,30598pb02,1
4571-1,30599pb04,1
4572-1,30598pb03,1
4573-1,30598pb04,1
4574-1,30599pb05,1
4575-1,30599pb06,1
4576-1,30598pb07,1
4577-1,30598pb05,1
4578-1,30598pb08,1
4579-1,30599pb01,1
4579-1,30598pb01,1
45800-1,fst019,1
45800-1,fst020,1
45801-1,fst021,1
45801-1,fst022,1
45802-1,fst023,1
45802-1,fst024,1
45804-1,fst025,1
45806-1,fst026,1
45806-1,fst027,2
45809-1,fst032,1
45812-1,47205pb038,1
45812-1,47205pb044,1
45812-1,47205pb059,1
45812-1,47205pb090,1
45813-1,fst033,2
45815-1,47205pb038,1
45815-1,47205pb059,1
45815-1,47205pb042a,1
45815-1,47205pb090,1
45818-1,47205pb038,1
45818-1,47205pb066,1
45818-1,47205pb076,1
45818-1,47205pb090,1
45820-1,fst050,1
45820-1,fst051,1
4582-1,rac079,1
45821-1,fst046,1
45821-1,fst047,1
45821-1,fst048,1
45821-1,fst049,1
45822-1,47205pb038,1
45822-1,47205pb066,1
45822-1,47205pb076,1
45822-1,47205pb090,1
45823-1,gen091,1
45823-1,pln197,7
45823-1,fst035,1
45823-1,fst036,1
45823-1,fst037,1
45823-1,fst041,1
45823-1,fst043,1
45823-1,pln199,1
45823-1,pln200,1
45823-1,pln201,1
45823-1,pln202,1
45823-1,pln203,1
45823-1,pln204,1
45823-1,pln205,1
45823-1,pln206,1
45824-1,fst035,1
45824-1,fst036,1
45824-1,fst037,1
45824-1,fst038,1
45824-1,fst039,1
45824-1,fst040,1
45824-1,fst041,1
45824-1,fst042,1
45824-1,fst043,1
45824-1,fst044,1
45824-1,fst045,1
4583-1,rac077,1
4584-1,rac013,1
4585-1,rac007,1
4586-1,rac094,1
4587-1,rac017,1
4587-1,rac016,1
4588-1,rac086,1
4588-1,rac087,1
4589-1,rac014,1
4590-1,rac098,1
4591-1,rac100,1
4592-1,rac084,1
4593-1,rac082,1
4593-1,rac083,1
4594-1,rac088,1
4594-1,rac089,1
4595-1,rac096,1
4595-1,rac101,1
4596-1,rac021,1
4600-1,js016,1
4601-1,js001,1
4603-1,js003,1
4604-1,js005,1
4604-1,js028,1
4605-1,js007,1
4605-1,js004,1
4606-1,js010,1
4606-1,js013,1
4607-1,js004,1
4607-1,js018,1
4608-1,js011,1
4608-1,js012,1
4608-1,js013,1
4609-1,js007,1
4609-1,js001,1
4609-1,js002,1
4610-1,js003,1
4610-1,js010,1
4610-1,js015,1
4610-1,js017,1
4611-1,js009,1
4611-1,js012,1
4611-1,js005,1
4611-1,js016,1
4611-1,js017,1
4612-1,js026,1
4613-1,js027,1
4614-1,js008,1
4615-1,js008,1
4616-1,js027,1
4617-1,js014,1
4617-1,js021,1
4618-1,js026,1
4618-1,js029,1
4619-1,js019,1
4619-1,js025,1
4620-1,js014,1
4620-1,js019,1
4620-1,js020,1
4620-1,js022,1
4620-1,js023,1
462-1,sp005,1
462-1,sp006,1
4621-1,js001,1
4621-1,js013,1
4622-1,js003,1
4622-1,js004,1
4625-1,twn154,1
4626-1,cty0296,1
4631-1,47394pb113,1
4635-1,cty0215,1
4635-1,cty0295,1
4636-1,cty0288,1
4636-1,cty0289,1
4637-1,cty0281,1
4637-1,cty0275,1
4641-1,oct056,1
4641-1,oct056a,1
4642-1,cty0232,1
4642-1,cty0232a,1
4642-1,cty0229,1
4642-1,cty0229a,1
4643-1,oct064,1
4643-1,oct065,1
4644-1,cty0235,1
4644-1,cty0237,1
4644-1,cty0234,1
4644-1,cty0236,1
4644-1,cty0236a,1
4644-1,cty0233,1
4644-1,cty0233a,1
4645-1,cty0245,1
4645-1,cty0246,1
4645-1,cty0247,1
4645-1,boat012,1
4651-1,4j002,1
4652-1,4j001,1
4653-1,4j003a,1
4654-1,4j001,1
4655-1,js024,1
4655-1,js028,1
4657-1,js007,1
4657-1,js001,1
4657-1,js002,1
4659-1,47394pb073,1
4661-1,47394pb001,1
4661-1,47394pb072,1
4662-1,47394pb052,1
4663-1,47394pb018,1
4663-1,47205pb001,1
4664-1,47394pb061,1
4664-1,47394pb026,1
4664-1,47394pb077,1
4664-1,47394pb025,1
4664-1,47394pb076,1
4664-1,47394pb010,1
4665-1,47394pb015,1
4665-1,47205pb002,1
4665-1,47394pb019,1
4666-1,4j008,1
4667-1,4j006,1
4668-1,js022,1
4668-1,4j003,1
4669-1,4j008,1
4669-1,4j017,1
4680-1,47394pb024,1
4680-1,47394pb067,1
4681-1,47394pb061,1
4681-1,47394pb076,1
4683-1,47205pb009,1
4683-1,47205pb001,1
4684-1,47394pb023,1
4684-1,47394pb023a,1
4685-1,47394pb041,1
4686-1,47394pb030,1
4686-1,47394pb011a,1
4687-1,47394pb011a,1
4688-1,47394pb002,1
4688-1,47394pb001,1
4688-1,47394pb072,1
4689-1,47205pb006,1
4689-1,47205pb011,1
4689-1,47394pb068,1
4689-1,47394pb103,1
4689-1,47394pb039,1
4689-1,47394pb104,1
4690-1,47205pb005,1
4690-1,47394pb028,1
4691-1,47394pb034,1
4691-1,47394pb031,1
4691-1,47394pb016,1
4691-1,47394pb033,1
4691-1,47394pb035,1
4691-1,47394pb032,1
4692-1,47394pb061,1
4693-1,47394pb009,1
4694-1,47394pb009,1
4694-1,47394pb027,1
4701-1,hp035,1
4702-1,hp011,1
4702-1,hp005,1
4704-1,hp005,1
4704-1,hp007,1
4704-1,hp016,1
4705-1,hp012,1
4705-1,hp010,1
4705-1,hp007,1
4706-1,hp007,1
4706-1,hp002,1
4706-1,hp036,1
4707-1,hp008,1
4707-1,hp009,1
4708-1,hp006,1
4708-1,hp004,1
4708-1,hp003,1
4709-1,hp012,1
4709-1,hp008,1
4709-1,hp009,1
4709-1,hp010,1
4709-1,hp007,1
4709-1,hp002,1
4709-1,hp015,1
4709-1,hp036,1
4709-1,hp040,1
4711-1,hp005,1
4711-1,hp040,1
4712-1,hp005,1
4712-1,41983,1
4714-1,hp009,1
4714-1,hp004,1
4714-1,hp079,1
4714-1,hp078,1
471701-1,njo0347,1
471702-1,frnd207,1
471905-1,tlm125,1
471906-1,tlm174,1
4719-1,hp037,1
4720-1,hp038,1
4720-1,hp039,1
472102-1,frnd463,1
4721-1,hp036,1
4722-1,hp034,1
472302-1,47394pb331,1
4723-1,hp001,1
472407-1,sw1395,1
4726-1,hp020,1
4726-1,hp019,1
4726-1,hp021,1
4727-1,hp032,1
4727-1,hp033,1
4728-1,hp006,1
4728-1,hp023,1
4728-1,hp025,1
4729-1,hp008,1
4729-1,hp005,1
4729-1,hp022,1
4730-1,hp005,1
4730-1,hp007,1
4730-1,hp029,1
4730-1,hp030,1
4730-1,hp031,1
4731-1,hp017,1
4731-1,hp018,1
4733-1,hp012,1
4733-1,hp005,1
4733-1,hp028,1
4733-1,hp040,1
4735-1,hp026,1
4735-1,hp027,1
4735-1,hp040,1
4736-1,hp094,1
4736-1,hp104,1
4736-1,hp105,1
4737-1,hp106,1
4737-1,hp107,1
4737-1,hp108,1
4737-1,hp109,1
4737-1,hp110,1
4738-1,hp095,1
4738-1,hp094,1
4738-1,hp111,1
4738-1,hp112,1
4742-1,alp027,1
4743-1,alp024,1
4744-1,alp028,1
4744-1,alp032,1
4745-1,alp022,1
4745-1,alp026,1
4746-1,alp022,1
4746-1,alp021,1
4746-1,alp024,1
4746-1,alp028,1
4746-1,alp031,1
4748-1,alp022,2
4748-1,alp026,1
4748-1,alp029,1
4748-1,alp031,1
4750-1,hp024,1
4751-1,hp050,1
4751-1,hp051,1
4751-1,hp052,1
4752-1,hp042,1
4752-1,hp043,1
4752-1,hp044,1
4753-1,hp045,1
4753-1,hp046,1
4753-1,hp056a,1
4754-1,hp061,1
4754-1,hp063,1
4755-1,hp047,1
4755-1,hp059,1
4756-1,hp045,1
4756-1,hp048,1
4756-1,hp041,1
4756-1,hp062,1
4757-1,gen004,1
4757-1,hp046,2
4757-1,hp049,1
4757-1,hp053,1
4757-1,hp054,1
4757-1,hp055,1
4757-1,hp056,1
4757-1,hp060,1
4758-1,hp042,1
4758-1,hp046,1
4758-1,hp057,1
4758-1,hp058,1
4762-1,hp064,1
4762-1,hp065,1
4762-1,hp066,1
4762-1,hp067,1
4762-1,hp068,1
4766-1,hp071,1
4766-1,hp074,1
4766-1,gen013,1
4766-1,gen014,1
4766-1,gen174,1
4766-1,gen174a,1
4766-1,hp069a,1
4766-1,hp069b,1
4766-1,hp069c,1
4766-1,hp069d,1
4766-1,hp073a,1
4766-1,hp073b,1
4766-1,gen176,1
4766-1,gen176a,1
4767-1,hp070,1
4767-1,hp072,1
4767-1,hp075,1
4768-1,hp076,1
4768-1,hp077,1
4768-2,hp064,1
4768-2,hp065,1
4768-2,hp072,1
4768-2,hp074,1
4768-2,hp076,1
4768-2,hp077,1
4770-1,alp022,1
4770-1,alp030,1
4774-1,alp027,1
4774-1,alp033,1
4775-1,47394pb005,1
4775-1,47394pb006,1
4775-1,47394pb020,1
4776-1,47394pb012,1
4776-1,47394pb014,1
4776-1,47394pb003,1
4776-1,47394pb013,1
4777-1,47394pb005,1
4777-1,47394pb012,1
4777-1,47394pb092,1
4777-1,47394pb013,1
4777-1,47394pb093,1
4777-1,47394pb007,1
4777-1,47394pb083,1
4778-1,adv052,1
4779-1,47394pb056,1
4779-1,47394pb057,1
4784-1,47394pb005,1
4784-1,47394pb017,1
4785-1,47394pb053,4
4785-1,47394pb054,1
4785-1,47394pb055,1
4788-1,alp019,2
4789-1,alp034,1
4790-1,alp015,1
4791-1,alp010,1
4792-1,alp025,1
4793-1,alp019,2
4793-1,alp018,1
4794-1,alp012,1
4794-1,alp016,1
4795-1,alp020,1
4795-1,alp019,2
4795-1,alp017a,1
4796-1,alp020,1
4797-1,alp019,1
4798-1,alp020,1
4799-1,alp019,1
4800-1,alp017a,1
4801-1,cas246,1
4805-1,cas048,1
4805-1,cas049,1
4805-1,cas053,1
4805-1,cas055,1
4805-1,cas056,1
4806-1,cas045,1
4807-1,cas248,1
4810-1,pck014,1
4811-1,cas246,1
4816-1,cas034,1
4816-1,cas246,1
4817-1,cas202,1
4817-1,gen009,1
4818-1,cas046cm,1
4819-1,cas044,1
4819-1,cas279,1
4820-1,47205pb003,1
4820-1,47205pb004,1
4820-1,47394pb079,1
4821-1,47205pb017,1
4821-1,47394pb085a,1
4821-1,47394pb085,1
4822-1,47205pb007,1
4822-1,47205pb003,1
4824-1,6453pb004,1
4825-1,47205pb004,1
4826-1,47205pb003,1
4827-1,6453pb004,1
4828-1,47205pb017,1
4828-1,47394pb079,1
4830-1,6453pb005,1
483-1,sp005,1
483-1,sp006,2
4833-1,6453pb005,1
4836-1,6453pb005,1
4840-1,hp087,1
4840-1,hp088,1
4840-1,hp089,1
4840-1,hp090,1
4840-1,hp091,1
4840-1,hp092,1
4841-1,hp103,1
4841-1,hp113,1
4841-1,hp114,1
4841-1,hp115,1
4841-1,hp116,1
4842-1,hp093,1
4842-1,hp098,1
4842-1,hp100,1
4842-1,hp096,1
4842-1,hp097,1
4842-1,hp099,1
4842-1,hp095,1
4842-1,hp094,1
4842-1,hp101,2
4842-1,hp102,1
4850-1,wc005,1
4850-1,spd011,1
4850-1,spd012,1
485-1,old011,3
4851-1,spd001,1
4851-1,spd006,1
4851-1,spd007,1
4851-1,spd008,1
4851-1,spd009,1
4851-1,spd010,1
4852-1,spd001,1
4852-1,spd006,1
4852-1,spd013,1
4852-1,spd014,1
4853-1,spd018,1
4853-1,spd019,1
4853-1,spd028,1
4854-1,spd024,1
4854-1,spd026,1
4854-1,spd028,1
4854-1,spd003,1
4854-1,spd029,1
4855-1,spd017,1
4855-1,spd027,1
4855-1,spd028,1
4855-1,spd030,1
4856-1,spd015,1
4856-1,spd020,1
4856-1,spd021,1
4856-1,spd028,1
4856-1,spd031,1
4857-1,spd016,1
4857-1,spd022,1
4857-1,spd023,1
4857-1,spd028,1
4858-1,4j004,1
4858-1,4j005,1
4858-1,4j007,1
4860-1,4j004,1
4860-1,4j005,1
4860-1,4j012,1
4861-1,47394pb035,1
4861-1,47394pb106,2
4862-1,47394pb099,1
4862-1,47394pb005,1
4862-1,47394pb008,1
4863-1,47394pb020,1
4863-1,47394pb099,1
4864-1,47394pb007,1
4864-1,47394pb020,1
4864-1,47394pb092,1
4865-1,hp098,1
4865-1,hp094,1
4865-1,hp111,1
4865-1,hp126,1
4866-1,hp087,1
4866-1,hp127,1
4866-1,hp128,1
4867-1,hp094,1
4867-1,hp101,1
4867-1,hp104,1
4867-1,hp129,1
4867-1,hp130,1
4867-1,hp131,1
4867-1,hp132,1
487-1,sp005,1
487-1,sp006,1
4897-1,cty0131,1
4898-1,cty0109,1
4899-1,ovr036,1
4900-1,cty0303,1
4910-1,rck004,1
4912-1,cty0019,1
4920-1,rck002,1
492-1,old007,2
4930-1,rck001,1
4930-1,rck002,1
4930-1,rck003,1
4930-1,rck004,1
4930-1,rck005,1
493-1,sp005,2
493-1,sp006,2
493-3,sp005,2
493-3,sp006,2
4933-1,cty0031,1
4936-1,cty0082,1
4936-1,doc033,1
4937-1,par062,1
4938-1,cty0093,1
4940-1,rck001,1
4941-1,51799,1
4941-1,51799s,1
4942-1,51797,1
4942-1,51797s,1
4943-1,51796,1
4943-1,51796s,1
4944-1,51800,1
4944-1,51800s,1
4945-1,51801,1
4945-1,51801s,1
4946-1,51798,1
4946-1,51798s,1
4950-1,rck001,1
4960-1,47394pb018,1
4960-1,47205pb002,1
4960-1,47205pb008,1
4960-1,47394pb036,1
4960-1,47394pb037,1
4962-1,47394pb021,1
4962-2,47205pb026,1
4963-1,47394pb034,1
4964-1,47394pb058,1
4964-1,47394pb059,1
4964-1,47394pb101,1
4965-1,47394pb016,1
4965-1,47394pb034,1
4965-1,47394pb035,1
4965-1,47394pb081,1
4966-1,47205pb008,1
4966-1,47394pb036,1
4966-1,47394pb037,1
4966-1,47205pb010,1
4967-1,47394pb076,1
4967-1,47394pb077,1
4968-1,47394pb018,1
4968-1,47394pb021,1
4969-1,47394pb022,1
4970-1,rck001,1
497-1,sp005,2
497-1,sp006,2
4971-1,47394pb018,1
4971-1,47394pb021,1
4972-1,47205pb002,1
4973-1,47394pb087,1
4974-1,47205pb008,1
4974-1,47205pb018,1
4975-1,47394pb114,1
4975-1,47394pb115,1
4976-1,47394pb001,1
4977-1,47394pb076,1
4977-1,47394pb077,1
4977-1,47394pb122,1
4978-1,47394pb133,1
4979-1,47394pb086,1
4980-1,rck003,1
4980-1,rck004,1
4981-1,bob007,1
4981-1,bob010s,1
4981-1,bob009s,1
4982-1,bob002,1
4982-1,bob006,1
4982-1,bob008,1
4986-1,47394pb102,1
4987-1,47394pb001,1
4987-1,47394pb002,1
4988-1,47394pb001,1
4988-1,47394pb105,1
4988-1,47394pb102,1
4990-1,rck002,1
4990-1,rck003,1
4990-1,rck004,1
4990-1,rck005,1
4991-1,cty0092,1
4992-1,cty0043,1
4999-1,pln155,1
4999-1,pln156,1
4999-1,pln157a,1
4999-1,pln155s,1
4999-1,pln156s,1
5000022-1,sh0037,1
5000023-1,tls031,1
5000023-1,tls032,1
5000023-1,tls033,1
5000030-1,njo0043,1
5000062-1,sw0384,1
5000063-1,sw0385,1
5000193818-1,jw015,1
5000202-1,lor033,1
5000245-1,frnd008,1
5000281-1,cty0341,1
50003-1,85863pb101,1
50003-1,85863pb102,1
50003-1,85863pb103,1
50003-1,85863pb104,1
50003-1,85863pb105,1
50003-1,85863pb106,1
50003-1,85863pb107,1
50003-1,85863pb108,1
5000437-1,sp005new,1
5000437-1,jail004,1
5000437-1,stu010b,1
5000437-1,oct012new,1
5000437-1,firec001new,1
5000438-1,cas050new,1
5000438-1,pi013new,1
5000438-1,post001new,1
5000438-1,sp006new2,1
5000438-1,sp003new2,1
5000439-1,cas058,1
5000439-1,ww001,1
5000439-1,cas122new,1
5000439-1,chef007b,1
5000439-1,doc001b,1
5000440-1,hol007,1
5000440-1,cas229new,1
5000440-1,cas128new,1
5000440-1,sp004new,1
5000440-1,sp001new,1
50006-1,85863pb098,4
50006-1,85863pb099,4
50006-1,85863pb100,4
5000644-1,gen001,1
50011-1,85863pb109,1
50011-1,85863pb110,1
50011-1,85863pb111,1
50011-1,85863pb112,1
50011-1,85863pb113,1
50011-1,85863pb114,1
50011-1,85863pb115,4
50011-1,85863pb116,1
50011-1,85863pb117,1
50011-1,85863pb118,5
50011-1,85863pb119,11
5001121-1,gen048,1
5001621-1,sw0466,1
5001622-1,tls086,1
5001623-1,sh0082,1
5001709-1,sw0502,1
5002045-1,tlm061,1
5002122-1,sw0546,1
5002123-1,sw0547,1
5002125-1,sh0141,1
5002126-1,sh0114,1
5002127-1,tnt039,1
5002130-1,lor091,1
5002144-1,njo0109,1
5002144-1,njo0110,1
5002145-1,sh0090,1
5002146-1,cas437,1
5002146-1,col284,1
5002146-1,col285,1
5002146-1,col282,1
5002146-1,col283,1
5002147-1,col277,1
5002147-1,col278,1
5002147-1,col281,1
5002147-1,col280,1
5002147-1,col279,1
5002148-1,cas473,1
5002148-1,cty0531,1
5002148-1,cty0532,1
5002148-1,cty0533,1
5002148-1,cty0550,1
5002203-1,tlm058,1
5002204-1,tlm062,1
5002812-1,sp075new,1
5002812-1,sp006new2,1
5002938-1,sw0630,1
5002943-1,sh0181,1
5002946-1,sh0232,1
5002947-1,sw0633,1
5002948-1,sw0653,1
5003082-1,pi178,1
5003084-1,sh0212,1
5003085-1,njo0117,1
5003085-1,njo0176,1
5004076-1,sh0143,1
5004076-1,njo0108,1
5004076-1,loc114,1
5004076-1,cty0512,1
5004077-1,sh0211,1
5004077-1,njo0186,1
5004077-1,loc161,1
5004077-1,cty0617,1
5004081-1,sh0142,1
5004388-1,nex027,1
5004390-1,nex075,1
5004391-1,njo0218,1
5004391-1,njo0454,1
5004393-1,njo0273,1
5004394-1,njo0348,1
5004406-1,sw0715,1
5004408-1,sw0757,1
5004419-1,cas542,1
5004421-1,col265,1
5004421-1,col266,1
5004421-1,col267,1
5004421-1,col268,1
5004422-1,col262,1
5004422-1,col261,1
5004422-1,col263,1
5004422-1,col264,1
5004468-1,col135,1
5004573-1,col269,1
5004573-1,col270,1
5004573-1,col272,1
5004573-1,col271a,1
5004914-1,nex117,1
5004916-1,njo0346,1
5004920-1,frnd244,1
5004929-1,sh0390,1
5004930-1,sh0318,1
5004931-1,hol087,1
5004932-1,twn304,1
5004934-1,hol111,1
5004934-1,hol112,1
5004936-1,col302,1
5004936-1,col303,1
5004938-1,njo0417,1
5004938-1,njo0418,1
5004938-1,njo0419,1
5004938-1,njo0420,1
5004939-1,coltlbm21,1
5004939-1,coltlbm22,1
5004939-1,coltlbm23,1
5004939-1,coltlbm24,1
5004940-1,col308,1
5004940-1,col309,1
5004940-1,col310,1
5004940-1,col311,1
5004941-1,col304,1
5004941-1,col305,1
5004941-1,col306,1
5004941-1,col307,1
5005156-1,hol115,1
5005230-1,njo0423,1
5005233-1,gen098,1
5005236-1,frnd250,1
5005239-1,uni02,1
5005249-1,hol116,1
5005250-1,col330,1
5005251-1,col340,1
5005254-1,hp170,1
5005254-1,hp171,1
5005254-1,hp172,1
5005254-1,hp173,1
5005255-1,col331,1
5005255-1,col332,1
5005255-1,col333,1
5005256-1,col334,1
5005256-1,col335,1
5005256-1,col336,1
5005256-1,col337,1
5005257-1,njo0483,1
5005257-1,njo0484,1
5005257-1,njo0485,1
5005257-1,njo0486,1
5005358-1,tls097,1
5005376-1,sw0834,1
5005747-1,sw0985,1
5006065-1,gen148,1
5007428-1,twn449,1
5007866-1,twn466,1
5008074-1,90398pb049,2
5008074-1,90398pb050,2
5008076-1,sh0839,1
5008076-1,sh0871,2
5008076-1,sh0934,1
5008897-1,sp146,5
5008897-1,sp145,5
5009005-1,twn520,1
5009015-1,sh0998,1
5012-1,soc099,1
5013-1,nba056,1
5015-1,gg007,1
5016-1,nba049,1
5018-1,gg019a,1
5029-1,4555pb033,1
5029-1,6453pb010,1
5029-1,6453pb024,1
5029-1,4555pb187,1
5029-1,4555pb212,1
5029-1,4555pb213,1
5089-1,4555pb048,1
5089-1,4555pb012,1
5089-1,6453pb048,1
5089-1,4555pb228,1
5089-1,6453pb050,1
5089-1,4555pb239,1
5090-1,4555pb011,1
5090-1,4555pb003,1
5090-1,4555pb050,1
5090-1,6453pb042,1
5090-1,4555pb200,1
5090-1,6453pb045,1
5091-1,6453pb044,1
5091-1,4555pb227,1
5091-1,4555pb241,1
5091-1,4555pb242,1
5091-1,6453pb052,1
5091-1,4555pb261,1
520-1,pln021,1
522-1,dupfig001,1
522-1,dupfig015,1
522-1,dupfig035,2
523-1,dupfig015,1
523-1,dupfig019,1
523-1,dupfig027,1
523-1,dupfig034,1
523-1,dupfig036,1
5233-1,pln016,1
524-1,dupfig002,1
524-1,dupfig015,1
524-1,dupfig001r,1
524-1,dupfig019,1
524-1,dupfig027,1
524-1,dupfig028,1
524-1,dupfig034,1
525-1,pln067,1
527-1,pln021,1
530-1,pln016,1
530-1,pln019,1
533-2,dupfig041,1
5339-1,6453pb033,1
534-1,dupfig021,1
535-1,hor018,1
535-1,pln062,1
535-2,dupfig012,1
5352-3,47394pb015,1
5352-3,47205pb002,1
536-1,dupfig001r,1
536-1,dupfig019,1
537-1,pln016,1
537-1,pln019,1
537-2,dupfig019,1
537-2,dupfig020,1
537-2,dupfig034,1
5372-1,cas328,1
5373-1,cas339,1
5378-1,hp061,1
5378-1,hp064,1
5378-1,hp072,1
5378-1,hp080,1
5378-1,hp081,1
5378-1,hp082,1
5378-1,hp083,1
5378-1,hp085,1
5378-1,hp086,1
5380-1,47205pb002,1
5380-2,47394pb087,1
5383-1,gen001,1
540-1,pln022,1
540-1,pln023,1
540-2,pln051,1
540-2,cop023s,1
5410-1,72058,1
5412-1,72057,1
5417-1,47205pb011,1
5419-1,47394pb115,1
542-1,but010,1
542-1,con016,1
542-1,con016s,1
5424-1,baby022,1
5429-1,baby021,1
5434-1,baby013,1
5434-1,baby014,1
544-1,pln009,1
545-1,hor019,1
545-1,ncklc010,1
5462-1,baby023,1
5463-1,baby020,1
5464-1,baby016,1
5470-1,qtr001,1
547-1,pln022,1
547-1,pln023,1
5480-1,47394pb019,1
5480-1,47394pb039,1
5481-1,47205pb002,1
5481-1,47394pb041,1
5481-1,47394pb105,1
5485-1,47394pb018,1
5488-1,47394pb101,1
5488-1,47394pb114,1
5489-1,oct063,1
5497-1,47205pb002,1
550-1,pln102,1
550-1,pln133,1
550-2,old014,1
550-2,old015,1
5506-1,47394pb127,1
5507-1,47394pb113,1
5507-1,47394pb118,1
5508-1,twn098,1
5508-1,twn099,1
5513-1,47205pb006,1
5513-1,47205pb011,1
552301-1,drm003,1
552301-1,drm033,1
552302-1,drm034,1
552401-1,drm012,1
552402-1,drm044,1
552404-1,drm007,1
552405-1,drm067,1
552406-1,drm057,1
5531-1,cty0006,1
5532-1,cty0020,1
5532-1,cty0043,1
5536-1,47394pb041,1
5537-1,cty0213,1
554-1,pln069,1
554-1,exx004s,1
5543-1,tms12,1
5544-1,47394pb096,1
5544-1,tms06,1
5545-1,tms07,1
5546-1,tms06,1
5547-1,47394pb096,1
5547-1,tms08,1
555-1,old004,1
555-1,old006,3
555-1,old021,1
555-1,old022,1
555-1,old023,1
555-1,old046s,1
555-1,old047s,3
555-2,trn110,1
555-2,pln123,1
5552-1,tms08,1
5554-1,tms06,1
5554-1,tms09,1
5555-1,tms10,1
5556-1,tms12,1
5560-1,cty0149,1
556-1,fire005,1
556-1,fire005s,1
557-1,pln102,1
557-1,pln133,1
5572-1,47394pb087,1
5573-1,ovr040,1
5573-2,ovr040,1
558-1,con014,1
558-1,con014s,1
5592-1,47394pb015,1
5592-1,47394pb087,1
5593-1,47394pb109,1
5593-1,47394pb110,1
5593-1,47394pb111,1
5594-1,47394pb105,1
5594-1,47394pb121,1
5595-1,47394pb039,1
5595-1,47205pb020,1
5595-1,47394pb120,1
5595-1,47394pb121,1
5597-1,47394pb097,1
5598-1,47205pb019,1
5598-1,47394pb097,1
5598-1,47394pb098,1
5599-1,lea005,1
5600-1,lea005,1
560-1,pln024,1
560-1,pln046,1
5601-1,47394pb061,1
5601-1,47394pb076,1
5601-1,47394pb100,1
5602-1,47394pb035,1
5602-1,47394pb107,1
5603-1,47394pb077,1
5603-1,47394pb122,1
5604-1,47394pb015,1
5604-1,47394pb113,1
5605-1,47394pb101,1
5606-1,47394pb108,1
5607-1,47394pb001,1
5608-1,47205pb002,1
5608-1,47394pb030,1
5608-1,47394pb051,1
5609-1,47394pb051,1
5609-1,47394pb101,1
5609-1,47394pb102,1
5610-1,cty0052,1
5611-1,cty0051,1
5612-1,cty0008,1
5613-1,cty0093,1
5614-1,cas363,1
5615-1,cas362,1
5616-1,mm003,1
5616-1,mm006,1
5617-1,mm001,1
5618-1,cas368,1
561810-1,frnd339,1
561903-1,frnd279,1
561906-1,frnd320,1
5619-1,mm011,1
5620-1,cty0096,1
5621-1,cty0074,1
562502-1,frnd800,1
5625-1,cty0027,1
5626-1,cty0063,1
5627-1,cty0052,1
5632-1,47394pb116,1
5633-1,47394pb021,1
5634-1,47394pb018,1
5634-1,47205pb011,1
5634-1,47394pb114,1
5635-1,47394pb015,1
5635-1,47205pb008,1
5635-1,47394pb036,1
5635-1,47394pb018,1
5635-1,47394pb018b,1
5636-1,47205pb008,1
5636-1,47394pb051,1
5636-1,47394pb011b,1
5637-1,47394pb105,1
5638-1,47394pb117,1
5639-1,47205pb008,1
5639-1,47394pb036,1
5639-1,47394pb118,1
5639-1,85363pb001,1
5640-1,47394pb058,1
5640-1,47394pb036,1
5641-1,47394pb101,1
5641-1,47394pb113,1
5642-1,cty0132,1
5643-1,47394pb011b,1
5644-1,47394pb123,1
5645-1,47394pb115,1
5646-1,47205pb021,1
5647-1,47394pb087,1
5648-1,47394pb036,1
5648-1,47205pb018,1
5649-1,47394pb015,1
5649-1,47205pb002,1
5649-1,47394pb115,1
5650-1,47394pb001,1
5651-1,47394pb105,1
565-2,ver003,1
565-2,pln001,1
5652-1,47394pb001,1
5652-1,47394pb002,1
5653-1,47394pb001,1
5653-1,47394pb002,1
5653-1,47394pb105,1
5654-1,47205pb002,1
5654-1,47394pb127,1
5655-1,85363pb002,1
5655-1,47394pb131,1
5655-1,47394pb132,1
5656-1,47205pb010,1
5656-1,47394pb123,1
5657-1,47394pb129,1
5658-1,47394pb128,1
5658-1,47205pb022,1
5659-1,47394pb128,1
5659-1,47394pb129,1
5659-1,47394pb130,1
566-1,pln004,1
566-1,pln136,1
5678-1,47394pb141,1
5679-1,47394pb138,1
5680-1,47394pb035,1
5680-1,47394pb141,1
5681-1,47394pb035,1
5681-1,47394pb138,1
5681-1,47394pb141,2
5682-1,47394pb122,1
5683-1,47394pb015,1
5683-1,47394pb087,1
5684-1,47394pb115,1
5685-1,47394pb137,1
5691-1,47394pb128,1
5691-1,47394pb130,1
5691-1,47205pb022,1
5695-1,47394pb039,1
5695-1,85363pb002,1
5695-1,47394pb143,1
5696-1,47394pb087,1
575-1,pln126,3
575-1,pln127,1
575-1,pln128,1
575-1,env001,1
575-1,env002,3
575-1,env003,1
575-2,pln126,3
575-2,pln127,1
575-2,pln128,1
575-2,env001,1
575-2,env002,3
575-2,env003,1
5766-1,pln167,1
5770-1,cty0239,1
577-1,pln002,1
577-1,pln024,1
5771-1,pln168,1
5793-1,47394pb137,1
5794-1,47394pb132,1
5794-1,47394pb142,1
5795-1,47394pb114,1
5795-1,85363pb001,1
5795-1,47205pb020,1
5795-1,47394pb137,1
5795-1,47394pb143,1
5801-1,belvfairy05,1
5801-1,belvfairy05a,1
5802-1,belvfemale18,1
5802-1,belvfemale18a,1
5803-1,belvfemale47,1
5804-1,belvfemale14,1
5805-1,belvfemale17,1
5805-1,belvfairy02,1
5805-1,belvfairy02a,1
5805-1,belvfemale17b,1
5807-1,belvfemale47,1
5807-1,belvmale11,1
5807-1,belvfairy10,1
5807-1,belvfemale47a,1
5807-1,belvmale11a,1
5808-1,belvmale07,1
5808-1,belvfemale14,1
5808-1,belvfemale18,1
5808-1,belvfairy04,1
5808-1,belvfairy04a,1
5808-1,belvfemale14a,1
5808-1,belvfemale18a,1
5808-1,belvmale07a,1
5810-1,belvfemale38,1
5811-1,belvmale11,1
5811-1,belvmale11a,1
5812-1,belvmale07,1
5812-1,belvmale07a,1
5813-1,crs049,1
5814-1,crs054,1
5814-1,crs026,1
5815-1,crs053,1
5815-1,crs052,1
5815-1,crs050,1
5816-1,crs049,1
5816-1,crs054,1
5816-1,crs025,1
5817-1,crs045,1
5818-1,crs058,1
5818-1,crs061,1
5819-1,crs051,1
5819-1,crs060,1
5820-1,belvfemale21,1
5820-1,belvfemale21b,1
5821-1,belvfemale35,1
5821-1,belvfemale35a,1
5822-1,belvfemale34,1
5823-1,belvfairy01,1
5823-1,belvfairy01a,1
5824-1,belvfairy03,1
5824-1,belvfairy03a,1
5825-1,belvfemale49,1
5825-1,belvfairy09,1
5825-1,belvfairy09a,1
5825-1,belvfemale49a,1
5826-1,belvfemale41,1
5826-1,belvfemale41a,1
5827-1,belvfemale26,1
5827-1,belvmale13,1
5827-1,belvfairy06,1
5827-1,belvfairy06a,1
5827-1,belvfemale26a,1
5828-1,crs051,1
5828-1,crs057,1
5828-1,crs026,1
5829-1,crs051,1
5829-1,crs055,1
5829-1,crs058,1
5829-1,crs056,1
5830-1,belvfemale19,1
5830-1,belvfemale22,1
5832-1,belvfemale40,1
5832-1,belvfemale40a,1
5833-1,belvfemale57,1
5833-1,belvfemale57a,1
5834-1,belvfemale32,1
5834-1,belvfemale31,1
5834-1,belvfemale32a,1
5834-1,belvfemale31a,1
5835-1,belvfemale20,1
5835-1,belvfemale20a,1
5836-1,belvbaby02,1
5836-1,belvbaby02a,1
5837-1,belvfemale04,1
5837-1,belvfemale04a,1
5838-1,belvfemale02,1
5838-1,belvfemale02a,1
5839-1,crs051,1
5839-1,crs055,1
5839-1,crs059,1
5840-1,belvfemale21,1
5840-1,belvfemale21a,1
5841-1,belvfemale42,1
5841-1,belvfemale42a,1
5842-1,belvfemale07,1
5842-1,belvfemale07a,1
5843-1,belvfemale09,1
5843-1,belvbaby01,1
5843-1,belvfemale09a,1
5844-1,belvfemale44,1
5844-1,belvfemale44a,1
5845-1,belvfemale46,1
5845-1,belvfemale46a,1
5846-1,belvmale10,1
5846-1,belvfemale70,1
5846-1,belvfemale70a,1
5846-1,belvmale10a,1
5847-1,belvfemale53,1
5847-1,belvmale17,1
5847-1,belvfemale67,1
5847-1,belvfemale53a,1
5847-1,belvfemale67a,1
5847-1,belvmale17a,1
5848-1,belvmale15,1
5848-1,belvfemale60,1
5848-1,belvfemale61,1
5848-1,belvfemale60a,1
5848-1,belvfemale61a,1
5848-1,belvmale15a,1
5850-1,belvmale02,1
5850-1,belvmale01,1
5850-1,belvfemale08,1
5850-1,belvfemale08a,1
5850-1,belvmale01a,1
585-1,old009a,4
5853-1,belvfemale45,1
5853-1,belvfemale45a,1
5854-1,belvfemale58,1
5854-1,belvfemale59,1
5854-1,belvfemale59a,1
5855-1,belvfemale36,1
5855-1,belvfemale68,1
5855-1,belvfemale69,1
5855-1,belvfemale36a,1
5855-1,belvfemale68a,1
5855-1,belvfemale69a,1
5856-1,belvfemale06,1
5856-1,belvfemale06a,1
5857-1,belvfemale10,1
5857-1,belvfemale10a,1
5858-1,belvfemale05,1
5858-1,belvmale03,1
5858-1,belvfemale05a,1
5858-2,belvfemale05,1
5858-2,belvmale03,1
5858-2,belvfemale05a,1
5859-1,belvfemale27,1
5859-1,belvfemale27a,1
5860-1,belvbaby05,1
5860-1,belvfemale15,1
5860-1,belvfemale15a,1
5861-1,belvbaby06,1
5861-1,belvfemale28,1
5861-1,belvfemale28a,1
5862-1,belvfemale30,1
5862-1,belvfemale29,1
5862-1,belvfemale29a,1
5862-1,belvfemale30a,1
5862-2,belvfemale30,1
5862-2,belvfemale29,1
5862-2,belvfemale29a,1
5862-2,belvfemale30a,1
5870-1,belvmale08,1
5870-1,belvfemale24c,1
5871-1,belvfemale36,1
5871-1,belvfemale68,1
5871-1,belvfemale69,1
5871-1,belvfemale36a,1
5871-1,belvfemale68a,1
5871-1,belvfemale69a,1
5874-1,belvbaby03,1
5874-1,belvbaby04,1
5874-1,belvfemale13,1
5874-1,belvbaby03a,1
5874-1,belvbaby04a,1
5875-1,belvmale06,1
5875-1,belvmale09,1
5875-1,belvfemale12,1
5875-1,belvfemale20,1
5875-1,belvfemale12a,1
5876-1,belvmale06,1
5876-1,belvmale09,1
5876-1,belvfemale12,1
5876-1,belvfemale20,1
5876-1,belvfemale12a,1
5877-1,belvfemale64,1
5877-1,belvmale16,1
5877-1,belvfemale64a,1
5880-1,belvfemale16,1
5880-1,belvfemale37,1
5880-1,belvfemale16a,1
5880-1,belvfemale37a,1
588-1,cop001,1
588-1,cop003,2
588-1,but022,1
5882-1,dino001,1
5883-1,dino002,1
5884-1,dino001,1
5884-1,dino005,1
5885-1,dino001,1
5885-1,dino004,1
5886-1,dino002,1
5886-1,dino003,1
5887-1,dino001,1
5887-1,dino002,1
5887-1,dino006,1
5887-1,dino007,1
5888-1,dino002,1
5888-1,dino008,1
5890-1,belvbaby05,1
5890-1,belvmale05,1
5890-1,belvfemale23a,1
5890-1,belvfemale20c,1
5890-1,belvfemale20b,1
5895-1,belvbaby05,1
5895-1,belvfemale24,1
5895-1,belvfemale51,1
5895-1,belvfemale24b,1
5895-1,belvfemale51a,1
5895-1,belvmale12,1
5895-1,belvmale21,1
5898-1,cty0162,1
5899-1,cty0160,1
5899-1,cty0161,1
5900-1,adv041,1
590-1,firec019,1
590-1,fire005,3
590-1,fire005s,3
590-1,firec019s,1
5901-1,adv012,1
5902-1,adv012,1
5903-1,adv010,1
5904-1,adv006,1
5905-1,adv044,1
5906-1,adv001,1
5909-1,adv009,1
5909-1,gen001,1
5909-1,adv038,1
5909-1,adv039,1
5909-1,adv040,1
5911-1,adv010,1
5912-1,adv014,1
5913-1,adv006,1
5914-1,adv039,1
5918-1,adv010,1
5919-1,adv010,1
5919-1,gen006,1
5919-1,adv039,1
5920-1,adv005,1
5921-1,adv014,1
5925-1,adv009,1
5928-1,adv004,1
5929-1,cas475,1
5930-1,trn229,1
5931-1,47394pb113,1
5932-1,cty0202,1
5933-1,cty0215,1
5933-1,air046,1
5934-1,adv006,1
5934-1,adv010,1
5935-1,adv018,1
5936-1,adv016,1
5936-1,gen001,1
5936-1,adv043,1
5938-1,adv010,1
5938-1,adv038,1
5938-1,gen008,1
5940-1,belvmale04,1
5940-1,belvfemale65,1
5940-1,belvfemale66,1
5940-1,belvfemale65a,1
5940-1,belvfemale66a,1
5940-1,belvmale04a,1
5941-1,belvfemale63,1
5941-1,belvfemale62,1
5941-1,belvfemale62a,1
5941-1,belvfemale63a,1
5942-1,belvfemale48,1
5942-1,belvfemale48a,1
5943-1,belvfemale43,1
5945-1,47394pb140,1
5946-1,47394pb139,1
5946-1,47205pb023,1
5947-1,47394pb140,1
5947-1,47205pb023,1
5947-1,eeyorenew,1
5948-1,adv009,1
5948-1,gen001,1
5948-1,adv038,1
5948-1,adv039,1
5948-1,adv040,1
5955-1,adv002,1
5955-1,adv019,1
5955-1,adv039,1
5956-1,adv006,1
5956-1,adv009,1
5956-1,adv010,1
5956-1,adv042,1
5958-1,adv010,1
5958-1,adv021,1
5958-1,adv038,1
5958-1,adv040,1
5960-1,belvfemale55,1
5960-1,belvfemale56,1
5960-1,belvmale14,1
5960-1,belvfemale55a,1
5960-1,belvfemale56a,1
5960-1,belvmale14a,1
5961-1,belvfemale50,1
5961-1,belvfemale50a,1
5962-1,belvfemale54,1
5962-1,belvfemale54a,1
5963-1,belvfemale39,1
5963-1,belvfemale39a,1
5964-1,belvfairy07,1
5964-1,belvfairy07a,1
5966-1,exf005,1
5967-1,exf006,1
5969-1,sp092,1
5969-1,sp094,1
5970-1,sp093,1
5970-1,sp095,1
5971-1,sp091,1
5971-1,sp098,1
5972-1,sp096,1
5972-1,sp097,1
5973-1,sp096,1
5973-1,sp101,2
5974-1,sp093,1
5974-1,sp102,1
5974-1,sp103,1
5974-1,sp105,1
5974-1,sp106,1
5974-1,sp107,1
5974-1,sp108,1
5975-1,adv002,1
5975-1,adv006,1
5975-1,adv010,1
5975-1,adv014,1
5975-1,adv039,1
5976-1,adv001,1
5976-1,adv006,1
5976-1,adv008,1
5976-1,adv010,1
5976-1,adv023,1
5976-1,gen001,1
5976-1,adv042,1
5978-1,adv006,1
5978-1,adv010,1
5978-1,adv015,1
5978-1,adv021,1
5978-1,adv038,1
5978-1,adv039,1
5978-1,gen007,1
5979-1,sp097,1
5979-1,sp102,1
5979-1,sp109,1
5980-1,sp092,1
5980-1,sp097,1
5980-1,sp101,1
5980-1,sp104,1
5981-1,sp110,1
5981-1,sp112,1
5982-1,sp111,1
5982-1,sp112,1
5983-1,sp113,1
5983-1,sp119,1
5984-1,sp113,1
5984-1,sp114,1
5984-1,sp118,1
5985-1,sp113,1
5985-1,sp115,1
5985-1,sp116,1
5985-1,sp117,1
5985-1,sp129,1
5986-1,adv001,1
5986-1,adv008,1
5986-1,adv010,1
5986-1,adv016,1
5986-1,adv023,1
5986-1,gen001,2
5986-1,adv040,1
5987-1,adv006,1
5987-1,adv010,1
5987-1,adv014,1
5987-1,adv016,1
5987-1,adv020,1
5987-1,adv039,1
5988-1,adv006,1
5988-1,adv009,1
5988-1,adv015,1
5988-1,adv021,1
5988-1,gen001,3
5988-1,adv038,1
5988-1,adv039,1
5988-1,adv041,1
599-1,pln018,1
599-1,pln071,1
599-1,trn110,1
5996-1,cas324,1
5998-1,cas291,1
5999-1,cas276,1
60000-1,cty0344,1
60001-1,cty0345,1
60001-1,cty0346,1
60002-1,cty0342,1
60002-1,cty0343,1
60003-1,cty0343,1
60003-1,cty0347,1
60003-1,cty0348,1
60004-1,cty0342,1
60004-1,cty0347,1
60004-1,cty0349,1
60004-1,cty0350,1
60004-1,cty0351,1
60005-1,cty0371,1
60005-1,cty0372,1
60005-1,cty0373,1
60005-1,cty0374,1
60006-1,cty0360,1
60006-1,cty0364,1
60007-1,cty0356,1
60007-1,cty0357,1
60007-1,cty0358,1
60008-1,cty0359,1
60008-1,cty0361,1
60008-1,cty0362,1
60008-1,cty0363,1
60008-1,cty0364,1
60008-1,cty0360,1
60008-1,cty0360a,1
60009-1,cty0358,1
60009-1,cty0359,1
60009-1,cty0361,1
60009-1,cty0362,1
60009-1,cty0364,1
60011-1,cty0406,1
60011-1,cty0407,1
60012-1,cty0408,1
60012-1,cty0409,1
60013-1,cty0410,1
60013-1,cty0411,1
60013-1,cty0412,1
60013-1,cty0413,1
60014-1,cty0414,1
60014-1,cty0415,1
60014-1,cty0416,1
60014-1,cty0417,1
60014-1,cty0418,1
60014-1,cty0424,1
60015-1,cty0429,1
60015-1,cty0430,1
60015-1,cty0431,1
60016-1,cty0367,1
60017-1,cty0290,1
60017-1,cty0370,1
60018-1,cty0365,1
60018-1,cty0366,1
60019-1,cty0421,1
60019-1,cty0423,1
600-2,pln106,1
600-2,cop014s,1
60020-1,cty0134a,1
60020-1,cty0401,1
60020-1,cty0402,1
6002-1,doc008,1
6002-1,but001,1
6002-1,but011,1
6002-1,ver013,1
60021-1,cty0404,1
60021-1,cty0405,1
60021-1,cty0403,1
6002-2,cas233,2
6002-2,cas232,2
60022-1,cty0403,1
60022-1,cty0419,1
60022-1,cty0420,1
60022-1,cty0421,1
60022-1,cty0422,1
60023-1,cty0336,1
60023-1,cty0342,1
60023-1,cty0392,1
60023-1,cty0393,1
60023-1,cty0394,1
60025-1,cty0389,1
60025-1,cty0390,1
60025-1,cty0391,1
60026-1,trn223,1
60026-1,twn171,1
60026-1,cty0395,1
60026-1,cty0396,1
60026-1,chef021,1
60026-1,cty0397,1
60026-1,cty0398,1
60026-1,cty0399,1
60026-1,cty0400,1
60027-1,cty0385,1
60027-1,cty0386,1
60027-1,cty0387,1
60031-1,cty0146,1
60031-1,cty0147,1
60031-1,cty0145a,1
60031-1,ovr037a,1
60031-1,chef019a,1
60032-1,cty0492,1
60033-1,cty0493,1
60034-1,cty0490,1
60034-1,cty0491,1
60035-1,cty0492,1
60035-1,cty0493,1
60035-1,cty0496,1
60036-1,cty0491,1
60036-1,cty0492,1
60036-1,cty0493,1
60036-1,cty0495,1
60036-1,cty0494,1
60036-1,cty0496,1
60036-1,cty0497,1
6004-1,cas244,1
60041-1,cty0448,1
60041-1,cty0449,1
60042-1,cty0450,1
60042-1,cty0451,1
60042-1,cty0452,1
60043-1,cty0456,1
60043-1,cty0457,1
60043-1,cty0458,1
60044-1,cty0454,1
60044-1,cty0457,1
60044-1,cty0476,1
60045-1,cty0453,1
60045-1,cty0454,1
60045-1,cty0455,1
60046-1,cty0449,1
60046-1,cty0462,1
60046-1,cty0463,1
60046-1,cty0464,1
60046-1,cty0465,1
60047-1,cty0452,1
60047-1,cty0458,1
60047-1,cty0481,1
60047-1,cty0484,1
60047-1,cty0485,1
60047-1,cty0486,1
60047-1,cty0487,1
60047-1,cty0487a,1
60048-1,cty0477,1
60048-1,cty0478,1
60048-1,cty0479,1
60049-1,cty0449,1
60049-1,cty0465,1
60049-1,cty0480,1
60049-1,cty0481,1
60050-1,cty0503,1
60050-1,cty0504,1
60050-1,cty0505,1
60050-1,cty0506,1
60050-1,cty0502,1
60050-1,cty0502a,1
60051-1,trn237,1
60051-1,cty0511,1
60051-1,cty0510,1
60052-1,cty0499,1
60052-1,trn236,1
60052-1,trn235,1
60052-1,trn235a,1
60052-1,cty0500,1
60052-1,cty0500a,1
60053-1,cty0389,1
60053-1,cty0389a,1
60054-1,cty0471,1
60055-1,cty0475,1
60056-1,cty0459,1
60057-1,cty0472,1
60057-1,cty0473,1
60057-1,cty0473a,1
60058-1,cty0468,1
60058-1,cty0469,1
60059-1,cty0466,1
60059-1,cty0467,1
60060-1,cty0461,1
60060-1,cty0460,1
60061-1,cty0343,1
60061-1,cty0470,1
60062-1,cty0492,1
60062-1,cty0493,1
60062-1,cty0495,1
60062-1,cty0551,1
60062-1,cty0552,1
60062-1,cty0553,1
60062-1,cty0554,1
60064-1,cty0491,1
60064-1,cty0493,1
60064-1,cty0498,1
60065-1,cty0522,1
60065-1,cty0523,1
60066-1,cty0513,1
60066-1,cty0522,1
60066-1,cty0548,1
60066-1,cty0517,1
60066-1,cty0517a,1
60067-1,cty0267,1
60067-1,cty0514,1
60067-1,cty0516,1
60068-1,cty0267,1
60068-1,cty0513,1
60068-1,cty0514,1
60068-1,cty0515,1
60068-1,cty0516,1
60069-1,cty0514,1
60069-1,cty0515,1
60069-1,cty0516,1
60069-1,cty0519,1
60069-1,cty0548,1
60069-1,cty0517,1
60069-1,cty0517a,1
60070-1,cty0267,1
60070-1,cty0515,1
6007-1,cas022,1
60071-1,cty0513,1
60071-1,cty0514,1
60071-1,cty0519,1
60072-1,cty0527,1
60072-1,cty0528,1
60072-1,cty0529,1
60072-1,cty0530,1
60073-1,cty0529,1
60073-1,cty0534,1
60074-1,cty0528,1
60074-1,cty0541,1
60075-1,cty0527,1
60075-1,cty0540,1
60076-1,cty0527,1
60076-1,cty0528,1
60076-1,cty0530,1
60076-1,cty0540,1
60076-1,cty0555,1
60077-1,cty0561,1
60077-1,cty0562,1
60077-1,cty0563,1
60077-1,cty0557,1
60078-1,cty0567,1
60078-1,cty0568,1
60079-1,cty0569,1
60079-1,cty0570,1
60079-1,cty0571,1
60080-1,cty0563,1
60080-1,cty0557,1
60080-1,cty0567,1
60080-1,cty0568,1
60080-1,cty0600,1
6008-1,cas060a,1
60081-1,cty0544,1
60081-1,cty0547,1
60082-1,cty0545,1
60082-1,cty0546,1
60083-1,cty0520,1
60084-1,rac057,1
60084-1,rac058,1
60085-1,cty0543,1
60085-1,cty0542,1
60086-1,cty0382,1
60086-1,cty0536,1
60086-1,cty0537,1
60086-1,cty0538,1
60086-1,cty0539,1
60088-1,cty0350,1
60088-1,cty0524,1
60088-1,cty0525,1
60088-1,cty0526,1
60090-1,cty0558,1
6009-1,cas168,1
60091-1,cty0558,1
60091-1,cty0559,1
60091-1,cty0560,1
60092-1,cty0558,1
60092-1,cty0559,1
60092-1,cty0566,1
60093-1,cty0278,1
60093-1,cty0558,1
60093-1,cty0565,1
60095-1,cty0558,1
60095-1,cty0559,1
60095-1,cty0560,1
60095-1,cty0566,1
60095-1,cty0597,1
60095-1,cty0598,1
60095-1,cty0599,1
60096-1,cty0560,1
60096-1,cty0602,1
60096-1,cty0603,1
60096-1,cty0605,1
60096-1,cty0604,1
60097-1,chef023,1
60097-1,cty0572,1
60097-1,cty0573,1
60097-1,cty0574,1
60097-1,cty0575,1
60097-1,cty0576,1
60097-1,cty0577,1
60097-1,cty0578,1
60097-1,cty0579,1
60097-1,cty0580,1
60097-1,cty0581,1
60097-1,cty0583,1
60097-1,cty0582,1
60097-1,trn115a,1
60098-1,cty0528,1
60098-1,cty0555,1
60098-1,trn238,1
60098-1,trn239,1
60098-1,cty0584,1
60100-1,cty0676,1
60100-1,cty0677,1
60100-1,cty0678,1
60100-1,cty0679,1
6010-1,cas092,1
60101-1,air049,1
60101-1,air050,1
60102-1,air050,1
60102-1,air055,1
60102-1,cty0691,1
60102-1,cty0692,1
60103-1,air051,1
60103-1,air052,1
60103-1,air053,1
60103-1,air054,1
60103-1,cty0688,1
60103-1,cty0689,1
60104-1,air049,1
60104-1,air050,1
60104-1,cty0704,1
60104-1,cty0705,1
60104-1,cty0706,1
60104-1,cty0707,1
60105-1,cty0626,1
60106-1,cty0628,1
60106-1,cty0640,1
60106-1,cty0639,1
60106-1,cty0641,1
60107-1,cty0627,1
60107-1,cty0626,1
60108-1,cty0651,1
60108-1,cty0652,1
60108-1,cty0653,1
60109-1,cty0639,1
60109-1,cty0647,1
60109-1,cty0648,1
60109-1,cty0649,1
60109-1,cty0650,1
601-1,trn109,1
601-1,shell001a,1
60110-1,cty0350,1
60110-1,cty0637,1
60110-1,cty0638,1
60110-1,cty0669,1
60110-1,cty0670,1
60110-1,cty0671,1
6011-1,cas101a,1
60111-1,cty0628,1
60111-1,cty0629,1
60111-1,cty0630,1
60112-1,cty0635,1
60112-1,cty0637,1
60112-1,cty0638,1
60113-1,cty0611,1
60114-1,cty0646,1
60115-1,rac059,1
60115-1,rac060,1
60116-1,cty0608,1
60116-1,cty0607,1
60116-1,cty0614,1
60117-1,cty0624,1
60117-1,cty0625,1
60118-1,cty0609,1
60118-1,cty0610,1
60119-1,cty0622,1
60119-1,cty0623,1
60120-1,cty0680,1
60120-1,cty0681,1
60120-1,cty0682,1
60120-1,cty0683,1
6012-1,cas116,1
6012-1,cas372,1
60121-1,cty0681,1
60121-1,cty0695,1
60122-1,cty0683,1
60122-1,cty0686,1
60122-1,cty0687,1
60123-1,cty0686,1
60123-1,cty0687,1
60123-1,cty0697,1
60124-1,cty0681,1
60124-1,cty0685,1
60124-1,cty0690,1
60124-1,cty0693,1
60124-1,cty0694,1
60124-1,cty0695,1
60125-1,cty0681,1
60125-1,cty0686,1
60125-1,cty0687,1
60125-1,cty0690,1
60125-1,cty0693,1
60125-1,cty0694,1
60125-1,cty0697,1
60125-1,cty0740,1
60126-1,cty0612,1
60126-1,cty0615,1
60127-1,cty0618,1
60127-1,cty0619,1
60127-1,cty0620,1
60127-1,cty0621,1
60128-1,cty0613,1
60128-1,cty0616,1
60129-1,cty0615,1
60129-1,cty0643,1
60129-1,cty0645,1
60129-1,cty0644,1
60130-1,cty0612,1
60130-1,cty0613,1
60130-1,cty0619,1
60130-1,cty0620,1
60130-1,cty0621,1
60130-1,cty0631,1
60130-1,cty0632,1
60130-1,cty0633,1
6013-1,cas056,1
60131-1,cty0642,1
60131-1,cty0643,1
60131-1,cty0383a,1
60132-1,cty0672,1
60132-1,cty0673,1
60132-1,cty0674,1
60132-1,cty0675,1
60134-1,cty0654,1
60134-1,cty0655,1
60134-1,cty0656,1
60134-1,cty0657,1
60134-1,cty0658,1
60134-1,cty0659,1
60134-1,cty0660,1
60134-1,cty0661,1
60134-1,cty0662,1
60134-1,cty0663,1
60134-1,cty0664,1
60134-1,cty0665,1
60134-1,cty0666,1
60134-1,cty0667,1
60134-1,cty0668,1
60135-1,cty0776,1
60135-1,cty0777,1
60136-1,cty0743,1
60136-1,cty0744,1
60136-1,cty0745,1
60136-1,cty0746,1
60137-1,cty0701,1
60137-1,cty0702,1
60137-1,cty0703,1
60138-1,cty0739,1
60138-1,cty0778,1
60138-1,cty0779,1
60138-1,cty0780,1
60139-1,cty0739,1
60139-1,cty0743,1
60139-1,cty0754,1
60139-1,cty0753,1
60140-1,cty0709,1
60140-1,cty0732,1
60140-1,cty0733,1
60140-1,cty0734,1
60140-1,cty0735,1
60141-1,cty0708,1
60141-1,cty0732,1
60141-1,cty0753,1
60141-1,cty0772,1
60141-1,cty0773,1
60141-1,cty0774,1
60141-1,cty0775,1
60142-1,cty0755,1
60142-1,cty0756,1
60143-1,cty0732,1
60143-1,cty0735,1
60143-1,cty0748,1
60143-1,cty0781,1
60144-1,cty0738,1
60145-1,cty0712,1
60146-1,cty0698,1
60147-1,cty0713,1
60147-1,cty0714,1
60148-1,cty0728,1
60148-1,cty0729,1
60149-1,cty0730,1
60149-1,cty0731,1
60150-1,cty0710,1
60150-1,cty0711,1
60151-1,cty0749,1
60151-1,cty0750,1
60152-1,cty0699,1
60152-1,cty0700,1
60153-1,cty0757,1
60153-1,cty0758,1
60153-1,cty0759,1
60153-1,cty0760,1
60153-1,cty0761,1
60153-1,cty0762,1
60153-1,cty0763,1
60153-1,cty0764,1
60153-1,cty0765,1
60153-1,cty0766,1
60153-1,cty0767,1
60153-1,cty0768,1
60153-1,cty0769,1
60153-1,cty0770,1
60153-1,cty0771,1
60154-1,cty0782,1
60154-1,cty0783,1
60154-1,cty0784,1
60154-1,cty0785,1
60154-1,cty0786,1
60154-1,cty0787,1
60156-1,cty0792,1
60157-1,cty0790,1
60157-1,cty0791,1
60157-1,cty0789,1
60158-1,cty0793,1
60158-1,cty0794,1
60159-1,cty0795,1
60159-1,cty0796,1
60160-1,cty0791,1
60160-1,cty0814,1
60160-1,cty0815,1
60160-1,cty0816,1
6016-1,cas201,1
60161-1,cty0788,1
60161-1,cty0794,1
60161-1,cty0802,1
60161-1,cty0803,1
60161-1,cty0804,1
60161-1,cty0805,1
60161-1,cty0806,1
60162-1,cty0794,1
60162-1,cty0814,1
60162-1,cty0815,1
60162-1,cty0820,1
60162-1,cty0821,1
60162-1,cty0822,1
60162-1,cty0823,1
60163-1,cty0809,1
60163-1,cty0810,1
60163-1,cty0811,1
60164-1,cty0817,1
60164-1,cty0818,1
60165-1,cty0797,1
60165-1,cty0812,1
60165-1,cty0813,1
60166-1,cty0826,1
60166-1,cty0827,1
60166-1,cty0828,1
60166-1,cty0829,1
60167-1,cty0860,1
60167-1,cty0861,1
60167-1,cty0862,1
60167-1,cty0863,1
60167-1,cty0864,1
60167-1,cty0865,1
60167-1,cty0866,1
60168-1,cty0824,1
60168-1,cty0825,1
60169-1,cty0798,1
60169-1,cty0799,1
60169-1,cty0800,1
60169-1,cty0801,1
60170-1,cty0830,1
60170-1,cty0831,1
6017-1,cas200,1
6017-1,cas289,1
60171-1,cty0833,1
60171-1,cty0867,1
60171-1,cty0869,1
60171-1,cty0868,1
60172-1,cty0834,1
60172-1,cty0854,1
60172-1,cty0855,1
60173-1,cty0850,1
60173-1,cty0851,1
60173-1,cty0852,1
60173-1,cty0853,1
60174-1,cty0832,1
60174-1,cty0869,1
60174-1,cty0870,1
60174-1,cty0871,1
60174-1,cty0872,1
60174-1,cty0879,1
60174-1,cty0883,1
60175-1,cty0832,1
60175-1,cty0833,1
60175-1,cty0834,1
60175-1,cty0836,1
60176-1,cty0835,1
60176-1,cty0837,1
60177-1,cty0841,1
60178-1,cty0842,1
60179-1,cty0857,1
60179-1,cty0858,1
60179-1,cty0859,1
60180-1,cty0856,1
6018-1,cas144,1
6018-1,cas155,1
60181-1,cty0840,1
60182-1,cty0843,1
60182-1,cty0844,1
60182-1,cty0845,1
60183-1,cty0838,1
60183-1,cty0839,1
60184-1,cty0847,1
60184-1,cty0875,1
60184-1,cty0876,1
60184-1,cty0877,1
60185-1,cty0846,1
60186-1,cty0847,1
60186-1,cty0848,1
60186-1,cty0849,1
60188-1,cty0848,1
60188-1,cty0849,1
60188-1,cty0875,1
60188-1,cty0876,1
60188-1,cty0884,1
60188-1,cty0885,1
60190-1,cty0903,1
60191-1,cty0904,1
60191-1,cty0905,1
60191-1,cty0906,1
60192-1,cty0928,1
60193-1,cty0923,1
60193-1,cty0924,1
60194-1,cty0904,1
60194-1,cty0905,1
60194-1,cty0931,1
60195-1,cty0903,1
60195-1,cty0923,1
60195-1,cty0926,1
60195-1,cty0927,1
60195-1,cty0928,1
60195-1,cty0929,1
60196-1,cty0904,1
60196-1,cty0924,1
60196-1,cty0926,1
60196-1,cty0929,1
60197-1,trn247,1
60197-1,trn248,1
60197-1,trn249,1
60197-1,trn250,1
60198-1,trn242,1
60198-1,trn243,1
60198-1,trn244,1
60198-1,cty0930,1
60198-1,trn246,1
60198-1,trn245,1
60200-1,cty0932,1
60200-1,cty0933,1
60200-1,cty0934,1
60200-1,cty0935,1
60200-1,cty0936,1
60200-1,cty0937,1
60200-1,cty0938,1
60200-1,cty0939,1
60200-1,cty0940,1
60200-1,cty0941,1
60200-1,cty0942,1
60200-1,cty0943,1
60200-1,cty0944,1
6020-1,cas249,1
60202-1,cty0907,1
60202-1,cty0908,1
60202-1,cty0909,1
60202-1,cty0910,1
60202-1,cty0911,1
60202-1,cty0912,1
60202-1,cty0913,1
60202-1,cty0914,1
60202-1,cty0915,1
60202-1,cty0916,1
60202-1,cty0917,1
60202-1,cty0918,1
60202-1,cty0919,1
60202-1,cty0920,1
60202-1,cty0921,1
60203-1,cty1078,1
60203-1,cty1079,1
60203-1,cty1080,1
60203-1,cty1081,1
60203-1,cty1082,1
60203-1,cty1083,1
60203-1,cty1084,1
60203-1,cty1085,1
60203-1,cty1086,1
60203-1,cty1087,1
60203-1,cty1088,1
60204-1,cty0858,1
60204-1,cty0892,1
60204-1,cty0894,1
60204-1,cty0895,1
60204-1,cty0896,1
60204-1,cty0897,1
60204-1,cty0898,1
60204-1,cty0899,1
60204-1,cty0900,1
60204-1,cty0901,1
60204-1,cty0902,1
60204-1,gen099,1
60204-1,cty0893,1
60204-1,cty0893a,1
60206-1,cty0953,1
60206-1,cty0954,1
60207-1,cty0980,1
60207-1,cty0988,1
60207-1,cty0989,1
60208-1,cty0739,1
60208-1,cty0997,1
60208-1,cty0998,1
60208-1,cty0999,1
60209-1,cty0992,1
60209-1,cty0993,1
60209-1,cty0994,1
60209-1,cty0995,1
602-1,fire005,1
602-1,fire005s,1
60210-1,cty0708,1
60210-1,cty0976,1
60210-1,cty0978,1
60210-1,cty0979,1
60210-1,cty0980,1
60210-1,cty1000,1
6021-1,cas186,1
6021-1,cas194,1
60212-1,cty0951,1
60212-1,cty0952,1
60213-1,cty0974,1
60213-1,cty0996,1
60214-1,cty0963,1
60214-1,cty0962,1
60214-1,cty0964,1
60214-1,cty0964a,1
60215-1,cty0970,1
60215-1,cty0973,1
60215-1,cty0974,1
60215-1,cty0975,1
60216-1,cty0951,1
60216-1,cty0967,1
60216-1,cty0968,1
60216-1,cty0969,1
60216-1,cty0970,1
60216-1,cty0971,1
60216-1,cty0972,1
60217-1,cty0960,1
60217-1,cty0961,1
60217-1,cty0966,1
60218-1,cty0983,1
60218-1,cty0983a,1
60219-1,cty0955,1
60220-1,cty0956,1
60220-1,cty0957,1
6022-1,cas111,1
6022-1,cas238,1
60221-1,cty0958,1
60221-1,cty0959,1
60222-1,cty0990,1
60222-1,cty0991,1
60223-1,cty0984,1
60223-1,cty0985,1
60223-1,cty0986,1
60224-1,cty1055,1
60224-1,cty1055a,1
60225-1,cty1060,1
60225-1,cty1061,1
60226-1,cty1063,1
60226-1,cty1064,1
60227-1,cty1065,1
60227-1,cty1066,1
60227-1,cty1067,1
60227-1,cty1068,1
60227-1,cty1055,1
60227-1,cty1055a,1
60228-1,cty1010,1
60228-1,cty1008,1
60228-1,cty1035,1
60228-1,cty1056,1
60228-1,cty1057,1
60228-1,cty1058,1
60228-1,cty1059,1
60229-1,cty1010,1
60229-1,cty1029,1
60229-1,cty1060,1
60229-1,cty1061,1
60229-1,cty1063,1
60229-1,cty1069,1
60229-1,cty1070,1
60229-1,cty1071,1
60230-1,cty1008,1
60230-1,cty1028,1
60230-1,cty1029,1
60230-1,cty1030,1
60230-1,cty1031,1
60230-1,cty1032,1
60230-1,cty1033,1
60230-1,cty1034,1
60230-1,cty1035,1
60230-1,cty1036,1
60230-1,cty1418,1
60230-1,cty1038,1
60230-1,cty1039,1
60230-1,cty1040,1
60230-1,cty1041,1
6023-1,cas109,1
6023-1,cas096,1
60231-1,cty0966,1
60231-1,cty1012,1
60232-1,cty1072,1
60232-1,cty1073,1
60232-1,cty1074,1
60232-1,cty1075,1
60233-1,cty0930,1
60233-1,cty1042,1
60233-1,cty1043,1
60233-1,cty1044,1
60233-1,cty1045,1
60233-1,cty1046,1
60233-1,cty1047,1
60233-1,cty1048,1
60233-1,cty1049,1
60233-1,cty1050,1
60234-1,cty1026,1
60234-1,cty1016,1
60234-1,cty1013,1
60234-1,cty1025,1
60234-1,cty1024,1
60234-1,cty1018,1
60234-1,cty1017,1
60234-1,cty1020,1
60234-1,cty1014,1
60234-1,cty1019,1
60234-1,cty1015,1
60234-1,cty1023,1
60234-1,cty1021,1
60234-1,cty1022,1
60239-1,cty0981,1
60240-1,cty0987,1
6024-1,cas008,1
6024-1,cas010,1
60241-1,cty1158,1
60241-1,cty1159,1
60242-1,cty1042,1
60242-1,cty1108,1
60243-1,cty1129,1
60243-1,cty1130,1
60243-1,cty1131,1
60243-1,cty1132,1
60244-1,cty1141,1
60244-1,cty1142,1
60244-1,cty1143,1
60244-1,cty1144,1
60245-1,cty1133,1
60245-1,cty1134,1
60245-1,cty1135,1
60245-1,cty1136,1
60245-1,cty1137,1
60246-1,cty1042,1
60246-1,cty1123,1
60246-1,cty1124,1
60246-1,cty1125,1
60246-1,cty1126,1
60246-1,cty1127,1
60246-1,cty1128,1
60247-1,cty1105,1
60248-1,cty1113,1
60248-1,cty1114,1
60248-1,cty1115,1
60249-1,cty1140,1
60250-1,cty1106,1
60251-1,cty1107,1
60252-1,cty1161,1
60252-1,cty1162,1
60253-1,cty1138,1
60253-1,cty1139,1
60254-1,cty1111,1
60254-1,cty1112,1
60255-1,cty1096,1
60255-1,cty1097,1
60256-1,cty1109,1
60256-1,cty1110,1
60257-1,cty1116,1
60257-1,cty1117,1
60257-1,cty1118,1
60257-1,cty1119,1
60258-1,cty1094,1
60258-1,cty1095,1
60258-1,cty1100,1
60258-1,cty1101,1
60258-1,cty1102,1
60258-1,cty1103,1
60258-1,cty1104,1
60260-1,cty1197,1
60260-1,cty1198,1
60260-1,cty1199,1
6026-1,cas035,1
6026-1,cas037,1
60261-1,air055,1
60261-1,cty1192,1
60261-1,cty1193,1
60261-1,cty1194,1
60261-1,cty1195,1
60261-1,cty1196,1
60262-1,cty1182,1
60262-1,cty1183,1
60262-1,cty1184,1
60262-1,cty1185,1
60262-1,cty1186,1
60262-1,cty1187,1
60262-1,cty1188,1
60262-1,cty1189,1
60262-1,cty1190,1
60263-1,cty1163,1
60264-1,cty1169,1
60264-1,cty1170,1
60264-1,cty1171,1
60264-1,cty1172,1
60265-1,cty1164,1
60265-1,cty1165,1
60265-1,cty1166,1
60265-1,cty1167,1
60265-1,cty1168,1
60266-1,cty1174,1
60266-1,cty1175,1
60266-1,cty1176,1
60266-1,cty1177,1
60266-1,cty1178,1
60266-1,cty1179,1
60266-1,cty1180,1
60266-1,cty1181,1
60267-1,cty1098,1
60267-1,cty1099,1
60270-1,cty1042,1
60270-1,cty1120,1
60270-1,cty1121,1
60270-1,cty1122,1
6027-1,cas029,1
6027-1,cas243,1
60271-1,cty1074,1
60271-1,cty1130,1
60271-1,cty1210,1
60271-1,cty1211,1
60271-1,cty1212,1
60271-1,cty1213,1
60271-1,cty1214,1
60271-1,cty1215,1
60271-1,cty1216,1
60271-1,cty1217,1
60271-1,cty1218,1
60271-1,cty1219,1
60271-1,cty1220,1
60271-1,cty1221,1
60271-1,cty1222,1
60272-1,cty1201,1
60272-1,cty1202,1
60273-1,cty1203,1
60273-1,cty1204,1
60274-1,cty1205,1
60274-1,cty1206,1
60275-1,cty0981,1
60275-1,cty1275,1
60276-1,cty1130,1
60276-1,cty1256,1
60276-1,cty1257,1
60276-1,cty1258,1
60277-1,cty1203,1
60277-1,cty1276,1
60277-1,cty1277,1
60277-1,cty1278,1
60277-1,cty1279,1
60279-1,cty1264,1
60280-1,cty1254,1
60280-1,cty1255,1
6028-1,cas023,1
60281-1,cty1280,1
60281-1,cty1281,1
60281-1,cty1282,1
60282-1,cty1250,1
60282-1,cty1251,1
60282-1,cty1252,1
60282-1,cty1253,1
60283-1,cty1186,1
60283-1,cty1261,1
60283-1,cty1262,1
60284-1,cty1274,1
60285-1,cty1236,1
60286-1,cty1273,1
60287-1,cty1226,1
60287-1,cty1227,1
60288-1,cty1259,1
60288-1,cty1260,1
60289-1,cty1265,1
60289-1,cty1266,1
60290-1,cty1228,1
60290-1,cty1229,1
60290-1,cty1230,1
60290-1,cty1231,1
6029-1,cas023,1
60291-1,cty1232,1
60291-1,cty1233,1
60291-1,cty1234,1
60291-1,cty1235,1
60292-1,njo0446,1
60292-1,cty1240,1
60292-1,cty1241,1
60292-1,cty1242,1
60292-1,cty1243,1
60292-1,cty1244,1
60292-1,cty1245,1
60292-1,cty1246,1
60292-1,cty1247,1
60292-1,cty1248,1
60293-1,cty1094,1
60293-1,cty1331,1
60294-1,cty1020,1
60294-1,cty1314,1
60294-1,cty1315,1
60294-1,cty1316,1
60295-1,cty1320,1
60295-1,cty1321,1
60295-1,cty1322,1
60295-1,cty1323,1
60295-1,cty1324,1
60295-1,cty1325,1
60295-1,cty1326,1
60296-1,cty1328,1
60297-1,cty1318,1
60298-1,cty1319,1
60299-1,cty1329,1
60299-1,cty1330,1
60300-1,cty1294,1
6030-1,cas101a,2
60301-1,cty1301,1
60301-1,cty1302,1
60301-1,cty1303,1
60302-1,cty1304,1
60302-1,cty1305,1
60302-1,cty1306,1
60302-1,cty1307,1
60305-1,cty1283,1
60305-1,cty1284,1
60306-1,cty1267,1
60306-1,cty1268,1
60306-1,cty1269,1
60306-1,cty1270,1
60306-1,cty1271,1
60306-1,cty1272,1
60307-1,cty1295,1
60307-1,cty1296,1
60307-1,cty1297,1
60307-1,cty1298,1
60307-1,cty1299,1
60307-1,cty1300,1
60308-1,cty1137,1
60308-1,cty1309,1
60308-1,cty1310,1
60308-1,cty1311,1
60309-1,cty1327,1
603-1,pln025,1
60310-1,cty1398,1
6031-1,cas027,1
6031-1,cas022a,1
6031-1,cas215,1
6031-1,cas250,1
60311-1,cty1351,1
60312-1,cty1334,1
60313-1,cty1460,1
60313-1,cty1461,1
60313-1,cty1462,1
60314-1,cty1383,1
60314-1,cty1385,1
60314-1,cty1384,1
60315-1,cty1042,1
60315-1,cty1365,1
60315-1,cty1367,1
60315-1,cty1368,1
60316-1,cty1124,1
60316-1,cty1379,1
60316-1,cty1380,1
60316-1,cty1381,1
60316-1,cty1382,1
60317-1,cty0992,1
60317-1,cty1374,1
60317-1,cty1375,1
60317-1,cty1376,1
60317-1,cty1377,1
60317-1,cty1378,1
60318-1,cty1433,1
60318-1,cty1434,1
60319-1,cty1362,1
60319-1,cty1363,1
60319-1,cty1364,1
60320-1,cty1288,1
60320-1,cty1369,1
60320-1,cty1370,1
60320-1,cty1371,1
60320-1,cty1372,1
6032-1,cas043,1
60321-1,cty1355,1
60321-1,cty1356,1
60321-1,cty1357,1
60321-1,cty1358,1
60321-1,cty1359,1
60321-1,cty1360,1
60321-1,cty1361,1
60322-1,cty1400,1
60322-1,cty1401,1
60323-1,cty1397,1
60324-1,cty1404,1
60324-1,cty1405,1
60325-1,cty1402,1
60325-1,cty1403,1
60326-1,cty1352,1
60326-1,cty1353,1
60326-1,cty1354,1
60327-1,cty1337,1
60327-1,cty1338,1
60328-1,cty1387,1
60328-1,cty1388,1
60328-1,cty1389,1
60328-1,cty1386,1
60329-1,gen099,1
60329-1,cty1390,1
60329-1,cty1391,1
60329-1,cty1392,1
60329-1,cty1393,1
60329-1,cty1394,1
60329-1,cty1395,1
60329-1,cty1396,1
60330-1,cty1186,1
60330-1,cty1339,1
60330-1,cty1340,1
60330-1,cty1341,1
60330-1,cty1350,1
60330-1,cty1342,1
60330-1,cty1343,1
60330-1,cty1348,1
60330-1,cty1344,1
60330-1,cty1349,1
60330-1,cty1345,1
60330-1,cty1346,1
60330-1,cty1347,1
6033-1,cas049,1
6033-1,cas052,1
6033-1,cas053,1
60331-1,cty1485,1
60332-1,cty1484,1
60333-1,cty1476,1
60335-1,cty1490,1
60335-1,cty1491,1
60335-1,cty1492,1
60335-1,cty1493,1
60335-1,cty1494,1
60335-1,cty1495,1
60336-1,cty1463,1
60336-1,cty1466,1
60336-1,cty1464,1
60336-1,cty1465,1
60336-1,cty1468,1
60336-1,cty1467,1
60337-1,cty1469,1
60337-1,cty1470,1
60337-1,cty1471,1
60337-1,cty1472,1
60337-1,cty1473,1
60337-1,cty1474,1
60338-1,cty1496,1
60338-1,cty1497,1
60338-1,cty1498,1
60339-1,cty1453,1
60339-1,cty1454,1
60339-1,cty1455,1
60339-1,cty1456,1
60339-1,cty1457,1
60339-1,cty1458,1
60339-1,cty1459,1
60340-1,cty1486,1
60340-1,cty1487,1
6034-1,gen002,1
6034-1,cas172,1
60341-1,cty1488,1
60341-1,cty1489,1
60342-1,cty1499,1
60342-1,cty1500,1
60342-1,cty1501,1
60343-1,cty1335,1
60343-1,cty1336,1
60344-1,cty1437,1
60345-1,cty1438,1
60345-1,cty1439,1
60345-1,cty1440,1
60346-1,cty1442,1
60346-1,cty1443,1
60346-1,cty1444,1
60346-1,cty1441,1
60347-1,cty1479,1
60347-1,cty1480,1
60347-1,cty1481,1
60347-1,cty1482,1
60347-1,cty1483,1
60348-1,cty1413,1
60348-1,cty1414,1
60348-1,cty1415,1
60349-1,cty1420,1
60349-1,cty1421,1
60349-1,cty1422,1
60349-1,cty1423,1
60349-1,cty1424,1
60350-1,cty1407,1
60350-1,cty1408,1
60350-1,cty1409,1
60350-1,cty1410,1
60350-1,cty1411,1
60350-1,cty1412,1
6035-1,cas099,1
6035-1,cas177,1
60351-1,cty1425,1
60351-1,cty1426,1
60351-1,cty1427,1
60351-1,cty1428,1
60351-1,cty1429,1
60351-1,cty1430,1
60351-1,cty1431,1
60353-1,cty1445,1
60354-1,cty1446,1
60354-1,cty1447,1
60355-1,cty1042,1
60355-1,cty1448,1
60356-1,cty1531,1
60357-1,cty1590,1
60357-1,cty1591,1
60357-1,cty1592,1
60358-1,cty1527,1
60359-1,cty1575,1
60360-1,cty1576,1
60360-1,cty1577,1
6036-1,cas064,1
6036-1,gen001,1
60361-1,cty1578,1
60361-1,cty1579,1
60361-1,cty1580,1
60361-1,cty1581,1
60362-1,cty1660,1
60362-1,cty1661,1
60363-1,cty1615,1
60363-1,cty1616,1
60363-1,cty1617,1
60364-1,cty1625,1
60364-1,cty1626,1
60364-1,cty1627,1
60364-1,cty1628,1
60365-1,cty1619,1
60365-1,cty1620,1
60365-1,cty1621,1
60365-1,cty1622,1
60365-1,cty1623,1
60365-1,cty1624,1
60366-1,cty1631,1
60366-1,cty1632,1
60366-1,cty1633,1
60366-1,cty1634,1
60366-1,cty1635,1
60366-1,cty1636,1
60366-1,cty1637,1
60366-1,cty1638,1
60367-1,cty1654,1
60367-1,cty1673,1
60367-1,cty1674,1
60367-1,cty1675,1
60367-1,cty1677,1
60367-1,cty1678,1
60367-1,cty1679,1
60367-1,cty1680,1
60367-1,cty1681,1
60368-1,cty1607,1
60368-1,cty1608,1
60368-1,cty1609,1
60368-1,cty1610,1
60368-1,cty1611,1
60368-1,cty1612,1
60368-1,cty1613,1
60369-1,cty1525,1
60369-1,cty1526,1
60370-1,cty1586,1
60370-1,cty1587,1
60370-1,cty1588,1
60370-1,cty1589,1
6037-1,cas032,1
60371-1,cty1565,1
60371-1,cty1566,1
60371-1,cty1567,1
60371-1,cty1568,1
60371-1,cty1569,1
60372-1,cty1559,1
60372-1,cty1560,1
60372-1,cty1561,1
60372-1,cty1562,1
60372-1,cty1563,1
60372-1,cty1564,1
60373-1,cty1549,1
60373-1,cty1550,1
60373-1,cty1551,1
60374-1,cty1545,1
60374-1,cty1546,1
60374-1,cty1547,1
60375-1,cty1552,1
60375-1,cty1555,1
60375-1,cty1556,1
60376-1,cty1614,1
60377-1,cty1639,1
60377-1,cty1640,1
60377-1,cty1641,1
60378-1,cty1611,1
60378-1,cty1612,1
60378-1,cty1629,1
60378-1,cty1630,1
60379-1,cty1609,1
60379-1,cty1640,1
60379-1,cty1641,1
60379-1,cty1656,1
60379-1,cty1657,1
60379-1,cty1658,1
60379-1,cty1659,1
60380-1,cty1642,1
60380-1,cty1643,1
60380-1,cty1644,1
60380-1,cty1645,1
60380-1,cty1646,1
60380-1,cty1647,1
60380-1,cty1648,1
60380-1,cty1649,1
60380-1,cty1650,1
60380-1,cty1651,1
60380-1,cty1652,1
60380-1,cty1653,1
60380-1,cty1655,1
60380-1,cty1654,1
6038-1,cas251,1
6038-1,cas252,1
60382-1,cty1532,1
60382-1,cty1533,1
60383-1,cty1524,1
60384-1,cty1519,1
60384-1,cty1520,1
60385-1,cty1553,1
60385-1,cty1554,1
60386-1,cty1521,1
60386-1,cty1522,1
60386-1,cty1523,1
60387-1,cty1529,1
60387-1,cty1530,1
60388-1,cty1540,1
60388-1,cty1541,1
60388-1,cty1542,1
60388-1,cty1543,1
60389-1,cty1536,1
60389-1,cty1537,1
60389-1,cty1538,1
60389-1,cty1539,1
60390-1,cty1535,1
6039-1,cas115,1
6039-1,cas199,1
60391-1,cty1603,1
60391-1,cty1604,1
60391-1,cty1605,1
60391-1,cty1606,1
60392-1,cty1557,1
60392-1,cty1558,1
60393-1,cty1544,1
60394-1,cty1528,1
60395-1,cty1670,1
60395-1,cty1671,1
60395-1,cty1672,1
60396-1,cty1666,1
60396-1,cty1667,1
60397-1,cty1668,1
60397-1,cty1669,1
60398-1,cty1662,1
60398-1,cty1663,1
60398-1,cty1664,1
60399-1,cty1718,1
60399-1,cty1719,1
60400-1,cty1711,1
60400-1,cty1712,1
6040-1,cas089,1
6040-1,cas108,1
60401-1,cty1710,1
60402-1,cty1760,1
60403-1,cty1720,1
60403-1,cty1721,1
60404-1,twn495,1
60404-1,twn496,1
60405-1,cty1723,1
60405-1,cty1724,1
60405-1,cty1725,1
60406-1,cty1742,1
60406-1,cty1743,1
60407-1,njo0446,1
60407-1,cty1769,1
60407-1,cty1772,1
60407-1,cty1770,1
60407-1,cty1771,1
60408-1,cty1812,1
60408-1,cty1813,1
60408-1,cty1814,1
60408-1,cty1815,1
60409-1,cty1819,1
60409-1,cty1818,1
60409-1,cty1817,1
60409-1,cty1816,1
604-1,trn109,1
604-1,shell001a,1
60410-1,cty1731,1
60410-1,cty1735,1
6041-1,cas184,1
6041-1,cas197,1
60411-1,cty1739,1
60412-1,cty1732,1
60412-1,cty1733,1
60412-1,cty1734,1
60413-1,cty1746,1
60413-1,cty1747,1
60413-1,cty1748,1
60414-1,cty1713,1
60414-1,cty1714,1
60414-1,cty1715,1
60414-1,cty1716,1
60414-1,cty1717,1
60415-1,cty1730,1
60415-1,cty1744,1
60417-1,cty1737,1
60417-1,cty1738,1
60417-1,cty1736,1
60418-1,cty1699,1
60418-1,cty1749,1
60418-1,cty1750,1
60418-1,cty1751,1
60418-1,cty1752,1
60419-1,cty1699,1
60419-1,cty1700,1
60419-1,cty1701,1
60419-1,cty1702,1
60419-1,cty1703,1
60419-1,cty1704,1
60419-1,cty1705,1
60420-1,cty1788,1
60420-1,cty1787,1
60420-1,cty1789,1
6042-1,cas115,1
6042-1,cas169,1
6042-1,cas284,1
60421-1,cty1800,1
60421-1,cty1804,1
60421-1,cty1801,1
60421-1,cty1802,1
60421-1,cty1803,1
60421-1,cty1805,1
60421-1,cty1806,1
60421-1,cty1807,1
60422-1,cty1795,1
60422-1,cty1791,1
60422-1,cty1792,1
60422-1,cty1793,1
60422-1,cty1796,1
60422-1,cty1797,1
60422-1,cty1798,1
60422-1,cty1799,1
60423-1,cty1783,1
60423-1,cty1781,1
60423-1,cty1782,1
60423-1,cty1784,1
60423-1,cty1785,1
60423-1,cty1786,1
60424-1,cty1765,1
60425-1,cty1766,1
60425-1,cty1767,1
60426-1,cty1765,1
60426-1,cty1776,1
60426-1,cty1779,1
60428-1,cty1745,1
60429-1,cty1757,1
60429-1,cty1758,1
60429-1,cty1759,1
60430-1,cty1692,1
6043-1,cas013,1
6043-1,cas018,1
60431-1,cty1726,1
60431-1,cty1729,1
60431-1,cty1727,2
60432-1,cty1729,1
60432-1,cty1727,2
60432-1,cty1706,1
60432-1,cty1707,1
60432-1,cty1708,1
60433-1,cty1693,1
60433-1,cty1694,1
60433-1,cty1695,1
60433-1,cty1696,1
60433-1,cty1697,1
60433-1,cty1698,1
60434-1,cty1727,2
60434-1,cty1706,1
60434-1,cty1707,1
60434-1,cty1709,1
60434-1,cty1754,1
60434-1,cty1755,1
60434-1,cty1753,1
60435-1,cty1774,1
60435-1,cty1773,1
60437-1,cty1766,1
60437-1,cty1776,1
60437-1,cty1779,1
60437-1,cty1777,1
60437-1,cty1778,1
60438-1,cty1740,1
60438-1,cty1741,1
60439-1,cty1692,1
60439-1,cty1763,1
60439-1,cty1764,1
60440-1,cty1810,1
60440-1,cty1809,1
60440-1,cty1811,1
60440-1,cty1808,1
6044-1,cas059,1
6044-1,cas145,3
60441-1,cty1692,1
60441-1,cty1722,1
60441-1,cty1745,1
60442-1,cty1846,1
60443-1,cty1863,1
60443-1,cty1864,1
60443-1,cty1865,1
60443-1,cty1866,1
60443-1,cty1867,1
60444-1,cty1831,1
60444-1,cty1832,1
60444-1,cty1833,1
60444-1,cty1834,1
60444-1,cty1835,1
60444-1,cty1836,1
60445-1,cty1837,1
60445-1,cty1838,1
60445-1,cty1839,1
60445-1,cty1840,1
60445-1,cty1841,1
60446-1,cty1764,1
60446-1,cty1827,1
60446-1,cty1828,1
60446-1,cty1829,1
60446-1,cty1830,1
60447-1,cty1876,1
60448-1,cty1852,1
60449-1,cty1887,1
60449-1,cty1888,1
60449-1,cty1889,1
60449-1,cty1890,1
60450-1,cty1855,1
60450-1,cty1854,1
6045-1,cas048,1
6045-1,cas052,1
6045-1,cas053,1
60451-1,cty1877,1
60451-1,cty1878,1
60452-1,cty1860,1
60452-1,cty1861,1
60453-1,cty1874,1
60453-1,cty1875,1
60454-1,njo0446,1
60454-1,cty1879,1
60454-1,cty1880,1
60458-1,cty1842,1
60458-1,cty1843,1
60459-1,cty1844,1
60459-1,cty1845,1
60460-1,cty1868,1
60460-1,cty1869,1
60460-1,cty1870,1
60460-1,cty1871,1
6046-1,cas061,1
6046-1,cas066,1
6046-1,gen001,1
6046-1,cas285,1
6046-1,cas286,1
60461-1,cty1850,1
60461-1,cty1851,1
60462-1,cty1873,1
60462-1,cty1885,1
60462-1,cty1886,1
60463-1,cty1883,1
60463-1,cty1884,1
60464-1,cty1847,1
60464-1,cty1848,1
6047-1,cas022,1
6047-1,cas026,1
6047-1,cas067,1
60472-1,cty1856,1
60472-1,cty1857,1
60472-1,cty1858,1
60472-1,cty1859,1
60474-1,cty1871,1
60474-1,cty1881,1
60474-1,cty1882,1
6048-1,cas015,1
6048-1,cas249,1
6049-1,cas107,3
6049-1,cas115,1
6049-1,cas198,1
605-1,twn448,1
605-1,twn448s,1
6052-1,47394pb015,1
6052-1,47394pb059,1
6053-1,twn142,1
6053-1,cty0248,1
6054-1,cas124,1
6054-1,cas140a,1
6055-1,cas093,1
6055-1,cas222,1
6055-1,cas189a,1
6055-1,cas111a,1
6056-1,cas013,1
6056-1,cas018,1
6057-1,cas102,1
6057-1,cas103,1
6057-1,cas150,1
6057-1,cas159,1
6057-1,cas322,1
6059-1,cas161,1
6059-1,cas162,2
6059-1,cas173,1
6059-1,cas187,1
6060-1,cas110,1
6060-1,cas120,1
6060-1,cas141,1
6060-1,cas175,1
6060-1,cas188,1
6060-1,cas195,1
6060-1,cas216,1
6060-1,cas220,1
606-1,pln030,1
606-1,doc013s,1
6061-1,cas108,2
6061-1,cas189,1
6061-1,cas288,1
6062-1,cas098,1
6062-1,cas099,1
6062-1,cas108,1
6062-1,cas111,1
6062-1,cas005,1
6062-1,cas119a,1
6066-1,cas284,1
6066-1,cas131a,1
6066-1,cas134a,2
6066-1,cas123a,1
6066-1,cas137a,1
6067-1,cas095,1
6067-1,cas105,1
6067-1,cas182,1
6067-1,cas237a,1
607-1,con015s,1
607-1,con015,1
607-1,con013,1
6071-1,cas136,1
6071-1,cas138,1
6071-1,cas320,1
6071-1,cas321,1
6071-1,cas319,1
6073-1,cas175,1
6073-1,cas183,1
6073-1,cas301,2
6073-1,cas101a,2
6074-1,cas176,1
6074-1,cas181,1
6074-1,cas301,2
6074-1,cas101a,2
6075-1,gen002,1
6075-1,cas251,1
6075-1,cas252,2
6075-2,cas082a,7
6075-2,cas083a,1
6075-2,cas084a,1
6075-2,cas085a,1
6075-2,cas086a,1
6075-2,cas087a,1
6075-2,cas088a,1
6075-2,cas081a,1
6075-2,cas081s,1
6075-2,cas082s,7
6075-2,cas083s,1
6075-2,cas084s,1
6075-2,cas085s,1
6075-2,cas086s,1
6075-2,cas087s,1
6075-2,cas088s,1
6076-1,cas013,1
6076-1,cas219,1
6076-1,cas249,1
6076-1,cas017a,1
6077-1,cas075,2
6077-1,cas074,4
6077-2,cas121,1
6077-2,cas126,1
6077-2,cas135,1
6077-2,cas137,1
6077-2,cas132a,1
6077-2,cas140a,1
6078-1,gen001,1
6078-1,cas158,1
6078-1,cas160,1
6078-1,cas239,1
6078-1,cas017a,1
6079-1,cas004,1
6079-1,cas006,1
6079-1,cas008,1
6079-1,cas010,1
6079-1,cas016,1
6079-1,gen001,1
6079-1,cas245,1
6080-1,cas108,4
6080-1,cas190,1
6080-1,cas192,1
6080-1,cas193,1
6080-1,cas222,4
6080-1,cas414,1
6081-1,gen002,1
6081-1,cas170,1
6081-1,cas097,1
6081-1,cas112,2
6081-1,cas147,2
6081-1,cas171,1
608-2,trn088,1
6082-1,cas013,2
6082-1,cas001,1
6082-1,cas249,1
6082-1,cas245,1
6082-1,cas255,1
6083-1,cas076,1
6083-1,cas077,1
6083-1,cas079,1
6083-1,cas230,2
6083-1,cas007,1
6083-2,cas048,1
6083-2,cas055,1
6083-2,cas056,1
6085-1,cas154,4
6085-1,cas175,1
6085-1,cas180,1
6085-1,cas185,1
6085-1,cas191,1
6085-1,cas287,4
6086-1,gen002,1
6086-1,cas166,1
6086-1,cas149,1
6086-1,cas167,1
6086-1,cas179,1
6086-1,cas252,1
6086-1,cas318,1
6086-1,cas151a,2
6086-1,cas165a,1
6086-1,cas163a,1
6086-1,cas280a,1
6087-1,cas009,1
6087-1,cas030,1
6087-1,cas032,1
6087-1,gen001,1
6087-1,cas244,1
6087-1,cas243,1
6088-1,cas048,2
6088-1,cas053,1
6088-1,cas055,1
6089-1,cas048,1
6089-1,cas049,1
6089-1,cas053,1
6089-1,cas055,1
6089-1,cas056,1
6090-1,cas060,1
6090-1,cas063,1
6090-1,cas066,2
6090-1,cas067,1
6090-1,gen001,1
6090-1,gen002,1
6090-1,cas153,2
6090-1,cas239,2
6091-1,cas033,1
6091-1,cas034,1
6091-1,cas035,1
6091-1,cas037,1
6091-1,cas041,1
6091-1,cas046,1
6091-1,gen001,1
6091-1,cas247,1
6093-1,cas048,1
6093-1,cas049,2
6093-1,cas052,1
6093-1,cas054,1
6093-1,cas055,2
6093-1,cas056,1
6093-1,gen010,1
6094-1,cas037,1
6094-1,cas042,1
6095-1,cas035,1
6095-1,cas036,1
6095-1,cas046,1
6096-1,cas039,1
6096-1,cas043,1
6096-1,cas044,1
6096-1,cas046,1
6097-1,cas022,1
6097-1,cas027,1
6097-1,cas029,1
6097-1,cas032,1
6097-1,cas065,1
6097-1,gen001,1
6097-1,cas250,1
6097-1,cas244,1
6098-1,cas033,1
6098-1,cas034,1
6098-1,cas035,1
6098-1,cas037,1
6098-1,cas041,1
6098-1,cas046,1
6098-1,gen001,1
6098-1,cas247,1
6099-1,cas022,1
6099-1,cas026,1
6099-1,cas067,1
6100-1,aqu008,1
6102-1,cas098,1
6102-1,cas108,1
6102-1,cas113,1
6102-1,cas005,1
6102-1,cas113a,1
6102-1,cas101a,1
6103-1,cas099,1
6103-1,cas119,1
6103-1,cas139,1
6103-1,cas005,1
6103-1,cas123a,1
6103-1,cas553,1
6103-2,cas108,1
6103-2,cas199,1
6103-2,cas231,1
6103-2,cas101a,1
6104-1,aqu007,1
6104-1,aqu001a,1
6105-1,cas013,1
6105-1,cas236,1
6105-1,cas252,1
6105-1,cas018a,1
6107-1,aqu013,1
6109-1,aqu014,1
6110-1,aqu011,1
6115-1,aqu006,1
6125-1,aqu001,1
6130-1,47394pb115,1
6131-1,twn153,1
6132-1,crs027,1
6133-1,crs051,1
6133-1,crs063,1
6134-1,crs062,1
6134-1,crs028,1
6134-1,crs026,1
6135-1,aqu007,1
6136-1,47394pb018,1
6136-2,47394pb158,1
6137-1,47394pb113,1
6137-1,47394pb118,1
6138-1,47394pb076,1
6138-1,47394pb122,1
6140-1,aqu014,1
6141-1,47394pb011a,1
6143-1,47394pb160,1
6143-1,47394pb161,1
6144-1,47394pb051,1
6145-1,aqu002,1
6146-1,47394pb059,1
6150-1,aqu009,1
6151-1,47394pb147,1
615-2,old012,1
6152-1,47394pb148,1
6153-1,47394pb149,1
6154-1,47394pb149,1
6154-1,47394pb150,1
6155-1,aqu006a,1
6156-1,47394pb114,1
6156-1,47394pb121,1
6156-1,47394pb146,1
6157-1,47394pb123,1
6157-1,47394pb144,1
6157-1,47394pb145,1
6157-1,47205pb024,1
6158-1,47394pb143,1
6158-1,47394pb144,1
6159-1,aqu009,1
6160-1,aqu012,1
6160-1,aqu013a,1
6160-1,aqu014a,1
6164-1,cty0154,1
6166-1,cty0050,1
6167-1,twn126,1
6167-1,twn127,1
6168-1,47394pb076,1
6168-1,47394pb122,1
6169-1,47394pb061,1
6169-1,47394pb026,1
617-1,old030,1
6171-1,47394pb078,1
6171-1,47394pb114,1
6172-1,47394pb145,1
6173-1,47394pb144,1
6175-1,aqu001,1
6175-1,aqu029,1
6178-1,47205pb001,1
6180-1,aqu011,1
6180-1,aqu012a,1
6180-1,aqu030,1
6180-1,aqu031,1
6186-1,cty0238,1
6187-1,cty0111,1
6190-1,aqu007,1
6190-1,aqu006a,1
619-1,old016,1
619-1,old016s,1
6191-1,cty0115,1
6192-1,pi102,1
6193-1,cas407,1
6194-1,trn147,1
6194-1,twn089,1
6195-1,aqu001,1
6195-1,aqu002,2
6195-1,aqu003,1
6198-1,aqu012,2
6198-1,aqu013a,1
6198-1,aqu014a,1
6199-1,aqu012,1
6199-1,aqu013,1
6199-1,aqu028,1
6199-1,aqu030,1
6199-1,aqu031,1
620-1,fire005,1
620-1,fire005s,1
6204-1,pi014,1
6204-1,pi016,1
6204-1,pi033,1
6204-1,pi055,1
6204-1,gen010,1
6205-1,sw0118,1
6206-1,sw0035b,1
6207-1,sw0031a,1
6207-1,sw0082,1
6208-1,sw0032a,1
6208-1,sw0153,1
6209-1,sw0151,1
6209-1,sw0149,1
6209-1,sw0150,1
6209-1,sw0002a,1
6210-1,sw0071,1
6210-1,sw0002a,1
6210-1,sw0085,1
6210-1,sw0084,1
6210-1,sw0083,1
6210-1,sw0086,1
6210-1,sw0028a,1
6210-1,sw0087,1
621-1,pln106,1
621-1,cop014s,1
6211-1,sw0157,1
6211-1,sw0156,1
6211-1,sw0154,1
6211-1,sw0036a,2
6211-1,sw0188a,2
6211-1,sw0123,1
6211-1,sw0214,1
6211-1,sw0040,2
6211-1,sw0040b,2
6211-1,sw0155,1
6211-1,sw0213,1
6212-1,sw0028,1
6212-1,sw0011a,1
6212-1,sw0089,1
6212-1,sw0113,1
6212-1,sw0113a,1
6212-1,sw0088,1
6212-1,sw0088a,1
6212-1,sw0090,1
6212-1,sw0090a,1
623-1,pln030,1
623-1,doc013s,1
6232-1,pi052,1
6232-1,gen011,1
6234-1,pi008,1
6235-1,pi073,1
6236-1,pi068,1
6237-1,pi008,1
6237-1,pi065,1
6239-1,pi104,1
6239-1,pi092,1
6239-1,pi105,1
6239-1,pi094,1
6240-1,pi106,1
6240-1,pi096,1
6240-1,pi107,1
6240-1,pi097,1
6241-1,pi098,1
6241-1,pi099,1
6241-1,pi100,1
6242-1,pi081,1
6242-1,pi087,1
6242-1,pi089,1
6242-1,pi090,1
6242-1,pi091,1
6242-1,pi093,1
6243-1,pi081,1
6243-1,pi082,1
6243-1,pi083,1
6243-1,pi084,1
6243-1,pi085,1
6243-1,pi086,1
6243-1,pi087,1
6243-1,pi088,1
6244-1,pi010,1
6245-1,pi064,1
6246-1,pi038,1
6246-1,pi079,1
6247-1,pi027,1
6247-1,pi062,1
6247-1,pi065,1
6248-1,pi036,1
6248-1,gen011,1
6249-1,pi010,1
6249-1,pi013,1
6249-1,pi048,1
6250-1,pi049,1
6250-1,pi055,1
6250-1,pi057,1
625-1,pln026,1
6251-1,pi043,1
6251-1,pi055,1
6251-1,pi056,1
6251-1,pi061,1
6251-1,pi063,1
6252-1,pi027,1
6252-1,pi055,1
6252-1,pi062,1
6252-1,pi065,1
6253-1,pi081,1
6253-1,pi085,1
6253-1,pi090,1
6253-1,pi101,1
6253-1,pi103,1
6253-1,gen020,1
6254-1,pi005,1
6254-1,pi043,1
6254-1,gen001,1
6255-1,pi008,1
6255-1,pi046,1
6256-1,pi066,1
6256-1,pi068,1
6257-1,pi009,1
6257-1,pi041,1
6257-1,pi073,1
6258-1,pi008,1
6258-1,pi027,1
6258-1,pi065,1
6259-1,pi061,1
6259-1,pi063,1
6259-1,pi072,1
6260-1,pi009,1
6260-1,pi021,1
6261-1,pi038,1
6261-1,pi072,1
6261-1,pi078,1
6262-1,pi008,1
6262-1,pi027,1
6262-1,pi068,1
6262-1,pi070,2
6263-1,pi001,1
6263-1,pi062,2
6263-1,pi080,1
6264-1,pi022,1
6264-1,pi029,1
6264-1,pi069,1
6264-1,pi079,1
6265-1,pi061,2
6265-1,pi063,1
6266-1,pi031,1
6266-1,pi062,1
6266-1,pi065,1
6267-1,pi046,1
6267-1,pi055,1
6267-1,pi061,2
6267-1,pi063,1
6268-1,pi008,1
6268-1,pi040,1
6268-1,pi076,1
6268-1,pi078,1
6270-1,pi009,1
6270-1,pi045,1
6270-1,pi055,1
6270-1,pi061,1
6271-1,pi042,1
6271-1,pi062,1
6271-1,pi065,1
6271-1,pi074,1
6273-1,pi008,1
6273-1,pi019,1
6273-1,pi045,1
6273-1,pi055,1
6273-1,pi058,1
6273-1,pi061,1
6273-1,pi063,1
6274-1,pi004,1
6274-1,pi060,3
6276-1,pi043,1
6276-1,pi055,1
6276-1,pi061,4
6276-1,pi063,1
6276-1,pi004b,1
6277-1,pi018,1
6277-1,pi025,1
6277-1,pi039,1
6277-1,pi044,1
6277-1,pi054,1
6277-1,pi062,2
6277-1,pi065,1
6277-1,pi074,1
6278-1,pi022,1
6278-1,pi041,1
6278-1,pi068,1
6278-1,pi070,3
6278-1,pi066a,1
6279-1,pi005,1
6279-1,pi020,1
6279-1,pi026,1
6279-1,pi055,1
6279-1,pi062,1
6279-1,pi065,1
6280-1,pi010,1
6280-1,pi014,1
6280-1,pi016,1
6281-1,pi013,1
6281-1,pi015,1
6281-1,pi037,1
6281-1,pi050,1
6281-1,gen011,1
6281-1,pi077,1
6285-1,pi005,1
6285-1,pi009,1
6285-1,pi021,1
6285-1,pi040,1
6285-1,pi042,1
6285-1,pi055,1
6285-1,pi056,1
6285-1,pi073,1
6286-1,pi006,1
6286-1,pi021,1
6286-1,pi028,1
6286-1,pi040,1
6286-1,pi053,1
6286-1,pi055,1
6286-1,pi056,1
6286-1,pi073,1
6286-1,pi080,1
6289-1,pi012,1
6289-1,pi013,1
6289-1,pi024,1
6289-1,pi030,1
6289-1,pi035,1
6289-1,pi047,1
6289-1,pi055,1
6290-1,pi012,1
6290-1,pi013,1
6290-1,pi024,1
6290-1,pi030,1
6290-1,pi035,1
6290-1,pi047,1
6290-1,pi055,1
6291-1,pi010,1
6291-1,pi014,1
6291-1,pi016,1
6292-1,pi022,1
6292-1,pi041,1
6292-1,pi068,1
6292-1,pi070,3
6292-1,pi066a,1
6296-1,pi010,1
6296-1,pi034,1
6296-1,pi051,1
6296-1,gen001,1
6301-1,trn026,1
6301-1,firec001,1
6301-1,cop001,1
6301-1,hor021,1
6301-1,doc016,1
6301-1,post004,1
6302-1,chef004,1
6302-1,ver010,1
6302-1,but011,1
6302-1,ncklc011,1
6302-1,trn113,1
6302-1,trn114,1
6307-1,firec001,1
6307-1,firec004,1
6307-1,firec024,2
6308-1,cop001,3
6308-1,cop003,1
6309-1,firec001,1
6309-1,cop004,1
6309-1,air005,1
6309-1,ovr010,1
6309-1,hor021,1
6309-1,doc016,1
6314-1,par036,1
6314-1,wtr001,1
6314-1,oct012,1
6314-1,ovr001,1
6314-1,par052,1
6314-1,hor024,1
6324-1,cop038,1
6325-1,car003,1
6326-1,firec006,1
6326-1,jbl002,1
6326-1,bnk003,1
6326-1,cop038,1
6326-1,twn014,1
6326-1,chef008,1
6327-1,oct017,1
6327-1,oct039,1
6328-1,soc045,1
6328-1,cop018,1
6329-1,trn005,1
6329-1,trn104,1
6329-1,jbl009,1
6330-1,air017,1
6330-1,car001,1
6330-1,car002,1
6330-1,car003,2
6331-1,oct005,1
6331-1,jstr003,1
6332-1,cop024,1
6332-1,jail003,1
6332-1,cop034,1
6332-1,cop035,1
6332-1,cop036,1
6332-1,cop037,1
6332-1,cop038,1
6333-1,soc045,1
6333-1,jstr004,1
6334-1,res002,1
6334-1,jstr001,1
6334-1,jstr002,1
6334-1,par051,1
6335-1,oct026,1
6335-1,oct016,1
6335-1,oct025,1
6336-1,splc005,1
6336-1,splc004,1
6337-1,vel002,1
6337-1,oct026,1
6337-1,oct016,1
6337-1,jstr008,1
6337-1,oct034,1
6337-1,oct045,1
6338-1,res003,1
6338-1,res004,1
6338-1,res006,1
6339-1,splc006,1
6339-1,splc001,1
6339-1,splc004,2
6340-1,firec006,1
6340-1,firec007,1
6341-1,oct012,1
6341-1,pln080,1
6342-1,par036,1
6342-1,zip002,1
6342-1,zip022,1
6344-1,cop007,1
6344-1,cop010,1
6345-1,trn069,1
6345-1,pck005,1
6345-1,jbr007,1
6345-1,pln038,1
6345-1,par050,1
6345-1,par050a,1
6345-1,twn007,1
6345-1,trn015,1
6346-1,zip011,2
6346-1,zip012,1
6346-1,pln043,2
6348-1,cop011,1
6348-1,cop009,1
6348-1,cop010,1
6349-1,ovr006,1
6349-1,ncklc001,1
6350-1,chef005,1
6350-1,ovr011,1
6350-1,fbr001,1
6351-1,trc003,1
6351-1,hor022,1
6351965-1,twn425,1
6352-1,ovr001,1
6353-1,cop016,1
6353-1,cop017,1
6354-1,cop001,1
6354-1,cop004,2
6355-1,pln042,1
6356-1,doc009,1
6356-1,air002,1
6356-1,pln044,1
6357-1,s001,1
6357-1,s002,1
6358-1,firec001,2
6359-1,s003,1
6360-1,trn010,1
6360-1,trn101,1
6361-1,ovr007,1
6362-1,post001,1
6363-1,jred005,1
6364-1,but002,1
6364-1,doc001a,1
6365-1,but004,1
6366-1,firec001,2
6366-1,firec005,1
6367-1,pln071,1
6368-1,air002,1
6368-1,but003,1
6369-1,ovr012,1
6370-1,hor010,1
6370-1,hor012,1
6371-1,shell003,1
6371-1,pln058,1
6371-1,jred015,1
6372-1,jred009,1
6372-1,ver010,1
6373-1,trn026,1
6373-1,zip015,1
6374-1,ver007,1
6374-1,pln074,1
6375-1,air002,1
6375-1,air005,1
6375-2,exx001,1
6375-2,exx002,1
6375-2,trn089,1
6376-1,ncklc003,1
6376-1,chef001,1
6376-1,trn083,1
6376-1,trn084,1
6376-1,wtr002,1
6377-1,ovr001,1
6377-1,ovr003,2
6377-1,air013,1
6378-1,trn026,1
6378-1,shell002,1
6379-1,par013,1
6379-1,ovr002,1
6380-1,doc002,1
6380-1,doc003,1
6380-1,ovr009,1
6380-1,jred001,1
6380-1,doc018,1
6381-1,ovr008,1
6381-1,s007,1
6381-1,zip001,1
6381-1,hor003,1
6381-1,trn070,1
6382-1,firec004,3
6382-1,but001,1
6383-1,but011,4
6384-1,cop001,1
6384-1,cop003,2
6384-1,pln050,1
6384705-1,gen163,1
6384705-1,gen162,1
6385-1,firec001,1
6385-1,hor007,1
6385-1,firec018,1
6386-1,cop001,1
6386-1,cop003,3
6387-1,jred007,1
6387-1,jred008,2
6387-1,pln082,1
6388-1,trn011,1
6388-1,hor004,1
6388-1,ncklc006,1
6388-1,ver014,1
6389-1,firec001,1
6389-1,firec002,2
6389-1,firec003,1
6390-1,cop015,1
6390-1,jred010,2
6390-1,ncklc004,1
6390-1,chef002,1
6390-1,but011,1
6390-1,trn089,1
6390-1,but015,1
6391-1,trn026,2
6391-1,ver003,1
6391-1,ver009,1
6391-1,zip021,1
6392-1,cop001,1
6392-1,air002,1
6392-1,air003,1
6392-1,air011,1
6392-1,air012,1
6392-1,zip005,1
6392-1,hor002,1
6392-1,trn069,1
6393-1,trn026,1
6393-1,ovr004,1
6393-1,hgh003,1
6393-1,jred003,2
6394-1,trn026,1
6394-1,shell002,1
6394-1,s004,1
6394-1,hor004,1
6394-1,hor005,1
6394-1,trn078,1
6395-1,doc012,1
6395-1,shell005,2
6395-1,ovr013,1
6395-1,s006,1
6395-1,zip002,1
6395-1,zip003,1
6395-1,zip004,1
6395-1,hor002,1
6395-1,jred003,1
6395-1,trc002,1
6395-1,trn070,1
6395-1,but014,1
6396-1,air002,1
6396-1,air005,2
6396-1,air006,1
6396-1,cop015,1
6396-1,ncklc001,1
6396-1,zip004,1
6396-1,trn070,1
6397-1,oct012,1
6397-1,oct002,1
6397-1,trn083,1
6398-1,jail001,1
6398-1,cop002,1
6398-1,cop005,1
6398-1,cop006,1
6398-1,cop008,1
6399-1,air002,1
6399-1,air005,1
6399-1,trn068,1
6399-1,trc004,1
6399-1,ncklc007,1
6399-1,hor013,1
6399-1,ver011,1
6399-1,par049,1
6399-1,trn091,1
6400-1,oct031,1
6401-1,par025,1
6401-1,par009,1
6401-1,par009a,1
640-2,firec019,1
640-2,firec019s,1
6402-1,par004,1
6402-1,par027,1
6403-1,par016,1
6403-1,par019,1
6403-1,par034,1
6404-1,par002,1
6404-1,wtr003,1
6405-1,par013,1
6405-1,par015,1
6406-1,oct031,1
6407-1,firec017,1
6409-1,par019,1
6409-1,par028,1
6409-1,par035,1
6409-1,par016,1
6409-1,par016a,1
6409-1,par009,1
6409-1,par009a,1
6410-1,par006,1
6410-1,par018,1
6410-1,par032,1
6410-1,wtr001,1
641-1,con014,1
641-1,con014s,1
6411-1,par009,1
6411-1,par010,1
6411-1,par021,1
6411-1,par035,1
6411-1,chef007a,1
6414-1,par005,1
6414-1,par022,1
6414-1,par036,1
6414-1,par031a,1
6415-1,rsq014,1
6416-1,par020,1
6416-1,par035,1
6416-1,wtr001,1
6416-1,par017,1
6416-1,par017a,1
6417-1,par012,1
6418-1,par002,1
6418-1,par024,1
6418-1,par033,1
6418-1,wtr001,1
6418-1,par054,1
6419-1,par014,1
6419-1,par015,1
6419-1,par026,1
6420-1,post003,1
6422-1,rep005,1
6423-1,oct013,1
6424-1,oct023,1
6424-1,trn094,1
6424-1,oct071,1
6425-1,twn025,1
6426-1,oct017,1
6426-1,trn086,1
6426-1,trn105,1
6426-1,ovr022,1
6428-1,rsq014,1
6429-1,firec025,1
6429-1,firec026,1
6430-1,cop004,1
643-1,pln027,2
6431-1,rsq010,1
6432-1,oct016,1
6432-1,oct038,1
6433-1,cop031,1
6433-1,cop032,1
6433-1,cop033,1
6434-1,rep001,1
6434-1,rep002,1
6434-1,rep003,2
6434-1,twn003,1
6435-1,res008,1
6435-1,res009,1
6435-1,res010,1
6435-1,res011,1
6435-1,res013,1
6435-1,res012a,1
6436-1,oct038,1
6437-1,res008,1
6439-1,jbl002,1
6440-1,air001,2
6441-1,div009,1
6441-1,div022,1
6441-1,div023,1
6441-1,div015a,1
6441-1,div018a,1
644-2,pln051,1
644-2,cop023s,1
6442-1,div011,1
6442-1,div015a,1
6442-1,div018a,1
6444-1,pck006,1
6444-1,jbl005,1
6444-1,lea004,1
6445-1,rsq004a,1
6446-1,rep004,1
6447-1,jbl007,1
6447-1,jbl009,1
6450-1,cop001,1
645-1,cop003,1
6451-1,rsq003,1
6451-1,rsq007,1
6451-1,rsq013,1
6452-1,spp011,1
6453-1,spp008,1
6454-1,spp003,1
6455-1,spp003,1
6455-1,spp007,1
6455-1,spp011,1
6456-1,spp002,1
6456-1,spp008,1
6456-1,spp009,1
6456-1,spp011,1
6457-1,spp005,1
6458-1,spp006,1
6459-1,spp007,1
6459-1,spp010,1
646-1,but021,1
6461-1,spp012,1
6462-1,ext014,1
6462-1,rsq004a,1
6462-1,rsq008a,1
6463-1,spp005,1
6464-1,firec006,1
6464-1,lea006,1
6464-1,cop047,1
6464-1,firec023,1
6464-1,rep006,1
6464-1,cop057,1
6465-1,spp003,1
6467-1,oct016,1
6467-1,oct041,1
6468-1,oct042,1
6468-1,pck007,1
6470-1,con001,1
6471-1,cop041,1
6471929-1,gen175,1
6471929-1,gen184,1
6471930-1,sw1272,1
6472-1,oct012,1
6472-1,oct002,1
6472-1,trn083,1
6473-1,rsq013,1
6473-1,rsq014,2
6474-1,con003,1
6476261-1,mk157,1
6477-1,fire006,1
6477-1,fire007,1
6477-1,fire008,1
6478-1,fire001,1
6478-1,fire002,1
6478-1,fire003,1
6478-1,fire004,1
6479-1,rsq003,1
6479-1,rsq005,1
6479-1,rsq006,1
6479-1,rsq010,1
6479-1,rsq004a,1
6480-1,firec001,1
6481-1,trn025,1
6481-1,hgh004,1
6482-1,zip013,1
6482-1,zip014,1
6482-1,pln040,1
6483-1,cop020,1
6483-1,cop021,1
6483-1,jbr012,1
6484-1,tel004,1
6484-1,oct030,1
6484-1,jbl007,1
6486-1,firec020,1
6487-1,pck019,1
6489-1,par007,1
6489-1,par029,1
6490-1,pck017,1
6491-1,tim004,1
6492-1,tim003,1
6492-1,tim004,1
6493-1,tim003,1
6493-1,tim004,1
6494-1,tim003,1
6494-1,tim004,1
6494-1,gen001,1
6494-1,tim007,1
6495-1,tim001,1
6496-1,tim002,1
6496-1,gen012,1
6497-1,tim001,1
6497-1,tim002,1
6497-1,gen005,1
6497-1,gen012,1
6498-1,oct038,1
6499-1,tim001,1
6501-1,ncklc005,1
6502-1,s007,1
6503-1,pln032,1
6504-1,ovr005,1
6505-1,firec001,1
6506-1,cop001,1
6507-1,ovr001,1
6508-1,pln031,1
6509-1,s005,1
6510-1,pln034,1
6511-1,firec001,1
6512-1,ovr010,1
6513-1,pck018,1
6514-1,pck002,1
6515-1,oct003,1
6516-1,splc002,1
6517-1,jstr001,1
6518-1,res001,1
6519-1,rac008,1
6520-1,arc003,1
6520-1,arc008,1
6521-1,hgh001,1
6522-1,cop003,2
6523-1,doc004,1
6524-1,pln033,1
6525-1,firec017,1
6526-1,zip006,1
6527-1,hor008,1
6527192-1,mar0118,1
6528-1,zip007,1
6529-1,air004,1
6529-1,zip004,1
6530-1,hor009,1
6531-1,zip020,1
6532-1,ovr001,1
6533-1,cop012,1
6534-1,par036,1
6535-1,jbl002,1
6536-1,jbr003,1
6537-1,oct006,1
6538-1,lea002,1
6539-1,oct004,1
6539-1,s008,1
6539-1,pck001,1
6539-1,jred002,1
6540-1,cop001,1
6540-1,cop004,1
6540-1,cop016,1
6540-1,cop030,1
6541-1,boat001,1
6541-1,ovr003,1
6541-1,ovr007,1
6541-1,ovr010,1
6541-1,boat006,1
6542-1,cop001,1
6542-1,boat001,1
6542-1,ovr001,1
6542-1,ovr007,1
6542-1,ovr008,1
6542-1,boat004,1
6542-1,boat005,1
6543-1,wtr001,1
6543-1,oct012,1
6543-1,ovr007,1
6543-1,jbr011,1
6543-1,pln065,1
6543-1,oct037a,1
6543-1,oct036,1
6544-1,splc001,1
6544-1,splc004,2
6545-1,cop005,2
6545-1,cop006,1
6546-1,oct026,1
6547-1,par008,1
6547-1,par023,1
6547-1,par033,1
6547-1,wtr001,1
6547-1,par042,1
6548-1,oct012,1
6548-1,oct020,1
6548-1,pln096,1
6549-1,pck023,1
6549-1,lea006,1
6549-1,cop043,1
6549-1,cop044,1
6550-1,oct022,1
6551-1,zip016,1
6551-1,zip017,1
6551-1,ver002,1
6551-1,pln013,1
6551-1,wtr004,1
6551-1,par043,1
6552-1,pck001,1
6552-1,par046a,1
6552-1,par046,1
6553-1,ext011,2
6553-1,tv001,1
6554-1,firec006,1
6554-1,firec009,1
6554-1,firec020,1
6554-1,firec013,1
6555-1,div019,1
6556-1,div003,1
6556-1,div001a,1
6557-1,div009,1
6557-1,div016,1
6557-1,div022,1
6558-1,div001a,2
6558-1,div025,1
6559-1,div004,1
6559-1,div013,1
6559-1,div001a,2
6559-1,div026,1
6560-1,div007,1
6560-1,div010,1
6560-1,div016,2
6560-1,gen001,1
6560-1,div019,2
6561-1,lea001,1
6561-1,pln041,1
6561-1,jbr009,1
6562-1,oct001,2
6562-1,jbl001,1
6562113-1,tls124,1
6563-1,jbr004,1
6563-1,lea003,1
6563-1,pck012,1
6564-1,pck020,1
6565-1,ovr001,1
6565-1,jbl002,2
6566-1,bnk002,1
6566-1,bnk003,1
6567-1,ext002,1
6568-1,oct015,1
6568-1,ext011,1
6568-1,ext012,1
6568-1,ext001,1
6568-1,ext001a,1
6570-1,arc008,1
6571-1,trn005,1
6571-1,firec007,1
6571-1,firec009,1
6571-1,firec010,1
6572-1,ext001,1
6572-1,ext007,1
6573-1,arc006,1
6573-1,arc007,1
6575-1,arc001,1
6575-1,arc004,1
6575-1,arc005,1
6575-1,arc007,1
6575-1,arc008,1
6575-1,arc009,1
6577-1,arc008,1
6578-1,arc002,1
6579-1,arc008,1
6580-1,ext001,1
6580-1,oct013,1
6581-1,jbl001,1
6581-1,jbl002,1
6582-1,ext010,1
6582-1,ext012,1
6582-1,ext003a,1
6584-1,ext001,1
6584-1,ext005,1
6584-1,ext010,1
6584-1,ext012,1
6585-1,ext006,1
6586-1,arc002,1
6589-1,ext012,1
6590-1,hor011,1
6590-1,ver008,1
659-1,old009a,2
6591-1,zip008,1
6591-1,zip020,1
6592-1,ncklc002,1
6592-1,hor001,1
6593-1,firec001,1
6594-1,oct012,1
6595-1,par036,1
6595-1,fbr003,1
6595-1,par044,1
6596-1,oct017,1
6597-1,oct012,1
6597-1,cop002,1
6597-1,air002,1
6597-1,air007,1
6597-1,air008,1
6597-1,air009,1
6597-1,pck002,1
6597-1,jbr001,1
6597-1,par047,1
6597-1,par048,1
6597-1,air010a,1
6597-1,par031a,1
6598-1,cop011,1
6598-1,cop005,2
6598-1,soc045,1
6598-1,jail002,1
6598-1,cop019,1
6598-1,cop022,1
6598-1,twn016,1
6599-1,div009,1
6599-1,div016,1
6600-1,pln106,1
6600-1,cop014s,1
6600-2,con001,1
6600-2,con002,2
6600-2,con003,1
6600-2,soc045,1
6601-1,chef012,1
6602-1,fire005,1
6602-1,fire005s,1
6602-2,twn009,1
6603-1,hgh005,1
6604-1,pln051,1
6605-1,ver005,1
6606-1,but011,1
6607-1,pln086,1
6608-1,pln087,1
6609-1,ver004,1
6610-1,shell004,1
6611-1,firec001,1
6612-1,firec001,1
6613-1,hor008,1
6614-1,firec011,1
6615-1,jbr002,1
6616-1,rac008,1
6617-1,twn002,1
6617-1,twn004,1
6617-1,twn008,1
6617-1,oct012,1
6618-1,twn002,1
6619-1,twn010,1
662101-1,min009,1
662101-1,min010,1
662102-1,min011,1
662103-1,min017,1
6621-1,firec001,1
662203-1,min082,1
662204-1,min012,1
662204-1,min128,1
662205-1,min009,1
662205-1,min088,1
662206-1,min017,1
662206-1,min065,1
662207-1,min009,1
6622-1,post002,1
6622-1,pln077,1
662302-1,min012,1
662302-1,min132,1
662303-1,min088,1
662303-1,min133,1
662304-1,min010,1
662304-1,min112,1
662305-1,min151,1
662305-1,min152,1
662306-1,min081,1
662307-1,min065,1
662308-1,min017,1
662309-1,min146,1
6623-1,cop001,1
662317-1,min009,1
662401-1,min141,1
662401-1,min155,1
662402-1,min169,1
662403-1,min010,1
662403-1,min127,1
662404-1,min017,1
662405-1,min088,1
662405-1,min181,1
662406-1,min052,1
662406-1,min180,1
662407-1,min056,1
662408-1,min150,1
662409-1,min011,1
662409-1,min190,1
6624-1,pln015,1
662410-1,min132,1
662411-1,min200,1
662412-1,min149,1
662413-1,min201,1
662501-1,min203,1
662502-1,min012,1
662502-1,min160,1
6625-1,trn043,1
6625-1,cop005,1
6626-2,arc008,1
6627-1,pln078,1
6628-2,but011,4
6629-1,doc006,1
6630-1,but011,1
6631-1,ovr007,1
6632-1,cop001,1
6633-1,ver001,1
6634-1,s007,1
6636-1,cop024,1
6636-1,jail003,1
6636-1,cop034,1
6636-1,cop035,1
6636-1,cop036,1
6636-1,cop037,1
6636-1,cop038,1
6639-1,oct029,1
664-1,old025,1
664-1,old026,1
664-1,old027,1
6641-1,trc003,1
6642-1,cop004,1
6643-1,firec018,1
6644-1,s009,1
6645-1,but016,2
6646-1,zip009,1
6647-1,pln190,1
6647-1,pln190s,1
6648-1,bk001,1
6648-2,pln037,1
6649-1,jbl001,1
6650-1,firec004,1
6651-1,post001,1
6652-1,but015,1
6653-1,hgh002,1
6654-1,pln052,1
6655-1,trn026,1
6656-1,trn025,1
6657-1,firec005,1
6658-1,pln076,1
6659-1,pln050,1
6659-1,pln054,1
6660-1,trc002,1
6661-1,zip010,1
6662-1,ovr005,1
6663-1,oct012,1
6664-1,cop005,1
6664-1,cop010,1
6665-1,jbr006,1
6665-1,pck004,1
6665-1,par045,1
6666-1,doc010,1
6666-1,fbr002,1
6667-1,ovr005,1
6668-1,ovr014,1
6669-1,s006,1
6670-1,pck003,1
6671-1,trn026,1
6672-1,jred006,1
6672-1,pln039,1
6673-1,pln038,1
6674-1,hgh004,1
6675-1,trc001,1
6676-1,cop001,1
6676-1,cop013,1
6677-1,s010,1
6678-1,pln037,1
6679-1,pln036,2
6679-2,exx003,1
6680-1,doc008,1
6680-1,doc007,1
6681-1,cop013,1
6682-1,ovr007,1
6683-1,chef002,1
6683-1,jred017,1
6684-1,cop001,1
6684-1,cop003,1
6685-1,firec005,1
6686-1,but031,1
6687-1,air003,1
6687-1,trn070,1
6688-1,doc005,1
6688-1,pln075,1
6689-1,post001,1
6689-1,hor006,1
6690-1,fire005,2
6690-1,fire005s,2
6691-1,doc011,2
6692-1,but020,1
6693-1,ovr015,1
6693-1,but019,1
6694-1,ver006,1
6694-1,pln002,1
6695-1,shell001,1
6696-1,exx002,1
6697-1,but017,1
6697-1,but018,1
6698-1,pln035,1
6699-1,ovr012,1
6699-1,s011,1
670-1,con014,1
670-1,con014s,1
6701-1,sp005,2
6701-1,sp006,2
6701-1,sp007,2
6702-1,sp003,1
6702-1,sp004,1
6702-1,sp005,1
6702-1,sp080,1
6702-1,sp081,1
6702-1,sp053a,1
6703-1,sp001,2
6703-1,sp013,1
6703-1,sp014,1
6703-1,sp015,1
6703-1,sp016,1
6704-1,sp001,1
6704-1,sp002,1
6704-1,sp033,1
6704-1,sp036,1
6704-1,sp055,1
6704-1,sp054b,1
6705-1,sp019,1
6705-1,sp039,1
6705-1,sp040,1
6705-1,sp041,1
6705-1,sp049,1
6706-1,ww001,1
6706-1,ww003,1
6706-1,ww006,1
6707-1,rac020,1
6709-1,ww017,1
671-1,trn109,1
671-1,shell001a,1
6711-1,sp005,1
6711-1,sp006,2
6711-1,sp007,1
6712-1,ww007,1
6712-1,ww021,1
6713-1,twn004,1
6713-1,twn008,1
6713-1,twn009,1
6714-1,twn002,1
6716-1,ww004,1
6718-1,ww016,1
6718-1,ww019,1
672-1,fire005,1
672-1,fire005s,1
673-1,pln028,1
673-1,pln051,1
673-1,cop023s,1
6731-1,ixs003a,1
6732-1,ixs002,1
6733-1,ixs001,1
6734-1,ixs001,1
6734-1,ixs003a,1
6735-1,ixs001,1
6735-1,ixs002,1
6736-1,ixs001,1
6736-1,ixs003,1
6737-1,ixs002,1
6737-1,ixs004,1
6738-1,ixs006a,1
6738-1,ixs003a,1
6738-1,ixs004a,1
6739-1,ixs002,1
6739-1,ixs004,1
6739-1,ixs003,1
6740-1,ixs002,1
6740-1,ixs004,1
6740-1,ixs005,1
6740-1,ixs007,1
6740-1,ixs006a,1
6740-1,ixs003a,1
674-1,pln027,1
6746-1,ww014,1
6746-1,ww017,1
6746-1,ww018,1
6748-1,ww014,1
6748-1,ww016,2
6748-1,ww018,1
6748-1,ww019,1
6748-1,ww022,1
6750-1,sp004,1
6750-1,sp005,1
675-1,chef004,1
675-1,but013,1
6755-1,ww008,1
6755-1,ww010,1
6755-1,ww012,1
6755-1,ww021,1
6761-1,ww003,1
6761-1,ww006,1
6761-1,ww007,1
6761-1,ww008,1
6761-1,ww010,1
6762-1,ww001,1
6762-1,ww002,1
6762-1,ww003,1
6762-1,ww005,1
6762-1,ww006,2
6762-1,ww007,1
6762-1,ww008,1
6762-1,ww010,1
6762-1,ww012,1
6763-1,ww014,2
6763-1,ww016,1
6763-1,ww017,1
6763-1,ww018,1
6763-1,ww019,1
6763-1,ww026,1
6764-1,ww008,1
6764-1,ww010,1
6764-1,ww012,1
6764-1,ww021,1
6765-1,ww006,1
6765-1,ww007,1
6765-1,ww012,1
6765-1,ww013,1
6765-1,ww020,1
6765-1,ww021,1
6766-1,ww014,2
6766-1,ww016,1
6766-1,ww017,1
6766-1,ww018,1
6766-1,ww019,1
6766-1,ww026,1
6769-1,ww001,1
6769-1,ww002,1
6769-1,ww003,1
6769-1,ww005,1
6769-1,ww006,2
6769-1,ww007,1
6769-1,ww008,1
6769-1,ww010,1
6769-1,ww012,1
6770-1,sp016,1
677-1,cas075,2
677-1,cas074,4
6771-1,alp008,1
6772-1,alp009,1
6773-1,alp004,1
6774-1,alp001,1
6774-1,alp005,1
6775-1,alp002,1
6775-1,alp003,1
6775-1,alp007,1
6776-1,alp008,1
6776-1,alp006,2
6780-1,sp007,1
6781-1,sp001,1
6781-1,sp036,1
6783-1,sp005,1
6783-1,sp007,1
6783-1,sp071,1
6790-1,ww011,1
6791-1,ww011,1
6799-1,ww007,1
6799-1,ww008,1
6799-1,ww012,1
6799-1,ww021,1
6800-1,sp043,1
6801-1,sp006,1
6802-1,sp007,1
6802-1,sp077,1
6803-1,sp006,1
6804-1,sp006,1
6805-1,sp004,1
6806-1,sp005,1
6807-1,sp007,1
6807-1,sp077,1
6808-1,sp004,1
6809-1,sp004,1
6809-1,sp072,1
6810-1,sp013,1
6811-1,sp033,1
6812-1,sp051,1
6813-1,sp038,1
6814-1,sp018,1
6815-1,sp009,1
6816-1,sp043,1
6817-1,sp021,1
6818-1,sp043,1
6820-1,sp004,1
6821-1,sp006,1
6822-1,sp005,1
682303-1,sh0679,1
682304-1,sh0813,1
682305-1,sh0895,1
682306-1,sh0684,1
6823-1,sp007,1
682401-1,sh0947,1
682402-1,sh0855,1
682403-1,sh0709,1
682404-1,sh0684,1
682405-1,sh0682,1
682406-1,sh0948,1
6824-1,sp004,1
682501-1,sh0542,1
682502-1,sh1037,1
6825-1,sp006,1
6826-1,sp007,1
6827-1,sp004,1
6828-1,sp014,1
6829-1,sp043,1
6830-1,sp016,1
6830-1,sp125,2
6831-1,sp036,1
6832-1,sp002,1
6833-1,sp033,1
6834-1,sp019,1
6835-1,sp039,1
6836-1,sp044,1
6837-1,sp027,1
6841-1,sp005,1
6842-1,sp005,1
6844-1,sp006,1
6845-1,sp006,1
6846-1,sp005,1
6847-1,sp007,1
6848-1,sp016,1
6848-2,sp005,1
6849-1,sp007,1
6850-1,sp016,1
6851-1,sp002,1
6852-1,sp037,1
6854-1,sp012,1
6856-1,sp008,1
6857-1,sh0005,1
6857-1,sh0008,1
6857-1,sh0011,1
6857-1,sh0024,1
6857-1,sh0025,1
6857-1,sh0025a,1
6858-1,sh0006,1
6858-1,sh0019,1
6858-1,sh0019a,1
6860-1,sh0009,1
6860-1,sh0010,1
6860-1,sh0011,1
6860-1,sh0026,1
6860-1,sh0025,1
6860-1,sh0025a,1
6861-1,sp005,1
6862-2,sh0003,1
6862-2,sh0004,1
6862-2,sh0012,1
6863-1,sh0005,1
6863-1,sh0020,1
6863-1,sh0016,1
6863-1,sh0016a,1
6864-1,sh0007,1
6864-1,sh0021,1
6864-1,sh0022,1
6864-1,sh0023,1
6864-1,sh0016,1
6864-1,sh0016a,1
6865-1,sh0014,1
6865-1,sh0029,1
6865-1,sh0030,1
6866-1,sh0031,1
6866-1,sh0032,1
6866-1,sh0017,1
6867-1,sh0015,1
6867-1,sh0033,1
6867-1,sh0034,1
6868-1,sh0013,1
6868-1,sh0018,1
6868-1,sh0033,1
6868-1,sh0034,1
6869-1,sh0018,1
6869-1,sh0030,1
6869-1,sh0033,1
6869-1,sh0035,1
6869-1,sh0036,1
6870-1,sp005,1
6871-1,sp005,1
6871-1,sp006,1
6872-1,sp073,1
6872-1,sp131s,1
6872-1,sp131,1
6872-1,sp007,1
6873-1,sh0038,1
6873-1,sh0040,1
6873-1,sh0041,1
6874-1,sp005,1
6874-1,sp007,1
6875-1,sp016,1
6876-1,sp001,1
6877-1,sp033,1
6878-1,sp051,1
6879-1,sp018,1
6880-1,sp007,1
6881-1,sp006,1
6882-1,sp003,1
6883-1,sp006,1
6884-1,sp014,1
6884-1,sp082,1
6885-1,sp013,1
6886-1,sp001,1
6886-1,sp036,1
6887-1,sp002,1
6889-1,sp040,1
6890-1,sp005,1
6891-1,sp003,1
6891-1,sp074,1
6892-1,sp007,2
6893-1,sp014,1
6893-1,sp016,1
6894-1,sp001,1
6894-1,sp078,1
6895-1,sp001,1
6895-1,sp036,1
6896-1,sp033,1
6897-1,sp002,1
6897-1,sp037,1
6898-1,sp018,1
6899-1,sp008,1
6899-1,sp012,1
6900-1,sp042,1
6901-1,sp005,1
6901-1,sp006,1
6901-2,sp044,1
6902-1,sp044,1
6903-1,sp024,1
6905-1,sp021,1
6905-1,sp032,1
6907-1,sp026,1
6909-1,sp026,1
6915-1,sp044,1
6915-1,sp046,1
6918-1,cas492,1
6918-1,cas493,1
6919-1,sp024,1
6919-1,sp032,1
692-1,old007,2
6923-1,sp033,1
6923-1,sp083,1
6925-1,sp016,2
6925-1,sp084,2
6926-1,sp007,2
6927-1,sp005,1
6927-1,sp006,1
6928-1,sp003,1
6928-1,sp006,1
6929-1,sp005,1
6930-1,sp005,2
6930-1,sp007,2
693-1,old011,3
6931-1,sp007,1
6931-1,sp075,1
6932-1,sp016,2
6933-1,sp002,2
6936-1,bio003,1
6937-1,bio002,1
6937-1,bio012,1
6938-1,sp008,1
6938-1,sp012,1
6939-1,sp039,1
6939-1,sp041,1
6940-1,sp004,1
6940-1,sp005,1
6941-1,sp001,1
6942-1,sp031,1
6943-1,sp031,1
6949-1,sp039,1
6949-1,sp040,1
6949-1,sp041,1
6950-1,sp007,2
6951-1,sp003,1
6951-1,sp005,1
6951-1,sp007,1
6952-1,sp003,1
6952-1,sp005,1
6952-1,sp007,1
6952-1,sp076,1
6952-1,sp052a,1
6953-1,sp015,2
6953-1,sp016,1
6954-1,sp001,2
6955-1,sp001,1
6955-1,sp036,2
6956-1,sp033,2
6957-1,sp002,1
6957-1,sp037,2
6958-1,sp008,1
6958-1,sp009,1
6958-1,sp010a,1
6959-1,sp039,1
6959-1,sp040,1
6959-1,sp041,1
696-1,old011,2
696-1,old012,1
696-1,old031,1
696-1,old032,1
696-1,old033,1
696-1,old034,1
6969-1,sp029,1
6969-1,sp032,2
6970-1,sp005,2
6970-1,sp006,2
697-1,old028,1
6971-1,sp003,1
6971-1,sp004,1
6971-1,sp007,1
6972-1,sp004,3
6973-1,sp017,1
6973-1,sp018,1
6973-1,sp019,1
6975-1,sp042,1
6975-1,sp043,1
6975-1,sp045,1
6975-1,sp046,1
6977-1,sp025,1
6977-1,sp028,1
6977-1,sp032,2
6979-1,sp044,1
6979-1,sp045,1
6979-1,sp046,1
6980-1,sp005,1
6980-1,sp006,2
6980-1,sp007,2
6981-1,sp002,1
6981-1,sp055,1
6982-1,sp008,1
6982-1,sp009,1
6982-1,sp012,1
6982-1,sp010a,1
6983-1,sp017,1
6983-1,sp018,1
6983-1,sp019,1
6984-1,sp002,1
6984-1,sp037,1
6984-1,sp038,1
6985-1,sp003,1
6985-1,sp005,1
6985-1,sp006,1
6985-1,sp007,1
6986-1,sp001,1
6986-1,sp036,2
6987-1,sp001,5
6988-1,sp002,5
6989-1,sp033,3
6990-1,sp014,2
6990-1,sp016,3
699-1,old003,1
6991-1,sp041,1
6991-1,sp048,2
6991-1,sp049,1
6999-1,sp042,1
70000-1,loc002,1
70001-1,loc017,1
70001-1,loc013,1
70002-1,loc003,1
70002-1,loc004,1
70003-1,loc001,1
70003-1,loc005,1
70003-1,loc007,1
70004-1,loc008,1
70004-1,loc009,1
70004-1,loc010,1
70005-1,loc011,1
70005-1,loc012,1
70005-1,loc013,1
70006-1,loc017,1
70006-1,loc023,1
70006-1,loc024,1
70006-1,loc022,1
70006-1,loc019,1
70006-1,loc025,1
70007-1,loc021,1
70007-1,loc034,1
70008-1,loc007,1
70008-1,loc028,1
70008-1,loc035,1
70008-1,loc036,1
70009-1,loc015,1
70009-1,loc008,1
70009-1,loc037,1
70009-1,loc038,1
70009-1,loc039,1
70009-1,loc040,1
70010-1,loc013,1
70010-1,loc027,1
70010-1,loc041,1
70010-1,loc042,1
70010-1,loc043,1
70010-1,loc044,1
70010-1,loc045,1
70011-1,loc018,1
70011-1,loc016,1
70011-1,loc003,1
70012-2,loc001,1
70012-2,loc014,1
70012-2,loc007,1
70013-1,loc021,1
70013-1,loc015,1
70013-1,loc010,1
70014-1,loc017,1
70014-1,loc023,1
70014-1,loc024,1
70014-1,loc004,1
70014-1,loc006,1
7009-1,cas330,1
7009-1,cas335,1
70100-1,loc001,1
70101-1,loc010,1
70102-1,loc017,1
70103-1,loc023,1
70104-1,loc006,1
70105-1,loc021,1
70106-1,loc009,1
70107-1,loc029,1
70108-1,loc030,1
70109-1,loc031,1
70110-1,loc040,1
70111-1,loc046,1
70112-1,loc004,1
70113-1,loc026,1
70113-1,loc027,1
70114-1,loc032,1
70114-1,loc033,1
70115-1,loc024,1
70115-1,loc011,1
70123-1,loc049,1
70124-1,loc005,1
70125-1,loc050,1
70126-1,loc051,1
70127-1,loc052,1
70128-1,loc058,1
70128-1,loc054,1
70129-1,loc055,1
70129-1,loc064,1
70130-1,loc068,1
70130-1,loc053,1
70131-1,loc059,1
70131-1,loc060,1
70131-1,loc061,1
70132-1,loc062,1
70132-1,loc063,1
70132-1,loc056,1
70133-1,loc059,1
70133-1,loc065,1
70133-1,loc071,1
70134-1,loc053,1
70134-1,loc066,1
70134-1,loc067,1
70134-1,loc057,1
70135-1,loc095,1
70135-1,loc096,1
70135-1,loc130,1
70136-1,loc068,1
70137-1,loc057,1
70138-1,loc053,1
70139-1,loc071,1
70140-1,loc069,1
70140-1,loc070,1
70141-1,loc080,1
70141-1,loc081,1
70142-1,loc097,1
70142-1,loc098,1
70142-1,loc099,1
70143-1,loc078,1
70143-1,loc087,1
70143-1,loc091,1
70144-1,loc083,1
70144-1,loc092,1
70144-1,loc093,1
70145-1,loc084,1
70145-1,loc085,1
70145-1,loc086,1
70145-1,loc088,1
70145-1,loc089,1
70145-1,loc090,1
70146-1,loc073,1
70146-1,loc074,1
70146-1,loc075,1
70146-1,loc076,1
70146-1,loc077,1
70146-1,loc078,1
70146-1,loc079,1
70147-1,loc086,1
70147-1,loc087,1
70147-1,loc089,1
70147-1,loc091,1
70147-1,loc107,1
70149-1,loc100,1
70150-1,loc103,1
7015-1,vik001,1
70151-1,loc082,1
70155-1,loc104,1
70156-1,loc101,1
70156-1,loc102,1
70160-1,uagt003,1
70160-1,uagt004,1
7016-1,vik002,1
7016-1,vik003,1
70161-1,uagt001,1
70161-1,uagt002,1
70162-1,uagt009,1
70162-1,uagt010,1
70163-1,uagt011,1
70163-1,uagt012,1
70163-1,uagt013,1
70163-1,uagt014,1
70163-1,uagt013s,1
70164-1,uagt005,1
70164-1,uagt006,1
70164-1,uagt007,1
70164-1,uagt008,1
70165-1,uagt010,1
70165-1,uagt015,1
70165-1,uagt017,1
70165-1,uagt016,1
70165-1,uagt018,1
70165-1,uagt018s,1
70166-1,uagt019,1
70166-1,uagt020,1
70167-1,uagt021,1
70167-1,uagt022,1
70168-1,uagt026,1
70168-1,uagt027,1
70169-1,uagt019,1
70169-1,uagt023,1
70169-1,uagt025,1
70169-1,uagt024,1
70170-1,uagt010,1
70170-1,uagt028,1
70170-1,uagt029,1
70170-1,uagt030,1
7017-1,vik003,1
7017-1,vik004,1
70171-1,uagt033,1
70171-1,uagt034,1
70172-1,uagt010,1
70172-1,uagt028,1
70172-1,uagt031,1
70172-1,uagt032,1
70173-1,uagt019,1
70173-1,uagt022,1
70173-1,uagt024,1
70173-1,uagt035,1
70173-1,uagt037,1
70173-1,uagt036,1
7018-1,vik005,1
7018-1,vik006,1
7018-1,vik007,1
7018-1,vik008,1
7018-1,vik009,1
7018-1,vik010,1
7019-1,vik006,1
7019-1,vik011,1
7019-1,vik012,1
7019-1,vik013,1
7019-1,vik014,1
7019-1,vik015,1
7020-1,vik016,1
7020-1,vik017,1
7020-1,vik018,1
7020-1,vik019,1
7020-1,vik020,1
7020-1,vik021,1
7020-1,vik022,1
7021-1,vik023,1
7021-1,vik024,1
7021-1,vik025,1
70220-1,loc099,1
70220-1,loc129,1
70221-1,loc107,1
70221-1,loc128,1
70222-1,loc131,1
70222-1,loc132,1
70222-1,loc133,1
70223-1,loc135,1
70223-1,loc134,1
70223-1,loc136,1
70223-1,loc137,1
70224-1,loc087,1
70224-1,loc138,1
70224-1,loc139,1
70224-1,loc140,1
70224-1,loc141,1
70224-1,loc143,1
70225-1,loc096,1
70225-1,loc149,1
70225-1,loc154,1
70226-1,loc080,1
70226-1,loc151,1
70226-1,loc157,1
70226-1,loc158,1
70226-1,loc159,1
70227-1,loc099,1
70227-1,loc150,1
70227-1,loc152,1
70227-1,loc153,1
70227-1,loc155,1
70227-1,loc156,1
70228-1,loc080,1
70228-1,loc144,1
70228-1,loc145,1
70229-1,loc115,1
70229-1,loc116,1
70229-1,loc117,1
70230-1,loc118,1
70230-1,loc119,1
70230-1,loc120,1
70231-1,loc121,1
70231-1,loc122,1
70231-1,loc123,1
70232-1,loc124,1
70232-1,loc125,1
70232-1,loc126,1
7029-1,cas328,3
7029-1,cas346,1
7029-1,cas347,1
7029-1,cas348,1
7029-1,cas349,1
7030-1,wc005,1
70310-1,nex019,1
70310-1,nex005,1
7031-1,wc008,1
70311-1,nex012,1
70311-1,nex019,1
70312-1,nex001,1
70312-1,nex003,1
70312-1,nex002,1
70313-1,nex004,1
70313-1,nex017,1
70314-1,nex008,1
70314-1,nex016,1
70315-1,nex010,1
70315-1,nex005,1
70315-1,nex020,1
70315-1,nex011,2
70316-1,nex001,1
70316-1,nex013,1
70317-1,nex009,1
70317-1,nex010,1
70317-1,nex005,1
70317-1,nex007,1
70317-1,nex033,1
70317-1,nex034,1
70317-1,nex035,1
70318-1,nex003,1
70318-1,nex039b,1
70319-1,nex012,1
70319-1,nex016,1
70319-1,nex049,1
70320-1,nex029,1
70320-1,nex064,1
70320-1,nex065,1
7032-1,trn116,1
7032-1,wc004,1
70321-1,nex010,1
70321-1,nex050,1
70321-1,nex051,1
70322-1,nex005,1
70322-1,nex007,1
70322-1,nex060,2
70323-1,nex001,1
70323-1,nex013,1
70323-1,nex005,2
70323-1,nex016,1
70323-1,nex020,1
70323-1,nex007,1
70323-1,nex046,1
70323-1,nex047,1
70323-1,nex048,1
70324-1,nex012,1
70324-1,nex006,1
70324-1,nex028,1
70325-1,nex018,1
70325-1,nex025,1
70326-1,nex005,1
70326-1,nex041,1
70326-1,nex061,1
70326-1,nex062,1
70327-1,nex003,1
70327-1,nex015,1
70327-1,nex014,1
70330-1,nex023,1
7033-1,wc001,1
7033-1,wc002,1
7033-1,wc003,1
7033-1,wc001s,1
70331-1,nex031,1
70332-1,nex021,1
70333-1,nex032,1
70334-1,nex022,1
70335-1,nex030,1
70336-1,nex053,1
70337-1,nex055,1
70338-1,nex056,1
70339-1,nex054,1
7034-1,trn116,1
7034-1,wc023,1
70347-1,nex072,1
70347-1,nex074,1
70348-1,nex076,1
70348-1,nex077,1
70348-1,nex091,1
70349-1,nex066,1
70349-1,nex067,1
70349-1,nex068,1
70350-1,nex069,1
70350-1,nex070,1
70350-1,nex071,1
7035-1,wc004,1
7035-1,wc006,1
7035-1,wc007,1
7035-1,wc009,1
70351-1,nex090,1
70351-1,nex093,1
70351-1,nex104,1
70352-1,nex006,1
70352-1,nex076,1
70352-1,nex081,1
70352-1,nex087,1
70352-1,nex086,1
70352-1,nex088,1
70352-1,nex092,1
70353-1,nex072,1
70353-1,nex097,1
70353-1,nex093,1
70354-1,nex069,1
70354-1,nex077,1
70354-1,nex094,1
70354-1,nex118,1
70355-1,nex068,1
70355-1,nex098,1
70355-1,nex103,1
70355-1,nex096,1
70355-1,nex113,1
70356-1,nex087,1
70356-1,nex086,1
70356-1,nex095,1
70356-1,nex106,1
70356-1,nex112,1
70357-1,nex068,1
70357-1,nex076,1
70357-1,nex099,1
70357-1,nex100,1
70357-1,nex101,1
70357-1,nex102,1
70357-1,nex114,1
70357-1,nex120,1
70357-1,nex121,1
70357-1,nex122,1
70357-1,nex123,1
70358-1,nex068,1
70358-1,nex107,1
70359-1,nex076,1
70359-1,nex081,1
7036-1,cas358,1
7036-1,cas359,2
7036-1,cas356,1
7036-1,cas354,1
7036-1,cas357,1
7036-1,cas355,1
7036-1,cas355a,1
70361-1,nex072,1
70361-1,nex086,1
70361-1,nex105,1
70362-1,nex083,1
70363-1,nex084,1
70364-1,nex078,1
70365-1,nex079,1
70366-1,nex082,1
7037-1,cas338,1
7037-1,cas368,2
7037-1,cas374,1
7037-1,cas375,1
7038-1,cas364,1
7038-1,cas365,1
7038-1,cas366,1
7038-1,cas367,1
70400-1,cas516,1
70400-1,cas517,1
70400-1,cas528,1
70400-1,cas518a,1
7040-1,cas368,2
7040-1,cas373,1
70401-1,cas520,1
70401-1,cas521,1
70401-1,cas522,1
70402-1,cas523,1
70402-1,cas524,1
70402-1,cas525,1
70402-1,cas526,1
70403-1,cas533,1
70403-1,cas534,1
70403-1,cas535,1
70403-1,cas536,1
70403-1,cas537,1
70404-1,cas524,1
70404-1,cas527,1
70404-1,cas528,1
70404-1,cas529,1
70404-1,cas530,1
70404-1,cas531,1
70404-1,cas532,1
70409-1,pi153,1
70409-1,pi158,1
70410-1,pi150,1
70410-1,pi152,1
70410-1,pi159,1
7041-1,cas362,1
7041-1,cas368,2
7041-1,cas369,1
7041-1,cas370,1
7041-1,cas371,1
70411-1,pi153,1
70411-1,pi160,1
70411-1,pi165,1
70412-1,pi147,1
70412-1,pi154,1
70412-1,pi156,1
70412-1,pi157,1
70412-1,pi161,1
70413-1,pi148,1
70413-1,pi151,1
70413-1,pi155,1
70413-1,pi162,1
70413-1,pi163,1
70413-1,pi164,1
70413-1,pi149a,1
70413-1,pi149,1
70418-1,hs001,1
70418-1,hs002,1
70418-1,hs005,1
70419-1,hs007,1
70419-1,hs008,1
70419-1,hs009,1
70419-1,hs019,1
70420-1,gen047,1
70420-1,hs003,1
70420-1,hs006,1
70420-1,hs004,1
7042-1,wc017,1
70421-1,hs009,1
70421-1,hs010,1
70421-1,hs025,1
70421-1,hs026,1
70422-1,hs004,1
70422-1,hs011,1
70422-1,hs027,1
70422-1,hs028,1
70422-1,hs029,1
70423-1,hs002,1
70423-1,hs014,1
70423-1,hs012,1
70423-1,hs013,1
70423-1,hs018,1
70424-1,hs001,1
70424-1,hs002,1
70424-1,hs011,1
70424-1,hs020,1
70424-1,hs021,1
70424-1,hs022,1
70425-1,gen099,1
70425-1,hs005,1
70425-1,hs003,1
70425-1,hs016,1
70425-1,hs015,1
70425-1,hs017,1
70425-1,hs018,1
70425-1,hs023,1
70427-1,hs031,1
70427-1,hs032,1
70427-1,hs033,1
70427-1,hs034,1
70428-1,hs046,1
70428-1,hs047,1
70428-1,hs048,1
70429-1,hs043,1
70429-1,hs044,1
70429-1,hs045,1
70430-1,hs049,1
70430-1,hs050,1
70430-1,hs051,1
7043-1,wc016,1
7043-1,WC016s,1
70431-1,gen047,1
70431-1,hs052,1
70431-1,hs053,1
70431-1,hs054,1
70431-1,hs055,1
70432-1,hs035,1
70432-1,hs036,1
70432-1,hs037,1
70432-1,hs038,1
70432-1,hs039,1
70433-1,hs058,1
70433-1,hs060,1
70433-1,hs075,1
70434-1,hs047,1
70434-1,hs069,1
70434-1,hs074,1
70435-1,hs043,1
70435-1,hs061,1
70435-1,hs062,1
70435-1,hs063,1
70436-1,hs036,1
70436-1,hs050,1
70436-1,hs072,1
70436-1,hs071,1
70436-1,hs070,1
70436-1,hs073,1
70437-1,hs053,1
70437-1,hs065,2
70437-1,hs066,1
70437-1,hs067,1
70437-1,hs074,1
7044-1,wc018,1
7044-1,wc018a,1
7044-1,wc019,1
7044-1,wc019a,1
7045-1,wc010,1
7045-1,wc011,1
7046-1,wc016,1
7046-1,wc020,1
7046-1,wc024,1
7046-1,WC016s,1
7046-1,wc024s,1
7047-1,wc012,1
7047-1,wc013,1
7047-1,wc014,1
7047-1,wc015,1
7047-1,wc012s,1
7048-1,cas350,1
7048-1,cas365,2
7048-1,cas368,3
7048-1,cas376,1
7048-1,cas377,1
7048-1,cas375,1
7049-1,ac003,1
7049-1,ac005,1
70500-1,njo0071,1
70500-1,njo0072,1
7050-1,ac001,1
7050-1,ac002,1
70501-1,njo0075,1
70501-1,njo0079,1
70502-1,njo0077,1
70502-1,njo0080,1
70503-1,njo0072,1
70503-1,njo0075,1
70503-1,njo0073,1
70504-1,njo0076,1
70504-1,njo0074,1
70504-1,njo0077,1
70505-1,njo0064,1
70505-1,njo0072,1
70505-1,njo0073,1
70505-1,njo0077,1
70505-1,njo0078,1
7051-1,ac003,1
7051-1,ac004,1
7052-1,ac002,1
7052-1,ac006,1
7052-1,ac007,1
70588-1,njo0266,1
70588-1,njo0267,1
70588-1,njo0268,1
70589-1,njo0222,1
70589-1,njo0262,1
70589-1,njo0263,1
70589-1,njo0264,1
70590-1,njo00252,1
70590-1,njo0253,1
70590-1,njo0254,1
70590-1,njo0255,2
70591-1,njo0194,1
70591-1,njo0233,1
70591-1,njo0234,1
70591-1,njo0235,1
70591-1,njo0236,1
70592-1,njo0245,1
70592-1,njo0246,1
70592-1,njo0247,1
70592-1,njo0244,1
70593-1,njo0196,1
70593-1,njo0219,1
70593-1,njo0241,1
70593-1,njo0242,1
70593-1,njo0243,1
70594-1,njo0195,1
70594-1,njo0200,1
70594-1,njo0203,1
70594-1,njo0237,1
70594-1,njo0238,1
70594-1,njo0239,1
70594-1,njo0240,1
70594-1,njo0248,1
70595-1,njo0136,1
70595-1,njo0259,1
70595-1,njo0260,1
70595-1,njo0256,1
70595-1,njo0258,1
70595-1,njo0257,1
70595-1,njo0265,1
70596-1,njo0220,1
70596-1,njo0221,1
70596-1,njo0222,1
70596-1,njo0223,1
70596-1,njo0224,1
70596-1,njo0225,1
70596-1,njo0226,1
70596-1,njo0227,1
70599-1,njo0196,1
70599-1,njo0199a,1
70600-1,njo0198,1
70600-1,njo0212,1
70600-1,njo0215,1
70601-1,njo0197,1
70601-1,njo0209,1
70602-1,njo0210,1
70602-1,njo0211,1
70603-1,njo0189,1
70603-1,njo0190,1
70603-1,njo0191,1
70604-1,njo0200,1
70604-1,njo0201,1
70604-1,njo0203,1
70604-1,njo0204,1
70604-1,njo0208,1
70605-1,njo0193,1
70605-1,njo0192,1
70605-1,njo0194,1
70605-1,njo0195,1
70605-1,njo0196,1
70605-1,njo0197,1
70606-1,njo0316,1
70606-1,njo0318,1
70607-1,njo0338,1
70607-1,njo0355,1
70607-1,njo0356,1
70607-1,njo0357,1
70607-1,njo0358,1
70608-1,gen047,1
70608-1,njo0310,1
70608-1,njo0354,1
70608-1,njo0360,1
70609-1,njo0341,1
70609-1,njo0361,1
70609-1,njo0363,1
70609-1,njo0376,1
70610-1,njo0313,1
70610-1,njo0367,1
70610-1,njo0365,1
70610-1,njo0366,1
70611-1,njo0316,1
70611-1,njo0320,1
70611-1,njo0325,1
70611-1,njo0326,1
70612-1,njo0309,1
70612-1,njo0312,1
70612-1,njo0341,1
70612-1,njo0354,1
70613-1,njo0312,1
70613-1,njo0361,1
70613-1,njo0364,1
70613-1,njo0409,1
70614-1,njo0313,1
70614-1,njo0356,1
70614-1,njo0359,1
70614-1,njo0369,1
70614-1,njo0370,1
70614-1,njo0371,1
70615-1,njo0318,1
70615-1,njo0349,1
70615-1,njo0350,1
70615-1,njo0351,1
70615-1,njo0352,1
70615-1,njo0353,1
70616-1,njo0318,1
70616-1,njo0325,1
70616-1,njo0368,1
70616-1,njo0372,1
70616-1,njo0373,1
70617-1,njo0310,1
70617-1,njo0311,1
70617-1,njo0314,1
70617-1,njo0317,1
70617-1,njo0319,1
70617-1,njo0323,1
70617-1,njo0324,1
70617-1,njo0321,1
70617-1,njo0321a,1
70618-1,njo0312,1
70618-1,njo0313,1
70618-1,njo0315,1
70618-1,njo0316,1
70618-1,njo0318,1
70618-1,njo0320,1
70618-1,njo0322,1
70620-1,njo0313,1
70620-1,njo0327,1
70620-1,njo0328,1
70620-1,njo0329,1
70620-1,njo0330,1
70620-1,njo0331,1
70620-1,njo0332,1
70620-1,njo0333,1
70620-1,njo0334,1
70620-1,njo0335,1
70620-1,njo0336,1
70620-1,njo0337,1
70620-1,njo0338,1
70620-1,njo0339,1
70620-1,njo0340,1
70620-1,njo0341,1
70620-1,njo0342,1
70620-1,njo0343,1
70620-1,njo0344,1
70621-1,njo0274,1
70621-1,njo0275,1
70621-1,njo0276,1
70622-1,njo0281,1
70622-1,njo0293,1
70622-1,njo0295,1
70623-1,njo0280,1
70623-1,njo0283,1
70623-1,njo0296,1
70624-1,njo0275,1
70624-1,njo0285,1
70624-1,njo0294,1
70625-1,njo0276,1
70625-1,njo0286,1
70625-1,njo0278,1
70625-1,njo0301,1
70626-1,njo0282,1
70626-1,njo0284,1
70626-1,njo0290,1
70626-1,njo0293,1
70626-1,njo0291,1
70626-1,njo0292,1
70627-1,njo0275,1
70627-1,njo0277,1
70627-1,njo0279,1
70627-1,njo0288,1
70627-1,njo0289,1
70627-1,njo0294,1
70628-1,njo0432,1
70629-1,njo0360,1
70629-1,njo0380,1
70629-1,njo0411,1
70629-1,njo0412,1
70631-1,njo0318,1
70631-1,njo0364,1
70631-1,njo0377,1
70631-1,njo0381,1
70631-1,njo0413,1
70632-1,njo0322,1
70632-1,njo0379,1
70632-1,njo0412,1
70632-1,njo0421,1
70632-1,njo0422,1
70633-1,njo0406,1
70634-1,njo0404,1
70635-1,njo0407,1
70636-1,njo0405,1
70637-1,njo0408,1
70638-1,njo0391,1
70638-1,njo0392,1
70639-1,njo0385,1
70639-1,njo0393,1
70640-1,njo0394,1
70640-1,njo0395,1
70640-1,njo0400,1
70640-1,njo0396,1
70640-1,njo0403,1
70641-1,njo0397,1
70641-1,njo0398,1
70641-1,njo0401,1
70642-1,njo0402,1
70642-1,njo0389,1
70642-1,njo0390,1
70643-1,njo0382,1
70643-1,njo0383,1
70643-1,njo0384,1
70643-1,njo0385,1
70643-1,njo0386,1
70643-1,njo0387,1
70643-1,njo0388,1
70643-1,gen094,1
70643-1,njo0632,1
70644-1,njo0450,1
70645-1,njo0449,1
70646-1,njo0451,1
70647-1,njo0452,1
70648-1,njo0453,1
70650-1,njo0469,1
70650-1,njo0470,1
7065-1,ac008,1
7065-1,ac011,1
70651-1,njo0390,1
70651-1,njo0474,1
70651-1,njo0476,1
70651-1,njo0477,1
70651-1,njo0475,1
70651-1,njo0475a,1
70652-1,njo0458,1
70652-1,njo0459,1
70652-1,njo0466,1
70652-1,njo0468,1
70653-1,njo0462,1
70653-1,njo0463,1
70653-1,njo0466,1
70653-1,njo0470,1
70653-1,njo0472,1
70653-1,njo0473,1
70654-1,njo0458,1
70654-1,njo0459,1
70654-1,njo0462,1
70654-1,njo0464,1
70654-1,njo0465,1
70654-1,njo0466,1
70654-1,njo0467,1
70655-1,njo0456,1
70655-1,njo0457,1
70655-1,njo0458,1
70655-1,njo0459,1
70655-1,njo0460,1
70655-1,njo0461,1
70655-1,njo0462,1
70655-1,njo0463,1
70655-1,njo0464,1
70656-1,njo0312,1
70656-1,njo0364,1
70656-1,njo0378,1
70656-1,njo0380,1
70656-1,njo0415,1
70656-1,njo0416,1
70657-1,njo0364,1
70657-1,njo0432,1
70657-1,njo0439,1
70657-1,njo0440,1
70657-1,njo0441,1
70657-1,njo0442,1
70657-1,njo0443,1
70657-1,njo0444,1
70657-1,njo0438,1
70657-1,njo0437,1
70657-1,njo0436,1
70657-1,njo0435,1
70657-1,njo0434,1
70657-1,njo0446,1
70658-1,njo0382,1
70658-1,njo0476,1
70658-1,njo0481,1
70658-1,njo0482,1
70659-1,njo0492,1
70660-1,njo0489,1
7066-1,ac003,1
7066-1,ac006,1
7066-1,ac010,1
7066-1,ac012,1
7066-1,ac013,1
70661-1,njo0494,1
70662-1,njo0493,1
70663-1,njo0491,1
70663-1,njo0495,1
70664-1,njo0490,1
70664-1,njo0505,1
70665-1,njo0502,1
70665-1,njo0503,1
70665-1,njo0504,1
70666-1,njo0499,1
70666-1,njo0500,1
70666-1,njo0501,1
70667-1,njo0492,1
70667-1,njo0494,1
70667-1,njo0497,1
70667-1,njo0498,1
70668-1,njo0489,1
70668-1,njo0491,1
70668-1,njo0497,1
70668-1,njo0506,1
70669-1,njo0492,1
70669-1,njo0493,1
70669-1,njo0507,1
70669-1,njo0508,1
70670-1,njo0489,1
70670-1,njo0490,1
70670-1,njo0491,1
70670-1,njo0492,1
70670-1,njo0493,1
70670-1,njo0494,1
70670-1,njo0495,1
70670-1,njo0496,1
7067-1,ac002,2
7067-1,ac009,1
70671-1,njo0517,1
70671-1,njo0518,1
70672-1,njo0529,1
70672-1,njo0531,1
70672-1,njo0532,1
70673-1,njo0523,1
70673-1,njo0537,1
70673-1,njo0536,1
70674-1,njo0529,1
70674-1,njo0540,1
70674-1,njo0538,1
70674-1,njo0552,1
70675-1,njo0542,1
70675-1,njo0541,1
70675-1,njo0543,1
70675-1,njo0539,1
70675-1,njo0531,1
70676-1,njo0518,1
70676-1,njo0523,1
70676-1,njo0524,1
70676-1,njo0525,1
70676-1,njo0544,1
70676-1,njo0545,1
70677-1,njo0529,1
70677-1,njo0548,1
70677-1,njo0547,1
70677-1,njo0546,1
70677-1,njo0540,1
70677-1,njo0541,1
70677-1,njo0539,1
70677-1,njo0531,1
70677-1,njo0550,1
70678-1,njo0519,1
70678-1,njo0521,1
70678-1,njo0522,1
70678-1,njo0523,1
70678-1,njo0524,1
70678-1,njo0525,1
70678-1,njo0532,1
70679-1,njo0490,1
70679-1,njo0495,1
70679-1,njo0497,1
70679-1,njo0498,1
70679-1,njo0505,1
70679-1,njo0506,1
70680-1,njo0491,1
70680-1,njo0492,1
70681-1,njo0533,1
70682-1,njo0534,1
70683-1,njo0535,1
70684-1,njo0518,1
70684-1,njo0530,1
70685-1,njo0612,1
70686-1,njo0620,1
70687-1,njo0619,1
70688-1,njo0747,1
70689-1,njo0746,1
70690-1,njo0748,1
70700-1,gs001,1
70700-1,gs007,1
7070-1,4j013,1
70701-1,gs003,1
70701-1,gs004,1
70702-1,gs003,1
70702-1,gs006,1
70702-1,gs005,1
70703-1,gs008,1
70703-1,gs007,1
70703-1,gs004,1
70704-1,gs001,1
70704-1,gs013,1
70704-1,gs009,1
70705-1,gs003,1
70705-1,gs010,1
70705-1,gs011,1
70705-1,gs012,1
70706-1,gs001,1
70706-1,gs009,1
70707-1,gs010,1
70707-1,gs011,1
70708-1,gs006,1
70708-1,gs005,1
70708-1,gs014,1
70709-1,gs002,1
70709-1,gs003,1
70709-1,gs004,1
70709-1,gs014,1
70709-1,gs015,1
7071-1,4j010,1
7071-1,4j016,1
70720-1,njo0090,1
70720-1,njo0093,1
7072-1,4j015,1
70721-1,njo0091,1
70721-1,njo0092,1
70722-1,njo0087,1
70722-1,njo0088,1
70723-1,njo0083,1
70723-1,njo0089,1
70723-1,njo0090,1
70724-1,njo0083,1
70724-1,njo0084,1
70724-1,njo0085,1
70724-1,njo0086,1
70725-1,njo0092,1
70725-1,njo0094,1
70725-1,njo0095,1
70725-1,njo0096,1
70725-1,njo0097,1
70726-1,njo0092,1
70726-1,njo0098,1
70726-1,njo0099,1
70727-1,njo0091,1
70727-1,njo0100,1
70727-1,njo0101,1
70728-1,njo0083,2
70728-1,njo0093,1
70728-1,njo0103,1
70728-1,njo0105,1
70728-1,njo0104,1
70728-1,njo0106,1
70728-1,njo0107,1
70730-1,njo0141,1
70730-1,njo0178,1
70730-1,njo0179,1
7073-1,4j014,1
7073-1,4j016,1
70731-1,njo0174,1
70731-1,njo0182,1
70731-1,njo0183,1
70731-1,njo0184,1
70731-1,njo0184s,1
70732-1,njo0141,1
70732-1,njo0146,1
70732-1,njo0147,1
70732-1,njo0152,1
70732-1,njo0153,1
70732-1,njo0154,1
70732-1,njo0155,1
70732-1,njo0166,1
70732-1,gen069,1
70733-1,njo0140,1
70733-1,njo0141,1
70734-1,njo0140,1
70734-1,njo0142,1
70734-1,njo0143,1
70734-1,njo0144,1
70734-1,njo0145,1
70735-1,njo0146,1
70735-1,njo0147,1
70735-1,njo0148,1
70735-1,njo0149,1
70736-1,njo0144,1
70736-1,njo0152,1
70736-1,njo0153,1
70736-1,njo0154,1
70736-1,njo0155,1
70736-1,njo0156,1
70737-1,njo0147,1
70737-1,njo0150,1
70737-1,njo0151,1
70737-1,njo0152,1
70737-1,njo0166,1
70738-1,njo0140,1
70738-1,njo0142,1
70738-1,njo0146,1
70738-1,njo0147,1
70738-1,njo0163,1
70738-1,njo0165,1
70738-1,njo0167,1
70738-1,njo0173,1
70738-1,njo0174,1
70739-1,njo0161,1
70740-1,njo0160,1
7074-1,4j011,1
7074-1,4j015,1
7074-1,4j016,1
70741-1,njo0157,1
70742-1,njo0159,1
70743-1,njo0158,1
70744-1,njo0178,1
70745-1,njo0120,1
70745-1,njo0121,1
70746-1,njo0134,1
70746-1,njo0135,1
70746-1,njo0136,1
70747-1,njo0115,1
70747-1,njo0125,1
70747-1,njo0124,1
70748-1,njo0111,1
70748-1,njo0112,1
70748-1,njo0113,1
70749-1,njo0125,1
70749-1,njo0126,1
70749-1,njo0127,1
70749-1,njo0128,1
70749-1,njo0129,1
70750-1,njo0113,1
70750-1,njo0121,1
70750-1,njo0122,1
70750-1,njo0130,1
70750-1,njo0131,1
70750-1,njo0132,1
70750-1,njo0133,1
7075-1,4j009,1
7075-1,4j010,1
7075-1,4j013,1
7075-1,4j014,1
70751-1,njo0140,1
70751-1,njo0151,1
70751-1,njo0152,1
70751-1,njo0153,1
70751-1,njo0165,1
70751-1,njo0167,1
70751-1,njo0168,1
70751-1,njo0170,1
70751-1,njo0172,1
70751-1,njo0164,1
70751-1,njo0169,1
70751-1,njo0171,1
70751-1,njo0175,1
70752-1,njo0117,1
70752-1,njo0120,1
70753-1,njo0114,1
70753-1,njo0115,1
70754-1,njo0137,1
70754-1,njo0138,1
70755-1,njo0122,1
70755-1,njo0123,1
70756-1,njo0115,1
70756-1,njo0116,1
70756-1,njo0117,1
70756-1,njo0118,1
70756-1,njo0118a,1
7078-1,cas365,1
7078-1,cas400,1
7078-1,cas425,1
7078-1,cas426,1
7079-1,cas328,1
7079-1,cas327,1
7079-1,cas378,1
7079-1,cas415,1
7079-1,cas416,1
7079-1,cas417,1
7079-1,cas403a,1
70800-1,tlm018,1
70800-1,tlm023,1
70800-1,tlm024,1
7080-1,4j009,1
70801-1,tlm017,1
70801-1,tlm018,1
70801-1,tlm025,1
70802-1,tlm018,1
70802-1,tlm056,1
70803-1,tlm026,1
70803-1,tlm027,1
70803-1,tlm028,1
70803-1,tlm077,1
70804-1,tlm031,1
70804-1,tlm032,1
70804-1,tlm033,1
70805-1,tlm049,1
70805-1,tlm050,1
70805-1,tlm051,1
70806-1,tlm038,1
70806-1,tlm039,1
70806-1,tlm040,1
70807-1,tlm047,1
70807-1,tlm048,1
70807-1,tlm046,1
70808-1,tlm018,1
70808-1,tlm027,1
70808-1,tlm044,1
70808-1,tlm055,1
70808-1,tlm060,1
70809-1,tlm018,1
70809-1,tlm019,1
70809-1,tlm020,1
70809-1,tlm021,1
70809-1,tlm022,1
70809-1,tlm075,1
70809-1,tlm029,1
70810-1,tlm027,1
70810-1,tlm021,1
70810-1,tlm057,1
70810-1,tlm076,1
70810-1,tlm059,1
7081-1,4j010,1
70811-1,tlm052,1
70811-1,tlm053,1
70811-1,tlm054,1
70812-1,tlm034,1
70812-1,tlm035,1
70812-1,tlm036,1
70812-1,tlm037,1
70812-1,tlm037a,1
70813-1,tlm030,1
70813-1,tlm041,1
70813-1,tlm042,1
70813-1,tlm043,1
70813-1,tlm044,1
70814-1,tlm048,2
70814-1,tlm073,1
70814-1,tlm072,1
70815-1,sh0016a,1
70815-1,tlm055,1
70815-1,tlm068,1
70815-1,tlm067,1
70815-1,tlm069,1
70815-1,tlm070,1
70815-1,tlm079,1
70815-1,tlm078,1
70816-1,tlm057,1
70816-1,tlm074,1
70816-1,tlm063,1
70816-1,tlm064,1
70816-1,tlm065,1
70816-1,tlm088,1
70816-1,tlm089,1
70817-1,tlm048,1
70817-1,tlm090,1
70817-1,tlm091,1
70818-1,tlm092,1
70818-1,tlm093,1
70818-1,tlm094,1
70818-1,tlm095,1
70818-1,tlm096,1
70819-1,tlm046,1
70819-1,tlm098,1
70819-1,tlm099,1
70819-1,tlm100,1
70820-1,tlm103,1
70820-1,tlm143,1
70820-1,tlm179,1
70820-1,tlm180,1
70820-1,tlm181,1
70820-1,tlm182,1
7082-1,4j011,1
70821-1,tlm107,1
70821-1,tlm142,1
70822-1,tlm127,1
70822-1,tlm128,1
70822-1,tlm126,1
70823-1,tlm125,1
70824-1,tlm114,1
70824-1,tlm115,1
70824-1,tlm116,1
70824-1,tlm178,1
70826-1,tlm112,1
70826-1,tlm113,1
70827-1,tlm113,1
70827-1,tlm117,1
70828-1,tlm121,1
70828-1,tlm122,1
70828-1,tlm141,1
70828-1,tlm140,1
70829-1,tlm125,1
70829-1,tlm129,1
70829-1,tlm176,1
70829-1,tlm177,1
70830-1,tlm117,1
70830-1,tlm120,1
70830-1,tlm123,1
70831-1,tlm117,1
70831-1,tlm142,1
70831-1,tlm145,1
70831-1,tlm147,1
70832-1,tlm125,1
70833-1,tlm103,1
70833-1,tlm104,1
70834-1,tlm124,1
70834-1,tlm175,1
70835-1,tlm112,1
70835-1,tlm120,1
70836-1,tlm118,1
70836-1,tlm119,1
70837-1,tlm183,1
70837-1,tlm184,1
70837-1,tlm186,1
70837-1,tlm187,1
70837-1,tlm188,1
70837-1,tlm189,1
70837-1,tlm190,1
70837-1,tlm185,1
70838-1,tlm192,1
70838-1,tlm195,1
70838-1,tlm198,1
70838-1,tlm199,1
70838-1,tlm200,1
70839-1,90398pb041,2
70839-1,90398pb042,2
70839-1,tlm196,1
70839-1,tlm197,1
70840-1,tlm125,1
70840-1,tlm129,1
70840-1,tlm130,1
70840-1,tlm131,1
70840-1,tlm132,1
70840-1,tlm133,1
70840-1,tlm134,1
70840-1,tlm135,1
70840-1,tlm136,1
70840-1,tlm137,1
70840-1,tlm138,1
70840-1,tlm139,1
70840-1,tlm169,1
70841-1,tlm089,1
70841-1,tlm107,1
70841-1,tlm108,1
70841-1,tlm109,1
70841-1,tlm110,1
70842-1,tlm116,1
70842-1,tlm142,1
70842-1,tlm191,1
70847-1,tlm201,1
70847-1,tlm202,1
70847-1,tlm203,1
70847-1,tlm204,1
70848-1,tlm140,1
70848-1,tlm205,1
70849-1,tlm206,1
70849-1,tlm207,1
70849-1,tlm208,1
70849-1,tlm209,1
70900-1,sh0329,1
70900-1,sh0353,1
7090-1,cas328,1
7090-1,cas337,1
7090-1,cas336,1
70901-1,sh0318,1
70901-1,sh0319,1
70901-1,sh0320,1
70902-1,sh0305,1
70902-1,sh0315,1
70902-1,sh0330,1
70903-1,sh0312,1
70903-1,sh0333,1
70903-1,sh0334,1
70903-1,sh0335,1
70903-1,sh0336,1
70904-1,sh0318,1
70904-1,sh0350,1
70905-1,sh0086,1
70905-1,sh0312,1
70905-1,sh0315,1
70905-1,sh0316,2
70906-1,sh0305,1
70906-1,sh0306,1
70906-1,sh0307,1
70907-1,sh0321,1
70907-1,sh0322,1
70907-1,sh0323,1
70907-1,sh0329,1
70908-1,sh0329,1
70908-1,sh0325,1
70908-1,sh0326,1
70908-1,sh0327,1
70908-1,sh0328,1
70908-1,sh0324,1
70909-1,sh0308,1
70909-1,sh0309,1
70909-1,sh0310,1
70909-1,sh0311,1
70909-1,sh0312,1
70909-1,sh0313,1
70909-1,sh0314,1
709-1,pln106,1
709-1,cop014s,1
70910-1,sh0318,1
70910-1,sh0331,1
70910-1,sh0332,1
7091-1,cas327,1
7091-1,cas329,1
7091-1,cas338,1
7091-1,cas339,1
70911-1,sh0312,1
70911-1,sh0351,1
70912-1,sh0329,1
70912-1,sh0341,1
70912-1,sh0339,1
70912-1,sh0340,1
70912-1,sh0337,1
70912-1,sh0342,1
70912-1,sh0343,1
70912-1,sh0344,1
70912-1,sh0345,1
70912-1,sh0338,1
70912-1,sh0347,1
70912-1,sh0346,1
70912-1,sh0352,1
70913-1,sh0391,1
70913-1,sh0402,1
70914-1,sh0329,1
70914-1,sh0396,1
70914-1,sh0414,1
70915-1,sh0395,1
70915-1,sh0415,1
70915-1,sh0416,1
70915-1,sh0417,1
70916-1,sh0312,1
70916-1,sh0315,1
70916-1,sh0398,1
70917-1,dim005,1
70917-1,sh0305,1
70917-1,sh0315,1
70917-1,sh0397,1
70917-1,sh0415,1
70917-1,sh0418a,1
70917-1,sh0418b,1
70917-1,sh0424,1
70918-1,sh0318,1
70918-1,sh0491,1
70919-1,sh0461,1
70919-1,sh0462,1
70919-1,sh0463,1
70919-1,sh0465,1
70920-1,sh0312,1
70920-1,sh0487,1
70920-1,sh0488,1
7092-1,cas327,1
7092-1,cas329,2
7092-1,cas340,1
7092-1,cas341,1
70921-1,sh0305,1
70921-1,sh0453,1
70921-1,sh0454,1
70921-1,sh0455,1
70922-1,sh0306,1
70922-1,sh0312,1
70922-1,sh0337,1
70922-1,sh0440,1
70922-1,sh0442,1
70922-1,sh0443,1
70922-1,sh0444,1
70922-1,sh0445,1
70922-1,sh0446,1
70922-1,sh0447,1
70923-1,sh0329,1
70923-1,sh0330,1
70923-1,sh0449,1
70923-1,sh0450,1
70923-1,sh0452,1
70923-1,sh0464,1
7093-1,cas326,1
7093-1,cas328,2
7093-1,cas333,1
7093-1,cas334,1
7094-1,cas328,2
7094-1,cas327,1
7094-1,cas331,1
7094-1,cas332,1
7094-1,cas343,1
7094-1,cas344,1
7094-1,cas350,1
7094-1,cas360,1
7094-1,cas342,1
7094-1,cas361,1
7094-1,cas345,1
7097-1,cas365,1
7097-1,cas368,1
7097-1,cas421,1
7097-1,cas422,1
7097-1,cas423,1
7097-1,cas424,1
7097-1,cas418,1
7097-1,cas419,1
7097-1,cas362,1
7097-1,cas341,1
7097-1,cas420,1
7097-1,cas420a,1
71006-1,sim001,1
71006-1,sim002,1
71006-1,sim004,1
71006-1,sim003,1
71006-1,sim005,1
71006-1,sim006,1
7101-1,sw0003,1
7101-1,sw0027,1
71016-1,sim007,1
71016-1,sim023,1
71016-1,sim024,1
71016-1,sim025,1
71016-1,sim026,1
71016-1,sim027,1
710-3,hor020,1
710-3,pln198,1
7103-1,sw0051,1
7103-1,sw0060,1
71040-1,dis010,1
71040-1,dis019,1
71040-1,dis020,1
71040-1,dis021,1
71040-1,dis022,1
71040-1,dis023,2
7104-1,sw0015,1
7104-1,sw0020,1
71042-1,poc035,1
71042-1,poc036,1
71042-1,poc037,1
71042-1,poc038,1
71042-1,poc039,1
71042-1,poc040,1
71042-1,poc041,1
71042-1,poc042,1
71043-1,hp159,1
71043-1,hp160,1
71043-1,hp161,1
71043-1,hp162,1
71043-1,90398pb018,1
71043-1,90398pb016,1
71043-1,90398pb019,1
71043-1,90398pb017,1
71043-1,90398pb015,1
71043-1,90398pb020,1
71043-1,90398pb023,1
71043-1,90398pb022,1
71043-1,90398pb024,1
71043-1,90398pb021,1
71043-1,90398pb025,1
71043-1,90398pb026,1
71043-1,90398pb027,1
71043-1,90398pb028,1
71043-1,90398pb029,1
71043-1,90398pb030,1
71043-1,90398pb031,1
71043-1,90398pb033,1
71043-1,90398pb034,1
71043-1,90398pb035,1
71043-1,90398pb032,1
71043-1,90398pb036,1
71043-1,90398pb037,1
71043-1,90398pb038,1
71044-1,dis042,1
71044-1,dis043,1
71044-1,dis044,1
71044-1,dis045,1
71044-1,dis046,1
7106-1,sw0010,1
7106-1,sw0028,1
7110-1,sw0021,1
7110-1,sw0023,1
7113-1,sw0052,2
7113-1,sw0099,1
7115-1,sw0013,1
7115-1,sw0017,1
7119-1,sw0049,1
71200-1,tlm099,1
71200-1,dim001,1
71200-1,dim002,1
71201-1,idea001,1
71202-1,sim007,1
71203-1,dim006,1
71204-1,dim009,1
71205-1,jw011,1
71205-1,dim004,1
71206-1,scd001,1
71207-1,njo0124,1
71207-1,dim011,1
71209-1,sh0004,1
712-1,old002,2
71210-1,sh0155,1
7121-1,sw0017,1
7121-1,sw0027,1
7121-1,sw0001a,2
71211-1,sim026,1
71212-1,tlm072,1
71213-1,tlm098,1
71214-1,tlm057,1
71215-1,njo0128,1
71216-1,njo0132,1
71217-1,njo0111,1
71218-1,lor031,1
71219-1,dim008,1
71220-1,dim007,1
71221-1,dim005,1
71222-1,dim012,1
71223-1,dim013,1
71227-1,sim014,1
71228-1,dim016,1
71229-1,sh0024,1
71229-1,dim017,1
71230-1,dim015,1
71231-1,dim010,1
71232-1,dim003,1
71233-1,dim018,1
71234-1,njo0142,1
71235-1,dim020,1
71236-1,dim019,1
71237-1,sh0050,1
71238-1,dim014,1
71239-1,njo0073,1
71240-1,dim022,1
7124-1,sw0022,1
71241-1,dim021,1
71242-1,dim035,1
71244-1,dim031,1
71245-1,dim038,1
71246-1,dim026,1
71246-1,dim027,1
71247-1,dim036,1
71247-1,dim037,1
71248-1,dim025,1
71251-1,dim024,1
71253-1,dim034,1
71255-1,dim048,1
71255-1,dim049,1
71256-1,dim032,1
71256-1,dim033,1
71257-1,dim029,1
71258-1,dim030,1
7126-1,sw0065,1
7126-1,sw0001b,6
71264-1,dim041,1
71264-1,dim044,1
71266-1,dim047,1
71267-1,dim045,1
7127-1,sw0011,1
7128-1,sw0005,2
7128-1,sw0018,1
71285-1,dim039,1
71286-1,dim042,1
71287-1,dim054,1
7130-1,sw0012,1
7130-1,sw0016,1
7130-1,sw0019,1
7131-1,sw0008,1
7131-1,sw0025,1
7131-1,sw0037,1
7133-1,sw0059,1
7133-1,sw0055a,1
7133-1,sw0100,1
71340-1,dim040,1
7134-1,sw0030,1
7134-1,sw0031,1
71342-1,sh0153,1
71343-1,dim051,1
71344-1,dim043,1
71346-1,dim052,1
71346-1,dim053,1
71348-1,dim046,1
71349-1,dim050,1
71360-1,mar0003,1
71360-1,mar0007,1
71360-1,mar0022,1
71362-1,mar0014,1
71362-1,mar0037,1
71362-1,mar0039,1
71363-1,mar0019,1
71363-1,mar0008,1
71364-1,mar0033,1
71364-1,mar0038,1
71365-1,mar0023,1
71365-1,mar0006,1
71365-1,mar0027,2
71366-1,mar0015,2
71366-1,mar0009,1
71366-1,mar0061,1
71367-1,mar0012,1
71367-1,mar0024,1
71368-1,mar0018,2
71368-1,mar0010,1
71368-1,mar0011,1
71368-1,mar0034,1
71369-1,mar0001,1
71369-1,mar0002,1
71369-1,mar0004,1
71369-1,mar0038,1
71374-1,mar0036,1
71376-1,mar0031,1
71376-1,mar0040,2
71377-1,mar0005,1
71377-1,mar0030,4
71377-1,mar0035,2
71380-1,mar0022,1
71380-1,mar0041,1
71380-1,mar0042,1
71380-1,mar0045,1
71381-1,mar0057,1
71381-1,mar0058,1
71382-1,mar0044,1
71382-1,mar0046,2
71383-1,mar0043,1
71383-1,mar0052,1
71383-1,mar0051,1
71387-1,mar0062,1
71387-1,mar0063,1
71387-1,mar0064,1
71387-1,mar0065,1
71388-1,mar0072,1
71388-1,mar0081,1
71389-1,mar0016,1
71389-1,mar0021,1
71389-1,mar0076,1
71390-1,mar0077,1
71390-1,mar0078,1
71390-1,mar0079,1
71390-1,mar0080,1
7139-1,sw0005,1
7139-1,sw0036,1
7139-1,sw0050,1
7139-1,sw0067,1
71391-1,mar0082,1
71391-1,mar0083,1
71391-1,mar0084,1
71396-1,mar0085,1
71397-1,mar0108,1
71397-1,mar0109,1
71398-1,mar0050,1
71398-1,mar0107,1
71399-1,mar0104,1
71399-1,mar0105,1
71399-1,mar0106,1
71400-1,mar0100,1
71400-1,mar0102,1
71400-1,mar0103,1
71400-1,mar0101,2
7140-1,sw0009,1
7140-1,sw0019,1
7140-1,sw0028,1
7140-1,sw0034,1
71401-1,mar0096,1
71401-1,mar0097,1
71401-1,mar0098,1
71401-1,mar0099,1
71403-1,mar0038,1
71403-1,mar0112,1
71403-1,mar0113,1
71403-1,mar0114,1
71404-1,mar0115,1
71405-1,mar0116,1
71405-1,mar0117,1
71406-1,mar0118,1
71406-1,mar0126,1
71407-1,mar0095,1
71407-1,mar0120,1
71407-1,mar0119,1
71408-1,mar0121,1
71408-1,mar0122,1
71408-1,mar0138,1
71408-1,mar0139,1
71408-1,mar0123,1
71409-1,mar0137,1
71409-1,mar0124,1
7141-1,sw0007,1
7141-1,sw0028,1
7141-1,sw0001b,2
71412-1,mar0022,1
71412-1,mar0135,1
71412-1,mar0136,1
71412-1,mar0125,1
71414-1,mar0140,1
71415-1,mar0115,1
71415-1,mar0141,1
71416-1,mar0038,2
71416-1,mar0150,1
71417-1,mar0090,1
71417-1,mar0093,1
71417-1,mar0159,1
71417-1,mar0160,1
71418-1,mar0145,1
71418-1,mar0146,1
71418-1,mar0147,1
71418-1,mar0148,1
71419-1,mar0038,1
71419-1,mar0142,1
71419-1,mar0143,1
71419-1,mar0144,1
71419-1,mar0149,1
71420-1,mar0167,1
7142-1,sw0009,1
7142-1,sw0019,1
7142-1,sw0028,1
7142-1,sw0034,1
71421-1,mar0164,1
71421-1,mar0170,1
71422-1,mar0111,1
71423-1,mar0063,1
71423-1,mar0161,1
71423-1,mar0162,1
71423-1,mar0173,1
71423-1,mar0174,1
71424-1,mar0163,1
71424-1,mar0168,1
71425-1,mar0165,1
71425-1,mar0166,1
71425-1,mar0175,1
71425-1,mar0176,1
71427-1,mar0169,1
71427-1,mar0171,1
71427-1,mar0172,1
71428-1,mar0111,1
71428-1,mar0143,1
71429-1,mar0181,1
71429-1,mar0180,1
71430-1,mar0093,1
71430-1,mar0177,1
71430-1,mar0178,1
7143-1,sw0055,1
71431-1,mar0179,1
71432-1,mar0013,1
71432-1,mar0018,1
71432-1,mar0182,1
71432-1,mar0183,1
71433-1,mar0191,1
71433-1,mar0190,1
71433-1,mar0192,1
71434-1,mar0201,1
71434-1,mar0202,1
71434-1,mar0203,1
71435-1,mar0204,1
71435-1,mar0205,1
71435-1,mar0206,1
71436-1,mar0197,1
71436-1,mar0198,1
71436-1,mar0199,1
71436-1,mar0200,1
71437-1,mar0065,1
71437-1,mar0130,1
71437-1,mar0193,1
71437-1,mar0194,1
71437-1,mar0195,1
71437-1,mar0196,1
71439-1,mar0007,1
71439-1,mar0022,1
71439-1,mar0118,1
71439-1,mar0184,1
71440-1,mar0062,1
71440-1,mar0185,1
71440-1,mar0186,1
71440-1,mar0187,1
7144-1,sw0002,1
71441-1,mar0038,1
71441-1,mar0112,1
71441-1,mar0188,1
71441-1,mar0189,1
71453-1,drm001,1
71453-1,drm002,1
71454-1,drm003,1
71454-1,drm004,1
71455-1,drm003,1
71455-1,drm008,1
71456-1,drm002,1
71456-1,drm013,1
71456-1,drm014,1
71456-1,drm015,1
71456-1,drm016,1
71457-1,drm009,1
71457-1,drm010,1
71457-1,drm011,1
71457-1,drm012,1
71458-1,drm004,1
71458-1,drm005,1
71458-1,drm006,1
71458-1,drm007,1
71458-1,drm027,1
71459-1,drm013,1
71459-1,drm027,1
71459-1,drm028,2
71459-1,drm029,1
71459-1,drm031,1
71459-1,drm032,1
71460-1,drm005,1
71460-1,drm011,1
71460-1,drm013,1
71460-1,drm020,1
71460-1,drm021,1
71460-1,drm022,1
71460-1,drm023,1
71460-1,drm024,1
71460-1,drm025,1
71460-1,drm026,1
7146-1,sw0035,1
7146-1,sw0036,1
71461-1,drm006,1
71461-1,drm007,1
71461-1,drm013,1
71461-1,drm021,1
71461-1,drm028,1
71461-1,drm030,1
71461-1,drm031,1
71469-1,drm006,1
71469-1,drm010,1
71469-1,drm011,1
71469-1,drm012,1
71469-1,drm021,1
71469-1,drm030,1
71471-1,drm041,1
71472-1,drm001,1
71472-1,drm042,1
71475-1,drm004,1
71475-1,drm035,1
71475-1,drm037,1
71475-1,drm043,1
71476-1,drm006,1
71476-1,drm007,1
71476-1,drm009,1
71476-1,drm027,1
71476-1,drm036,1
71477-1,drm001,1
71477-1,drm021,1
71477-1,drm036,1
71477-1,drm038,1
71477-1,drm040,1
71477-1,drm039,1
71478-1,drm040,1
71478-1,drm053,1
71478-1,drm056,1
71478-1,drm058,1
71478-1,drm059,1
71479-1,drm051,1
71479-1,drm052,1
71480-1,drm057,1
71480-1,drm056,1
71481-1,drm045,1
71481-1,drm046,1
71481-1,drm047,1
71483-1,drm040,1
71483-1,drm053,1
71483-1,drm054,1
71483-1,drm055,1
71483-1,drm056,1
71484-1,drm036,1
71484-1,drm048,1
71484-1,drm049,1
71484-1,drm050,1
71484-1,drm051,1
71485-1,drm006,1
71485-1,drm036,1
71485-1,drm053,1
71485-1,drm054,1
71485-1,drm056,1
71485-1,drm060,1
71486-1,drm019,1
71486-1,drm036,1
71486-1,drm040,1
71486-1,drm045,1
71486-1,drm054,1
71486-1,drm058,1
71486-1,drm062,1
71486-1,drm063,1
71486-1,drm064,1
71486-1,drm065,1
71486-1,drm066,1
71487-1,drm068,1
71488-1,drm071,1
71489-1,drm069,1
71489-1,drm070,1
71490-1,drm074,1
71490-1,drm072,1
71490-1,drm073s,1
71491-1,drm077,1
71491-1,drm078,1
71491-1,drm079,1
71491-1,drm081,1
71497-1,drm076,1
71497-1,drm075,1
71497-1,drm074,2
71497-1,drm069,1
71497-1,drm080,1
7150-1,sw0004,1
7150-1,sw0029,1
7150-1,sw0033,1
7151-1,sw0003,1
7152-1,sw0004,1
7152-1,sw0029,1
7152-1,sw0033,1
7153-1,sw0053,1
7153-1,sw0054,1
7155-1,sw0001b,2
7159-1,sw0006,1
7159-1,sw0008,1
7159-1,sw0017,1
7161-1,sw0017,1
7161-1,sw0024,1
7161-1,sw0027,1
7163-1,sw0056,2
7163-1,sw0057,1
7163-1,sw0058,4
7163-1,sw0063,1
7166-1,sw0040,2
7166-1,sw0041,1
7166-1,sw0042,1
71699-1,njo0501,1
71699-1,njo0574,1
71699-1,njo0575,1
71699-1,njo0576,1
71699-1,njo0577,1
71700-1,njo0574,1
71701-1,njo0492,1
71701-1,njo0596,1
71702-1,njo0495,1
71702-1,njo0580,1
71702-1,njo0581,1
71702-1,njo0584,1
71703-1,njo0489,1
71703-1,njo0492,1
71703-1,njo0497,1
71704-1,njo0577,1
71704-1,njo0629,1
71704-1,njo0630,1
71704-1,njo0574a,1
71705-1,njo0495,1
71705-1,njo0613,1
71705-1,njo0614,1
71705-1,njo0615,1
71705-1,njo0616,1
71705-1,njo0617,1
71705-1,njo0618,1
71706-1,njo0578,1
71706-1,njo0579,1
71707-1,njo0564,1
71707-1,njo0568,1
71708-1,njo0558,1
71708-1,njo0559,1
71708-1,njo0560,1
71708-1,njo0561,1
71708-1,njo0562,1
71708-1,njo0563,1
71708-1,njo0564,1
71708-1,njo0565,1
71708-1,njo0566,1
71709-1,njo0563,1
71709-1,njo0570,1
71709-1,njo0573,1
71710-1,njo0566,2
71710-1,njo0568,1
71710-1,njo0585,1
7171-1,sw0008,1
7171-1,sw0017,1
7171-1,sw0025,1
7171-1,sw0027,1
7171-1,sw0028,1
7171-1,sw0980,1
7171-1,sw0043,1
7171-1,sw0037,1
7171-1,sw0039,1
7171-1,sw0064,1
71711-1,njo0563,1
71711-1,njo0564,1
71711-1,njo0572,1
71711-1,njo0573,1
71711-1,njo0586,1
71712-1,njo0563,1
71712-1,njo0566,1
71712-1,njo0570,1
71712-1,njo0587,1
71712-1,njo0588,1
71712-1,njo0593,1
71713-1,njo0568,1
71713-1,njo0570,1
71713-1,njo0572,1
71714-1,njo0567,1
71714-1,njo0568,1
71715-1,njo0563,1
71715-1,njo0569,1
71716-1,njo0570,1
71716-1,njo0571,1
71717-1,njo0601,1
71717-1,njo0602,1
71717-1,njo0603,1
71717-1,njo0604,1
71718-1,njo0599,1
71718-1,njo0600,1
71719-1,njo0600,1
71719-1,njo0621,1
71719-1,njo0622,1
71719-1,njo0625,1
71720-1,njo0603,1
71720-1,njo0604,1
71720-1,njo0605,1
71720-1,njo0606,1
71720-1,njo0609,1
71721-1,njo0601,1
71721-1,njo0604,1
71721-1,njo0605,1
71721-1,njo0607,1
71721-1,njo0608,2
71721-1,njo0610,1
71722-1,njo0602,1
71722-1,njo0603,1
71722-1,njo0606,1
71722-1,njo0607,1
71722-1,njo0608,1
71722-1,njo0611,1
71722-1,njo0621,1
71722-1,njo0626,1
71730-1,njo0642,1
71730-1,njo0643,1
71731-1,njo0582,1
71731-1,njo0647,1
71732-1,njo0648,1
71732-1,njo0649,1
71733-1,njo0644,1
71733-1,njo0645,1
71734-1,njo0492,1
71734-1,njo0649,1
71735-1,njo0630,1
71735-1,njo0636,1
71735-1,njo0637,1
71735-1,njo0638,1
71735-1,njo0639,1
71735-1,njo0640,1
71735-1,njo0576a,1
71736-1,njo0574a,1
71736-1,njo0639,1
71736-1,njo0650,1
71736-1,njo0575a,1
71737-1,njo0630,1
71737-1,njo0576a,1
71737-1,njo0651,1
71737-1,njo0652,1
71737-1,njo0653,1
71738-1,njo0634,1
71738-1,njo0635,1
71738-1,njo0644,1
71738-1,njo0646,1
71739-1,njo0613,1
71739-1,njo0615,1
71739-1,njo0618,1
71739-1,njo0649,1
71739-1,njo0670,1
71739-1,njo0709,1
71739-1,njo0710,1
71740-1,njo0639,1
71740-1,njo0688,1
71741-1,njo0613,1
71741-1,njo0658,1
71741-1,njo0655,1
71741-1,njo0656,1
71741-1,njo0657,1
71741-1,njo0659,1
71741-1,njo0660,1
71741-1,njo0661,1
71741-1,njo0662,1
71741-1,njo0663,1
71741-1,njo0664,1
71741-1,njo0665,1
71741-1,njo0666,1
71741-1,njo0667,1
71741-1,njo0668,1
71741-1,njo0669,1
71741-1,njo0670,1
71741-1,njo0671,1
71741-1,njo0672,1
71741-1,njo0673,1
71741-1,njo0674,1
71741-1,njo0675,1
71742-1,njo0654,1
71742-1,njo0676,1
71745-1,njo0682,1
71745-1,njo0683,1
71745-1,njo0685,1
71746-1,njo0682,1
71746-1,njo0687,1
71746-1,njo0684,1
71746-1,njo0686,1
71747-1,njo0679,1
71747-1,njo0678,1
71747-1,njo0680,1
71747-1,njo0677,1
71747-1,njo0686,1
71748-1,njo0687,1
71748-1,njo0679,1
71748-1,njo0680,1
71748-1,njo0677,1
71748-1,njo0686,1
71748-1,njo0685,1
71749-1,njo0489,1
71749-1,njo0492,1
71749-1,njo0644,1
71749-1,njo0713,1
71750-1,njo0696,1
71750-1,njo0702,1
71752-1,njo0696,2
71752-1,njo0700,1
71752-1,njo0701,1
71753-1,njo0613,1
71753-1,njo0642,1
71753-1,njo0670,1
71753-1,njo0707,1
71754-1,njo0696,2
71754-1,njo0697,1
71754-1,njo0699,1
71754-1,njo0705,1
71755-1,njo0693,1
71755-1,njo0694,1
71755-1,njo0695,1
71755-1,njo0696,2
71755-1,njo0697,1
71755-1,njo0705,1
71756-1,njo0695,1
71756-1,njo0696,1
71756-1,njo0697,1
71756-1,njo0699,1
71756-1,njo0700,1
71756-1,njo0701,1
71756-1,njo0702,1
71756-1,njo0703,1
71756-1,njo0704,2
71757-1,njo0715,1
71757-1,njo0735,1
71759-1,njo0717,2
71759-1,njo0745,1
71759-1,njo0753,1
71760-1,njo0723,1
71760-1,njo0729,1
71761-1,njo0717,1
71761-1,njo0728,1
71762-1,njo0717,1
71762-1,njo0736,1
71762-1,njo0737,1
71763-1,njo0724,1
71763-1,njo0725,1
71763-1,njo0738,1
71764-1,njo0718,1
71764-1,njo0722,1
71764-1,njo0749,1
71765-1,njo0716,1
71765-1,njo0717,1
71765-1,njo0718,1
71765-1,njo0719,1
71765-1,njo0720,1
71765-1,njo0721,1
71765-1,njo0722,1
71766-1,njo0723,1
71766-1,njo0724,1
71766-1,njo0725,1
71766-1,njo0726,1
71767-1,njo0718,1
71767-1,njo0720,1
71767-1,njo0727,1
71767-1,njo0741,1
71767-1,njo0742,1
71767-1,njo0743,1
71767-1,njo0739,1
71767-1,njo0740,1
71768-1,njo0754,1
71768-1,njo0755,1
71769-1,njo0758,1
71769-1,njo0759,1
71769-1,njo0757,1
71769-1,njo0756,1
71770-1,njo0760,1
71770-1,njo0761,1
71770-1,njo0781,1
71771-1,njo0766,1
71771-1,njo0765,1
71771-1,njo0763,1
71771-1,njo0764,1
71771-1,njo0762,1
71771-1,njo0782,1
71772-1,njo0754,1
71772-1,njo0765,1
71772-1,njo0768,1
71772-1,njo0769,1
71772-1,njo0767,1
71773-1,njo0772,1
71773-1,njo0754,2
71773-1,njo0759,1
71773-1,njo0771,1
71773-1,njo0773,1
71773-1,njo0770,1
71774-1,njo0766,1
71774-1,njo0760,1
71774-1,njo0758,1
71774-1,njo0772,1
71774-1,njo0774,1
71774-1,njo0754,1
71774-1,njo0775,1
71774-1,njo0759,2
71775-1,njo0754,1
71775-1,njo0779,1
71775-1,njo0777,1
71775-1,njo0778,1
71775-1,njo0780,1
71775-1,njo0775,1
71775-1,njo0776,1
71775-1,njo0784a,1
71775-1,njo0784,1
71776-1,njo0718,1
71776-1,njo0726,1
71776-1,njo0738,1
71776-1,njo0744,1
71777-1,njo0808,1
71778-1,njo0809,1
71779-1,njo0810,1
71780-1,njo0745,1
7178-1,chef016,1
71781-1,njo0790,1
71781-1,njo0791,1
71782-1,njo0720,1
71782-1,njo0794,1
71783-1,njo0726,1
71783-1,njo0745,1
71783-1,njo0794,1
71783-1,njo0795,1
71784-1,njo0786,1
71785-1,njo0722,1
71785-1,njo0726,1
71785-1,njo0792,1
71785-1,njo0793,1
71785-1,njo0794,1
71785-1,njo0795,1
71786-1,njo0719,1
71786-1,njo0742,1
71786-1,njo0791,1
71786-1,njo0793,1
71786-1,njo0795,1
71787-1,njo0721,1
71787-1,njo0726,1
71787-1,njo0741,1
71787-1,njo0794,1
71787-1,njo0799,1
71787-1,njo0800,1
71788-1,njo0715,1
71788-1,njo0798,1
71789-1,njo0811,1
71789-1,njo0812,1
71790-1,njo0814,1
71790-1,njo0813,1
71790-1,njo0815,1
71791-1,njo0816,1
71791-1,njo0819,1
71791-1,njo0817,1
71791-1,njo0818,1
71792-1,njo0822,1
71792-1,njo0820,1
71792-1,njo0821,1
71793-1,njo0811,1
71793-1,njo0813,1
71793-1,njo0823,1
71793-1,njo0812,1
71793-1,njo0817,1
71794-1,njo0813,1
71794-1,njo0822,1
71794-1,njo0821,1
71794-1,njo0815,1
71794-1,njo0818,1
71795-1,njo0811,1
71795-1,njo0816,1
71795-1,njo0824,1
71795-1,njo0826,1
71795-1,njo0812,1
71795-1,njo0825,1
71796-1,njo0814,1
71796-1,njo0819,1
71796-1,njo0820,1
71796-1,njo0826,1
71796-1,njo0812,1
71796-1,njo0827,1
71797-1,njo0741,1
71797-1,njo0811,1
71797-1,njo0813,1
71797-1,njo0822,1
71797-1,njo0820,1
71797-1,njo0821,1
71798-1,njo0824,1
71798-1,njo0822,1
71798-1,njo0815,1
71799-1,njo0813,1
71799-1,njo0824,1
71799-1,njo0828,1
71799-1,njo0829,1
71799-1,njo0830,1
71799-1,njo0831,1
71799-1,njo0832,1
71799-1,njo0833,1
71799-1,njo0834,1
71799-1,njo0835,1
71799-1,njo0836,1
71799-1,njo0837,1
71799-1,njo0838,1
71799-1,njo0839,1
71799-1,njo0840,1
71799-1,njo0841,1
71799-1,njo0842,1
71799-1,njo0843,1
71799-1,njo0844,1
71799-1,njo0845,1
71799-1,njo0846,1
71800-1,njo0726,1
71800-1,njo0727,1
71800-1,njo0801,1
7180-1,sw0029,1
7180-1,sw0032,1
7180-1,sw0034,1
71801-1,njo0854,1
71801-1,njo0864,1
71802-1,njo0851,1
71802-1,njo0865,1
71803-1,njo0851,1
71803-1,njo0866,1
71804-1,njo0850,1
71804-1,njo0851,1
71805-1,njo0853,1
71805-1,njo0852,1
71805-1,njo0851,1
71805-1,njo0854,1
71806-1,njo0851,1
71806-1,njo0863,1
71807-1,njo0855,1
71807-1,njo0869,1
71808-1,njo0856,1
71808-1,njo0857,1
71808-1,njo0859,1
71808-1,njo0858,1
71809-1,njo0820,1
71809-1,njo0862,1
71809-1,njo0861,1
71809-1,njo0860,1
71809-1,njo0867,1
71810-1,njo0822,1
71810-1,njo0851,1
71810-1,njo0877,1
71811-1,njo0822,1
71811-1,njo0861,1
71811-1,njo0851,1
71811-1,njo0888,1
71812-1,njo0870,1
71812-1,njo0872,1
71812-1,njo0871,1
71812-1,njo0873,1
71813-1,njo0862,1
71813-1,njo0856,1
71813-1,njo0861,1
71813-1,njo0851,1
71813-1,njo0870,1
71813-1,njo0876,1
71813-1,njo0874,1
71813-1,njo0875,1
71814-1,njo0872,1
71814-1,njo0893,1
71814-1,njo0907,1
71814-1,njo0905,1
71814-1,njo0906,1
71814-1,njo0897,1
71814-1,njo0908,1
71814-1,njo0910,1
71814-1,njo0913,1
71814-1,njo0914,1
71814-1,njo0912,1
71814-1,njo0909,1
71814-1,njo0911,1
71814-1,njo0917,1
71815-1,njo0857,1
71815-1,njo0854,1
71815-1,njo0870,1
71815-1,njo0872,1
71816-1,njo0891,1
71817-1,njo0861,1
71817-1,njo0884,1
71817-1,njo0885,1
71818-1,njo0892,1
71818-1,njo0902,1
71818-1,njo0901,1
71818-1,njo0904,1
71818-1,njo0896,1
71818-1,njo0903,1
71819-1,njo0862,1
71819-1,njo0879,1
71819-1,njo0880,1
71819-1,njo0881,1
71819-1,njo0882,1
71819-1,njo0883,1
71820-1,njo0899,1
71820-1,njo0912,1
71820-1,njo0916,1
71820-1,njo0909,1
71820-1,njo0911,1
71820-1,njo0915,1
71821-1,njo0900,1
71822-1,njo0872,1
71822-1,njo0893,1
71822-1,njo0896,1
71822-1,njo0898,1
71822-1,njo0897,1
71822-1,njo0899,1
71823-1,njo0925,1
71823-1,njo0926,1
71824-1,njo0919,1
71824-1,njo0920,1
71826-1,njo0921,1
71826-1,njo0927,1
71827-1,njo0922,1
71827-1,njo0923,1
71827-1,njo0924,1
71828-1,njo0920,1
71828-1,njo0928,1
71829-1,njo0926,1
71829-1,njo0929,1
71830-1,njo0930,1
71830-1,njo0932,1
71830-1,njo0931,1
71831-1,njo0930,1
71831-1,njo0928,1
71831-1,njo0933,1
71831-1,njo0934,1
71832-1,njo0877,1
71832-1,njo0938,1
71832-1,njo0932,1
71832-1,njo0959,1
71832-1,njo0960,1
71832-1,njo0963,1
71833-1,njo0921,1
71833-1,njo0935,1
71833-1,njo0931,1
71834-1,njo0938,1
71834-1,njo0919,1
71834-1,njo0926,1
71834-1,njo0936,1
71834-1,njo0937,1
71834-1,njo0931,1
71836-1,njo0923,1
71836-1,njo0920,1
71836-1,njo0936,1
71836-1,njo0937,1
71836-1,njo0948,1
71836-1,njo0959,1
71836-1,njo0961,1
71836-1,njo0964,1
71837-1,njo0937,1
71837-1,njo0953,1
71837-1,njo0952,1
71837-1,njo0957,1
71837-1,njo0949,1
71837-1,njo0951,1
71837-1,njo0954,1
71837-1,njo0950,1
71837-1,njo0955,1
71837-1,njo0958,1
71837-1,njo0956s,1
7184-1,sw0001b,7
71841-1,gen047,1
71841-1,njo0940,1
71841-1,njo0926,1
71841-1,njo0932,1
71841-1,njo0931,1
71841-1,njo0941,1
71841-1,njo0939,1
7186-1,sw0038,1
7186-1,sw0979,1
7187-1,cas494,1
7187-1,cas495,1
7187-1,cas496,1
7187-1,cas497,1
7188-1,cas485,1
7188-1,cas486,1
7188-1,cas487,1
7188-1,cas498,1
7189-1,cas439,1
7189-1,cas461,1
7189-1,cas488,1
7189-1,cas489,1
7189-1,cas490,1
7189-1,cas491,1
7190-1,sw0010,1
7190-1,sw0011,1
7190-1,sw0014,1
7190-1,sw0021,1
7190-1,sw0026,1
7190-1,sw0028,1
7191-1,sw0028,1
7195-1,iaj036,1
7195-1,iaj037,1
7195-1,iaj038,1
7195-1,iaj020,1
7196-1,iaj012,1
7196-1,iaj043,2
7196-1,iaj044,1
7196-1,gen021a,1
7197-1,iaj039,1
7197-1,iaj041,1
7197-1,iaj042,1
7197-1,iaj045,1
7198-1,iaj001,1
7198-1,iaj002,1
7198-1,iaj023,1
7199-1,iaj025,1
7199-1,iaj031,1
7199-1,iaj032,1
7199-1,iaj033,1
7199-1,iaj034,1
7199-1,iaj035,1
7200-1,sw0004,1
7200-1,sw0041,1
72001-1,nex141,1
72001-1,nex142,1
72001-1,nex143,1
72002-1,nex126,1
72002-1,nex131,1
72002-1,nex152,1
72003-1,nex129,1
72003-1,nex130,1
72003-1,nex133,1
72004-1,nex129,1
72004-1,nex132,1
72004-1,nex134,1
72005-1,nex128,1
72005-1,nex132,1
72005-1,nex135,1
72005-1,nex136,1
72006-1,nex126,1
72006-1,nex127,1
72006-1,nex137,1
72006-1,nex138,1
720-1,pln029,1
7201-1,sw0036,1
7201-1,sw0046,1
7201-1,sw0068,1
7203-1,sw0069,1
7203-1,sw0063,2
72031-1,mar0214,1
72032-1,mar0208,1
72033-1,mar0207,1
72034-1,mar0213,1
72034-1,mar0212,1
72035-1,mar0215,2
72036-1,mar0209,1
72036-1,mar0210,1
72036-1,mar0211,1
72036-1,mar0216,1
7204-1,sw0027,1
7204-1,sw0047,1
7204-1,sw0048,1
7206-1,cty0165,1
7206-1,cty0166,1
7206-1,cty0164,1
7206-1,cty0164a,1
7207-1,cty0086,1
7207-1,cty0251,1
7207-1,cty0116b,1
7207-1,cty0117b,1
7208-1,wc021,1
7208-1,cty0055,1
7208-1,cty0056,1
7208-1,cty0057,1
7213-1,cty0093,1
7213-1,cty0062,1
7213-1,cty0167,1
7214-1,wc025,1
7235-1,cty0006,1
7235-2,cty0006,1
7236-1,cty0005,1
7236-2,cty0005,1
7237-1,cop045,1
7237-1,cty0006,1
7237-1,cty0007,1
7237-1,cty0012,1
7237-1,cty0013,1
7237-2,cty0005,1
7237-2,cty0006,2
7237-2,cty0007,2
7237-2,cty0012,1
7237-2,cty0013,1
7238-1,cty0003,1
7239-1,cty0020,1
7239-1,cty0004,1
7240-1,cty0022,1
7240-1,cty0023,1
7240-1,cty0024,1
7241-1,cty0022,1
7242-1,cty0016,1
7243-1,cty0010,1
7243-1,cty0014,1
7243-1,cty0015,1
7244-1,cty0001,1
7244-1,cty0002,1
7245-1,cty0007,1
7245-1,cty0008,1
7245-2,cty0007,1
7245-2,cty0008,1
7246-1,cty0009,1
7248-1,cty0011,1
7249-1,cty0010,1
7249-1,cty0011,1
7250-1,sw0130,1
725-1,ncklc006,1
725-1,trn251,1
7251-1,sw0138,1
7251-1,sw0139,1
7251-1,sw0144,1
7252-1,sw0136,1
7255-1,sw0134,1
7255-1,sw0135,1
7256-1,sw0120,1
7257-1,sw0121,1
7257-1,sw0137,1
7258-1,sw0132,2
7258-1,sw0125,1
7258-1,sw0001b,2
7259-1,sw0029,1
7259-1,sw0118,3
7260-1,sw0051,1
7260-1,sw0011a,1
7260-1,sw0116,1
7260-1,sw0129,2
7260-1,sw0132,1
726-1,old029,2
7261-1,sw0126,1
7261-1,sw0128,1
7261-1,sw0131,1
7261-1,sw0133,1
7261-1,sw0127,1
7261-1,sw0001b,2
7261-2,sw0126,2
7261-2,sw0128,1
7261-2,sw0131,1
7261-2,sw0127,1
7261-2,sw0001b,2
7261-2,sw0148,1
7262-1,sw0029,1
7262-1,sw0033a,1
7262-1,sw0004a,1
7263-1,sw0035a,1
7263-1,sw0117,1
7264-1,sw0040,2
7264-1,sw0114,2
7264-1,sw0122,4
7264-1,sw0123,1
7264-1,sw0124,1
7266-1,cty0026,1
7267-1,doc028,1
7279-1,cty0199,1
7279-1,cty0027a,1
7279-1,cty0200,1
7279-1,cty0201,1
7283-1,sw0120,1
7283-1,sw0136,2
7283-1,sw0152,1
7285-1,cty0204,1
7286-1,cty0203,1
7286-1,cty0005,1
7286-1,cty0005a,1
7287-1,cty0205,1
7287-1,cty0206,1
7287-1,cty0207,1
7288-1,cty0027a,1
7288-1,cty0200,1
7288-1,cty0216,1
7290-1,4j015,1
7294-1,din009,1
7295-1,din010,1
7296-1,din006,1
7297-1,din005,1
7297-1,din007,1
7297-1,din008,1
7298-1,din001,1
7298-1,din002,1
7298-1,din003,1
7298-1,din004,1
7300-1,lom018,1
7301-1,lom013,1
730-2,fmf001,1
730-2,mmf005,1
7302-1,lom002,1
7303-1,lom001,1
7305-1,pha009,1
7306-1,pha003,2
7306-1,pha006,1
7307-1,pha001,1
7307-1,pha005,2
7308-1,lom018,1
7309-1,lom013,1
7310-1,lom014,1
7311-1,lom003a,1
7311-1,lom003b,1
7312-1,lom016,1
7313-1,lom008,1
7314-1,lom004,1
7315-1,lom015,1
7315-1,lom016,1
7315-1,lom017,1
7316-1,lom006,1
7316-1,lom010,1
7316-1,lom012,1
7317-1,lom005,1
7317-1,lom007,1
7317-1,lom009,1
7317-1,lom011,1
7317-1,lom012,1
7320-1,lom012,1
7321-1,lom009,1
7322-1,lom003a,1
7323-1,lom008,1
7325-1,pha009,1
7325-1,pha010,1
7325-1,pha011,1
7326-1,pha003,2
7326-1,pha012,1
7327-1,pha002,1
7327-1,pha004,1
7327-1,pha005,1
7327-1,pha008,2
7327-1,pha009,1
7327-1,pha007,1
7330-1,duplodora,1
7331-1,duplodiego,1
7332-1,duplodora,1
7332-1,duploboots,1
7333-1,duplodora,1
7333-1,duplodiego,1
7335-1,pln146,1
7335-1,pln147,1
7337-1,47394pb016,1
7337-1,47205pb002,1
7338-1,47394pb015,1
7338-1,47205pb001,1
7339-1,47394pb016,1
7339-1,47394pb015,1
7339-1,47205pb001,1
7339-1,47205pb002,1
7339-1,47394pb041,1
7344-1,cty0010,1
7346-1,cty0312,1
7348-1,47205pb006,1
7349-1,47205pb011,1
7409-1,adv025,1
7409-1,gen004,1
7410-1,adv024,1
7411-1,adv026,1
7412-1,adv028,1
7413-1,adv051,1
7414-1,adv025,1
7414-1,adv027,1
7414-1,adv034,1
7415-1,adv033,1
7415-1,adv037,1
7416-1,adv025,1
7416-1,adv046,1
7416-1,adv047,1
7417-1,adv029,1
7417-1,adv032,1
7417-1,adv036,1
7417-1,adv037,1
7418-1,adv024,1
7418-1,adv025,1
7418-1,adv030,1
7418-1,adv031,1
7418-1,adv035,1
7419-1,adv006,1
7419-1,adv025,1
7419-1,adv045,1
7419-1,adv046,2
7419-1,adv049,1
7419-1,adv048,1
7419-1,adv050,1
7419-1,adv051,1
7420-1,adv051,1
7422-1,adv054,1
7422-2,adv054,1
7423-1,adv033,1
7423-2,adv033,1
7424-1,adv025,1
7424-2,adv025,1
7435-1,44316,1
7436-1,44390,1
7437-1,44436,1
7439-1,44390,1
7439-1,44323,1
7441-1,44686,1
7441-1,44316,1
7441-1,44323,1
7441-1,44332,1
7442-1,44316,1
7443-1,44323,1
7444-1,44390,1
7445-1,44436,1
7446-1,46085,1
7449-1,46038,1
7450-1,46088,1
7473-1,din009,1
7474-1,din010,1
7475-1,din006,1
7476-1,din005,1
7476-1,din007,1
7476-1,din008,1
7477-1,din001,1
7477-1,din002,1
7477-1,din003,1
7477-1,din004,1
7493-1,44390,1
7495-1,44390,1
7496-1,44323,1
7498-1,cty0200,1
7498-1,cty0208,1
7498-1,cty0210,1
7498-1,cty0211,1
7498-1,cty0212,1
7498-1,cty0209,1
75000-1,sw0438,1
75000-1,sw0441,2
75000-1,sw0442,1
75001-1,sw0436,1
75001-1,sw0440,1
75001-1,sw0443,1
75001-1,sw0444,1
75002-1,sw0445,1
75002-1,sw0446,1
75002-1,sw0447,1
75002-1,sw0448,1
75003-1,sw0247,1
75003-1,sw0437,1
75003-1,sw0451,1
75004-1,sw0435,1
75004-1,sw0439,1
75004-1,sw0445,1
75005-1,sw0405,1
75005-1,sw0433,1
75005-1,sw0434,1
75005-1,gen047,1
75006-1,sw0456,1
75007-1,sw0442,1
75008-1,sw0457,1
75009-1,sw0458,1
75010-1,sw0455,1
75011-1,sw0427,1
75012-1,sw0359,2
75012-1,sw0449,1
75012-1,sw0450,1
75013-1,sw0452,1
75013-1,sw0453,1
75013-1,sw0454,2
75014-1,sw0291,1
75014-1,sw0460,1
75014-1,sw0461,1
75014-1,sw0462,1
75014-1,sw0463,2
75014-1,sw0459,1
75015-1,sw0442,1
75015-1,sw0468,1
75015-1,sw0467b,1
75016-1,sw0092,2
75016-1,sw0442,1
75016-1,sw0469,1
75016-1,sw0965,1
75017-1,sw0471,1
75017-1,sw0472,1
75017-1,sw0473,1
75017-1,sw0474,1
75018-1,sw0475,1
75018-1,sw0476,1
75018-1,sw0477,1
75018-1,sw0478,1
75019-1,sw0467,1
75019-1,sw0479,1
75019-1,sw0480,1
75019-1,sw0481,1
75019-1,sw0482,1
75020-1,sw0402,1
75020-1,sw0483,1
75020-1,sw0485,1
75020-1,sw0486,1
75020-1,sw0487,1
75020-1,sw0217a,1
75021-1,sw0092,2
75021-1,sw0488,1
75021-1,sw0489,1
75021-1,sw0490,1
75021-1,sw0491,1
75021-1,sw0492,1
75022-1,sw0493,1
75022-1,sw0494,1
75022-1,sw0495,1
75024-1,sw0496,1
75024-1,sw0497,1
75024-1,sw0498,1
75025-1,sw0443,1
75025-1,sw0499,1
75025-1,sw0500,1
75025-1,sw0501,1
75028-1,sw0541,1
75029-1,sw0360,1
75030-1,sw0539,1
75031-1,sw0543,1
75032-1,sw0544,1
75033-1,sw0545,1
75034-1,sw0520,1
75034-1,sw0521,2
75034-1,sw0529,1
75035-1,sw0519,2
75035-1,sw0518,2
75036-1,sw0522,2
75036-1,sw0523,2
75037-1,sw0001b,1
75037-1,sw0092,2
75037-1,sw0001c,1
75037-1,sw0524,1
75038-1,sw0527,1
75038-1,sw0526,1
75039-1,sw0525,1
75039-1,sw0534,1
75040-1,sw0515,1
75040-1,sw0535,1
75041-1,sw0360,1
75041-1,sw0536,1
75041-1,sw0533,1
75042-1,sw0092,1
75042-1,sw0001c,1
75042-1,sw0518,1
75042-1,sw0532,1
75043-1,sw0092,1
75043-1,sw0001c,1
75043-1,sw0415,1
75043-1,sw0528,1
75043-1,sw0530,1
75044-1,sw0001c,1
75044-1,sw0533,1
75044-1,sw0540,1
75044-1,sw0600,1
75045-1,sw0537,2
75045-1,sw0538,1
75045-1,sw0441a,1
75046-1,sw0452,1
75046-1,sw0542,1
75046-1,sw0531,2
75048-1,sw0565,1
75048-1,sw0574a,1
75049-1,sw0567,1
75049-1,sw0568,1
75049-1,sw0569,1
75050-1,sw0556,1
75050-1,sw0557,1
75050-1,sw0558,1
75051-1,sw0570,1
75051-1,sw0571,1
75051-1,sw0572,1
75051-1,sw0573,1
75052-1,sw0539,1
75052-1,sw0551,1
75052-1,sw0552,1
75052-1,sw0553,1
75052-1,sw0554,3
75052-1,sw0548a,1
75053-1,sw0575,1
75053-1,sw0576,1
75053-1,sw0578,1
75053-1,sw0577,1
75053-1,sw0602,1
75054-1,sw0568,2
75054-1,sw0579,1
75054-1,sw0580,1
75054-1,sw0581,1
75055-1,sw0156,1
75055-1,sw0582,1
75055-1,sw0583,1
75055-1,sw0584,1
75055-1,sw0585,2
75055-1,sw0586,1
75058-1,sw0001b,1
75058-1,sw0001c,6
75058-1,sw0360,1
75058-1,sw0591,1
75058-1,sw0592,1
75058-1,sw0593,1
75058-1,sw0594,1
75059-1,sw0373,1
75059-1,sw0560,2
75059-1,sw0589,1
75059-1,sw0559,1
75059-1,sw0562,1
75059-1,sw0550,1
75059-1,sw0555,1
75059-1,sw0551,1
75059-1,sw0561,1
75059-1,sw0590,2
75059-1,sw0587,1
75059-1,sw0527,1
75059-1,sw0527a,1
75060-1,sw0585,1
75060-1,sw0610,1
75060-1,sw0611,1
75060-1,sw0612,1
75072-1,sw0608,1
75073-1,sw0360,1
75074-1,sw0607,1
75075-1,sw0581,1
75076-1,sw0609,1
75077-1,sw0467,1
75078-1,sw0578,2
75078-1,sw0617,2
75079-1,sw0603,2
75079-1,sw0604,2
75080-1,sw0001c,1
75080-1,sw0301,1
75080-1,sw0360,1
75081-1,sw0619,1
75081-1,sw0620,1
75082-1,sw0621,1
75082-1,sw0623,1
75082-1,sw0622,1
75083-1,sw0578,1
75083-1,sw0624,2
75083-1,sw0625,1
75084-1,sw0602,1
75084-1,sw0626,1
75084-1,sw0627,2
75085-1,sw0092,2
75085-1,sw0629,1
75086-1,sw0001c,12
75086-1,sw0300,2
75086-1,sw0628,1
75087-1,sw0488,1
75087-1,sw0534,1
75087-1,sw0615,1
75088-1,sw0613,1
75088-1,sw0614,3
75089-1,sw0605,2
75089-1,sw0606,2
75090-1,sw0574,1
75090-1,sw0578,1
75090-1,sw0616,1
75091-1,sw0001c,2
75091-1,sw0594,1
75091-1,sw0638,1
75091-1,sw0639,1
75092-1,sw0001c,2
75092-1,sw0415,1
75092-1,sw0592,1
75092-1,sw0640,1
75092-1,sw0641,1
75092-1,sw0642,2
75092-1,sw0642s,2
75092-1,sw0527,1
75092-1,sw0527a,1
75093-1,sw0521,2
75093-1,sw0634,1
75093-1,sw0635,1
75093-1,sw0636,1
75094-1,sw0532,1
75094-1,sw0643,1
75094-1,sw0644,1
75094-1,sw0645,1
75094-1,sw0646,1
75095-1,sw0632,1
75096-1,sw0640,1
75096-1,sw0649,1
75096-1,sw0650,1
75096-1,sw0651,1
75096-1,sw0652,3
75096-1,sw0527,1
75096-1,sw0527a,1
75098-1,sw0568,2
75098-1,sw0678,1
75098-1,sw0708,1
75098-1,sw0724,1
75098-1,sw0725,1
75098-1,sw0726,1
75098-1,sw0727,1
75098-1,sw0728,1
75098-1,sw0729,1
75098-1,sw0730,1
75098-1,sw0731,1
75098-1,sw0734,1
75098-1,sw0735,1
75098-1,sw0736,1
75099-1,sw0655,1
75099-1,sw0677,1
75100-1,sw0656,1
75100-1,sw0657,2
75101-1,sw0670,1
75101-1,sw0671,1
75101-1,sw0672,2
75102-1,sw0661,1
75102-1,sw0658,1
75102-1,sw0659,1
75102-1,sw0660,1
75103-1,sw0684,1
75103-1,sw0666,2
75103-1,sw0667,2
75103-1,sw0668,1
75103-1,sw0669,1
75104-1,sw0662,1
75104-1,sw0663,1
75104-1,sw0664,1
75104-1,sw0665,1
75104-1,sw0654,1
75104-1,sw0671,1
75105-1,sw0532,1
75105-1,sw0661,1
75105-1,sw0673,1
75105-1,sw0674,1
75105-1,sw0675,1
75105-1,sw0676,1
75105-1,sw0677,1
75106-1,sw0616,1
75106-1,sw0621,2
75106-1,sw0623,1
75106-1,sw0647,1
75106-1,sw0648,1
75125-1,sw0705,1
75126-1,sw0701,1
75127-1,sw0576,1
75128-1,sw0621,1
75129-1,sw0713,1
75130-1,sw0624,1
75131-1,sw0696,1
75131-1,sw0697,1
75131-1,sw0698,1
75131-1,sw0699,1
75132-1,sw0667,1
75132-1,sw0671,1
75132-1,sw0694,1
75132-1,sw0695,1
75133-1,sw0689,1
75133-1,sw0688,1
75133-1,sw0687,1
75133-1,sw0690,1
75134-1,sw0691,2
75134-1,sw0692,1
75134-1,sw0693,1
75135-1,sw0704,1
75135-1,sw0706,1
75136-1,sw0560,1
75136-1,sw0590,1
75136-1,sw0700,1
75136-1,sw0527a,1
75137-1,sw0710,1
75137-1,sw0711,1
75137-1,sw0714,1
75138-1,sw0568,1
75138-1,sw0708,1
75138-1,sw0709,1
75138-1,sw0712,1
75139-1,sw0676,1
75139-1,sw0667,2
75139-1,sw0703,1
75139-1,sw0717,1
75140-1,sw0718,1
75140-1,sw0719,1
75140-1,sw0720,1
75140-1,sw0721,1
75141-1,sw0578,1
75141-1,sw0602,1
75141-1,sw0702,1
75142-1,sw0001c,2
75142-1,sw0519,1
75142-1,sw0707,1
75142-1,sw0966,1
75144-1,sw0826,1
75144-1,sw0827,1
75145-1,sw0751,1
75145-1,sw0752,1
75147-1,sw0755,1
75147-1,sw0756,1
75147-1,sw0754,1
75147-1,sw0753,1
75148-1,sw0661,1
75148-1,sw0677,1
75148-1,sw0739,1
75148-1,sw0740,1
75149-1,sw0661,1
75149-1,sw0666,1
75149-1,sw0737,1
75149-1,sw0738,1
75150-1,sw0741,1
75150-1,sw0742,1
75150-1,sw0743,1
75150-1,sw0744,1
75151-1,sw0001c,2
75151-1,sw0518,1
75151-1,sw0528,1
75151-1,sw0745,1
75151-1,sw0746,1
75152-1,sw0795,2
75152-1,sw0789,1
75153-1,sw0797,1
75153-1,sw0784,1
75153-1,sw0783,1
75154-1,sw0787,1
75154-1,sw0785,1
75154-1,sw0788,1
75154-1,sw0786,1
75155-1,sw0792,1
75155-1,sw0780,1
75155-1,sw0793,1
75155-1,sw0790,1
75155-1,sw0791,1
75156-1,sw0782,1
75156-1,sw0794,1
75156-1,sw0798,1
75156-1,sw0781,1
75156-1,sw0796,2
75156-1,sw0798s,1
75157-1,sw0578,1
75157-1,sw0747,1
75157-1,sw0748,1
75157-1,sw0749,1
75157-1,sw0750,1
75158-1,sw0565,1
75158-1,sw0574,1
75158-1,sw0625,1
75158-1,sw0759,1
75158-1,sw0758,1
75159-1,sw0156,1
75159-1,sw0532,1
75159-1,sw0529,2
75159-1,sw0552,1
75159-1,sw0585,2
75159-1,sw0635,1
75159-1,sw0700,1
75159-1,sw0527a,1
75159-1,sw0771,1
75159-1,sw0778,1
75159-1,sw0779,1
75159-1,sw0772,1
75159-1,sw0777,1
75159-1,sw0773,1
75159-1,sw0768,1
75159-1,sw0769,2
75159-1,sw0775,1
75159-1,sw0774,1
75159-1,sw0770,1
75159-1,sw0776,1
75159-1,sw0636b,1
75159-1,sw0634a,1
75159-1,sw0521b,2
75160-1,sw0800,1
75161-1,sw0788,1
75162-1,sw0801,1
75163-1,sw0802,1
75164-1,sw0803,1
75164-1,sw0804,1
75164-1,sw0805,1
75164-1,sw0806,1
75165-1,sw0585,2
75165-1,sw0807,2
75166-1,sw0666,1
75166-1,sw0832,1
75166-1,sw0667,2
75166-1,sw0905,2
75167-1,sw0751,1
75167-1,sw0828,1
75167-1,sw0830,1
75167-1,sw0831a,1
75168-1,sw0707,1
75168-1,sw0527a,1
75169-1,sw0808,1
75169-1,sw0812,1
75169-1,sw0810,1
75170-1,sw0565,1
75170-1,sw0811,1
75170-1,sw0817,1
75171-1,sw0813,1
75171-1,sw0814,1
75171-1,sw0815,2
75172-1,sw0585,1
75172-1,sw0793,1
75172-1,sw0816,1
75172-1,sw0824,1
75172-1,sw0809,1
75173-1,sw0552,1
75173-1,sw0620,1
75173-1,sw0700,1
75173-1,sw0778,1
75174-1,sw0532,1
75174-1,sw0822,1
75174-1,sw0823,1
75174-1,sw0821,1
75175-1,sw0819,1
75175-1,sw0820,1
75175-1,sw0818,1
75176-1,sw0661,1
75176-1,sw0857,1
75176-1,sw0858,1
75177-1,sw0666,1
75177-1,sw0671,1
75177-1,sw0853,1
75177-1,sw0854,1
75178-1,sw0661,1
75178-1,sw0676,1
75178-1,sw0677,1
75178-1,sw0723,1
75178-1,sw0842,1
75179-1,sw0855,1
75179-1,sw0859,1
75179-1,sw0860,1
75179-1,sw0667,1
75179-1,sw0905,1
75180-1,sw0532,1
75180-1,sw0839,2
75180-1,sw0840,1
75180-1,sw0841,1
75181-1,sw0933,1
75181-1,sw0932,1
75182-1,sw0001c,2
75182-1,sw0833,1
75182-1,sw0837,1
75183-1,sw0634a,1
75183-1,sw0829,1
75183-1,sw0834,1
75183-1,sw0835,1
75183-1,sw0836,1
75183-1,sw0838,1
75185-1,sw0634a,1
75185-1,sw0847,1
75185-1,sw0851,1
75185-1,sw0852,1
75186-1,sw0585,1
75186-1,sw0756,1
75186-1,sw0843,1
75186-1,sw0848,1
75186-1,sw0849,1
75187-1,sw0661,1
75188-2,sw0862,1
75188-2,sw0863,1
75188-2,sw0864,1
75188-2,sw0865,1
75188-2,sw1005,1
75189-1,sw0866,1
75189-1,sw0867,1
75189-1,sw0868,1
75189-1,sw0869,1
75189-1,sw0667,1
75189-1,sw0905,1
75190-1,sw0855,1
75190-1,sw0856,1
75190-1,sw0870,1
75190-1,sw0871,1
75190-1,sw0873,1
75190-1,sw0872,1
75190-1,sw0962,1
75190-1,sw0667,1
75190-1,sw0905,1
75191-1,sw0706,1
75191-1,sw0844,1
75191-1,sw0845,1
75191-1,sw0846,1
75192-1,sw0532,1
75192-1,sw0661,1
75192-1,sw0676,1
75192-1,sw0677,1
75192-1,sw0700,1
75192-1,sw0841,1
75192-1,sw0878,1
75192-1,sw0879,1
75193-1,sw0532,1
75194-1,sw0902,1
75195-1,sw0869,1
75195-1,sw0883,1
75196-1,sw0884,1
75196-1,sw0885,1
75197-1,sw0671,1
75197-1,sw0871,1
75197-1,sw0886,2
75198-1,sw0620,1
75198-1,sw0895,1
75198-1,sw0896,1
75198-1,sw0897,1
75199-1,sw0515,1
75199-1,sw0889,1
75200-1,sw0887,1
75200-1,sw0888,1
75201-1,sw0661,1
75201-1,sw0900,1
75201-1,sw0901,1
75201-1,sw0904,1
75202-1,sw0657,2
75202-1,sw0890,1
75202-1,sw0891,1
75202-1,sw0892,1
75203-1,sw0958,1
75203-1,sw0956,1
75203-1,sw0957,1
75203-1,sw0959,1
75204-1,sw0882,1
75204-1,sw0881,1
75205-1,sw0771,1
75205-1,sw0893,1
75205-1,sw0894,1
75205-1,sw0898,1
75206-1,sw0909,1
75206-1,sw0911,1
75206-1,sw0910,2
75207-1,sw0913,1
75207-1,sw0912,1
75207-1,sw0914,2
75208-1,sw0906,1
75208-1,sw0907,1
75208-1,sw0908,1
75209-1,sw0916,1
75209-1,sw0915,1
75210-1,sw0917,1
75210-1,sw0918,1
75211-1,sw0925,1
75211-1,sw0927,1
75211-1,sw0926,1
75211-1,sw0919,1
75212-1,sw0920,1
75212-1,sw0921,1
75212-1,sw0922,1
75212-1,sw0923,1
75212-1,sw0924,1
75212-1,sw0929,1
75212-1,sw0928,1
75214-1,sw0527a,1
75214-1,sw0939,1
75215-1,sw0941,1
75215-1,sw0940,1
75215-1,sw0942,1
75216-1,sw0856,1
75216-1,sw0866,1
75216-1,sw0885,1
75216-1,sw0947,2
75217-1,sw0948,1
75217-1,sw0949,1
75217-1,sw0950,2
75217-1,sw0951,1
75218-1,sw0527a,1
75218-1,sw0944,1
75218-1,sw0943,1
75218-1,sw0952,1
75219-1,sw0945,1
75219-1,sw0946,1
75219-1,sw0953,1
75219-1,sw0954,1
75219-1,sw0955,1
75220-1,sw0778,1
75220-1,sw0896,1
75220-1,sw0897,1
75220-1,sw0936,1
75220-1,sw0938,1
75220-1,sw0937,1
75221-1,sw0552,1
75221-1,sw0527a,1
75221-1,sw0802,1
75221-1,sw0961,1
75221-1,sw0960,1
75222-1,sw0532,1
75222-1,sw0585,2
75222-1,sw0700,1
75222-1,sw0527a,1
75222-1,sw0762,1
75222-1,sw0636b,1
75222-1,sw0823,1
75222-1,sw0831a,1
75222-1,sw0958,1
75222-1,sw0969,2
75222-1,sw0970,1
75222-1,sw0971,1
75222-1,sw0972,1
75222-1,sw0973,1
75222-1,sw0974,1
75222-1,sw0975,1
75222-1,sw0976,1
75222-1,sw0977,1
75223-1,sw1001,1
75224-1,sw0808,1
75225-1,sw0905,1
75225-1,sw0989,2
75225-1,sw0990,1
75225-1,sw0998,1
75226-1,sw0988,1
75226-1,sw1000,1
75226-1,sw0986,1
75226-1,sw0987,1
75228-1,sw0700,1
75228-1,sw0527a,1
75228-1,sw0992,1
75229-1,sw0994,1
75229-1,sw0999,1
75229-1,sw1004,1
75229-1,sw0997b,1
75229-1,sw0997a,1
75233-1,sw0530,1
75233-1,sw0707,1
75233-1,sw0996,2
75234-1,sw0532,1
75234-1,sw0996,2
75234-1,sw1003,1
75234-1,sw1002,1
75235-1,sw0527a,1
75235-1,sw0991,1
75235-1,sw0997b,1
75235-1,sw0997a,1
75236-1,sw0677,1
75236-1,sw1006,1
75237-1,sw0788,1
75237-1,sw0995,1
75238-1,sw0513,1
75238-1,sw1007,1
75239-1,sw1009,1
75239-1,sw1008,1
75240-1,sw1010,1
75240-1,sw1011,1
75240-1,sw1012,1
75240-1,sw1013,1
75241-1,sw1009,2
75241-1,sw1014,1
75241-1,sw1016,1
75241-1,sw1017,1
75241-1,sw1015,1
75242-1,sw1018,1
75242-1,sw1019,1
75242-1,sw1034,1
75243-1,sw0711,1
75243-1,sw0830,1
75243-1,sw1022,1
75243-1,sw1020,1
75243-1,sw1021,1
75244-1,sw0700,1
75244-1,sw0527a,1
75244-1,sw0995,1
75244-1,sw1035,1
75244-1,sw1036,1
75244-1,sw1037,1
75246-1,sw1046,1
75246-1,sw1045,1
75247-1,sw0700,1
75247-1,sw0819,1
75248-1,sw1047,1
75248-1,sw1048,1
75249-1,sw1049,1
75249-1,sw1050,1
75249-1,sw1051,1
75249-1,sw1052,1
75249-1,sw1053,1
75250-1,sw1034,1
75250-1,sw1054,1
75250-1,sw1055,1
75250-1,sw1056,1
75251-1,sw0636b,1
75251-1,sw0521b,2
75251-1,sw0981,1
75251-1,sw0982,1
75251-1,sw0983,1
75252-1,sw1043,1
75252-1,sw1044,1
75254-1,sw1057,1
75254-1,sw1058,1
75254-1,sw1059,1
75254-1,sw1060,1
75255-1,sw0707,1
75256-1,sw0905,1
75256-1,sw1061,1
75256-1,sw1062,1
75256-1,sw1063,1
75256-1,sw1064,1
75256-1,sw1065,1
75257-1,sw0532,1
75257-1,sw0700,1
75257-1,sw0527a,1
75257-1,sw1051,1
75257-1,sw1066,1
75257-1,sw1067,1
75257-1,sw1068,1
75258-1,sw1001,1
75258-1,sw1024,1
75258-1,sw1023,1
75259-1,sw0991,1
75259-1,sw1027,1
75259-1,sw1025,1
75259-1,sw1026,1
75261-1,sw0001c,1
75261-1,sw1002,1
75261-1,sw1029,1
75261-1,sw1028,1
75261-1,sw1030,1
75262-1,sw1032,1
75262-1,sw1031,1
75262-1,sw0997b,3
75263-1,sw1050,1
75264-1,sw1072,1
75265-1,sw1073,1
75265-1,sw1074,1
75266-1,sw1065,1
75266-1,sw1075,2
75266-1,sw1076,1
75267-1,sw1077,1
75267-1,sw1078,1
75267-1,sw1079,1
75267-1,sw1080,1
75268-1,sw1009,1
75268-1,sw1081,1
75269-1,sw1082,1
75269-1,sw1083,1
75270-1,sw0778,1
75270-1,sw1074,1
75270-1,sw1084,1
75270-1,sw1085,1
75271-1,sw0700,1
75271-1,sw0897,1
75271-1,sw1086,1
75272-1,sw0902,1
75272-1,sw1066,1
75272-1,sw1087,1
75273-1,sw0931,1
75273-1,sw1085,1
75273-1,sw1088,1
75273-1,sw1089,1
75275-1,sw1092,1
75278-1,sw1051,1
75280-1,sw0001c,2
75280-1,sw1093,1
75280-1,sw1094,3
75281-1,sw1085,1
75281-1,sw1095,1
75283-1,sw0996,2
75283-1,sw1096,1
75283-1,sw1097,1
75284-1,sw1054,1
75284-1,sw1098,1
75284-1,sw1099,1
75286-1,sw0515,1
75286-1,sw1082,1
75286-1,sw1100,1
75288-1,sw0991,1
75288-1,sw1101,1
75288-1,sw1105,1
75288-1,sw1103,1
75288-1,sw1102,1
75288-1,sw1104,1
75290-1,sw0532,1
75290-1,sw0554,3
75290-1,sw0700,1
75290-1,sw0771,1
75290-1,sw0778,1
75290-1,sw0893,1
75290-1,sw0897,1
75290-1,sw0898,1
75290-1,sw1046,1
75290-1,sw1085,1
75290-1,sw1124,1
75290-1,sw1125,1
75290-1,sw1126,1
75290-1,sw1127,1
75290-1,sw1128,1
75290-1,sw1129,1
75290-1,sw1130,1
75290-1,sw1131,1
75290-1,sw1132,1
75291-1,sw0635,1
75291-1,sw0521b,2
75291-1,sw1106,1
75291-1,sw1107,1
75292-1,sw1057,1
75292-1,sw1113,1
75292-1,sw1114,1
75292-1,sw1115,1
75292-1,sw1116,1
75293-1,sw1108,1
75293-1,sw1110,1
75293-1,sw1111,1
75293-1,sw1109,1
75294-1,sw0971,1
75294-1,sw1112,1
75295-1,sw0771,1
75296-1,sw1112,1
75296-1,sw1154,1
75297-1,sw1034,1
75297-1,sw1145,1
75298-1,sw1104,1
75298-1,sw1143,1
75299-1,sw1074,1
75299-1,sw1113,1
75299-1,sw1135,1
75300-1,sw1136,1
75300-1,sw1137,1
75300-1,sw1138,1
75301-1,sw1036,1
75301-1,sw1085,1
75301-1,sw1139,1
75301-1,sw1140,1
75302-1,sw0635,1
75302-1,sw1141,1
75302-1,sw1142,1
75308-1,sw1085,1
75309-1,sw1165,1
75309-1,sw1146,1
75310-1,sw1096,1
75310-1,sw1155,1
75311-1,sw1156,1
75311-1,sw1157,1
75311-1,sw1168,1
75311-1,sw1167,1
75312-1,sw1135,1
75312-1,sw1158,1
75313-1,sw1104,1
75313-1,sw1139,1
75313-1,sw1175,1
75313-1,sw1176,1
75313-1,sw1177,1
75313-1,sw1178,1
75313-1,sw1179,1
75313-1,sw1180,1
75313-1,sw1181,1
75314-1,sw1153,1
75314-1,sw1148,1
75314-1,sw1149,1
75314-1,sw1150,1
75314-1,sw1151,1
75314-1,sw1152,1
75315-1,sw1058,1
75315-1,sw1113,1
75315-1,sw1135,1
75315-1,sw1159,1
75315-1,sw1160,1
75315-1,sw1161,1
75316-1,sw1162,1
75316-1,sw1163,1
75316-1,sw1164,1
75318-1,sw1113,1
75319-1,sw1171,1
75319-1,sw1172,1
75319-1,sw1166,1
75320-1,sw1178,1
75320-1,sw1179,1
75320-1,sw1181,1
75320-1,sw1182,1
75321-1,sw1166,1
75322-1,sw1183,1
75322-1,sw1184,1
75322-1,sw1185,1
75322-1,sw1190,1
75323-1,sw1148,1
75323-1,sw1159,1
75323-1,sw1215,1
75323-1,sw1214,1
75323-1,sw1219,1
75324-1,sw1161,3
75324-1,sw1191,1
75325-1,sw1113,1
75325-1,sw1210,1
75325-1,sw1211,1
75325-1,sw1212,1
75326-1,sw1158,1
75326-1,sw1192,1
75326-1,sw1193,1
75326-1,sw1194,1
75326-1,sw1195,1
75326-1,sw1196,1
75326-1,sw1197,1
75330-1,sw0906,1
75330-1,sw1199,1
75330-1,sw1200,1
7533-1,clik003,1
75331-1,sw1113,1
75331-1,sw1242,1
75331-1,sw1243,1
75331-1,sw1244,1
75332-1,sw1217,1
75332-1,sw1218,1
75332-1,sw1229,1
75333-1,sw1216,1
75333-1,sw1221,1
75333-1,sw1220,1
75334-1,sw1227,1
75334-1,sw1226,1
75334-1,sw1225,1
75334-1,sw1228,1
75335-1,sw1213,1
75336-1,sw1224,1
75336-1,sw1222,1
75336-1,sw1237,1
75336-1,sw1223,1
75337-1,sw0001c,3
75337-1,sw1234,1
75337-1,sw1236,1
75337-1,sw1235,3
75337-1,sw1233,1
75338-1,sw1231,1
75338-1,sw1230,1
75338-1,sw1232,1
75339-1,sw0532,1
75339-1,sw0994,1
75339-1,sw1201,1
75339-1,sw1202,1
75339-1,sw1203,1
75339-1,sw1204,1
7534-1,clik002,1
75341-1,sw0778,1
75341-1,sw1209,1
75342-1,sw0001c,2
75342-1,sw1205,1
75342-1,sw1206,1
75342-1,sw1207,2
75344-1,sw1245,1
75345-1,sw1248,1
75345-1,sw1246,1
75345-1,sw1247,2
75346-1,sw1256,1
75346-1,sw1257,1
75347-1,sw1250,1
75347-1,sw1251,1
75347-1,sw1252,1
75347-1,sw1249,1
75348-1,sw1258,1
75348-1,sw1259,1
75348-1,sw1261,1
75348-1,sw1260,1
7535-1,clik001,1
75352-1,sw1249,1
75352-1,sw1263,1
75352-1,sw1262,1
75353-1,sw1266,1
75353-1,sw1264,1
75353-1,sw1265,1
75354-1,sw1306,1
75354-1,sw1303,1
75354-1,sw1304,1
75354-1,sw1305,2
75355-1,sw1202,1
75355-1,sw1267,1
75357-1,sw1307,1
75357-1,sw1311,1
75357-1,sw1310,1
75357-1,sw1309,1
75357-1,sw1308,1
75358-1,sw1270,1
75358-1,sw1269,1
75358-1,sw1268,1
75358-1,sw1271,1
75359-1,sw1277,1
75359-1,sw1278,1
75359-1,sw1276,2
75360-1,sw1202,1
75360-1,sw1288,1
75361-1,sw1113,1
75361-1,sw1258,1
75361-1,sw1287,1
75362-1,sw1300,1
75362-1,sw1302,1
75362-1,sw1299,1
75362-1,sw1301,1
75363-1,sw1113,1
75363-1,sw1258,1
75364-1,sw1290,1
75364-1,sw1293,1
75364-1,sw1292,1
75364-1,sw1289,1
75364-1,sw1291,1
75365-1,sw0532,1
75365-1,sw1140,1
75365-1,sw1201,1
75365-1,sw1202,1
75365-1,sw1283,1
75365-1,sw1284,1
75365-1,sw1282,1
75365-1,sw1281,1
75365-1,sw1279,1
75365-1,sw1286,1
75365-1,sw1285,1
75365-1,sw1280,1
75367-1,sw1315,1
75367-1,sw1316,1
75368-1,sw1273,1
75369-1,sw1274,1
75370-1,sw1275,1
75371-1,sw0532,1
75372-1,sw0001d,1
75372-1,sw1305,1
75372-1,sw1319,3
75372-1,sw1320,1
75372-1,sw1321,3
75373-1,sw1345,1
75373-1,sw1344,1
75373-1,sw1346,2
75374-1,sw1349,1
75374-1,sw1350,1
75374-1,sw1351,1
75374-1,sw1352,1
75374-1,sw1353,1
75378-1,sw1113,1
75378-1,sw1336,1
75378-1,sw1337,2
75379-1,sw1202,1
75379-1,sw1325,1
75381-1,sw1340,1
75382-1,sw1331,1
75382-1,sw1339,1
75383-1,sw1335,1
75383-1,sw1333,1
75383-1,sw1332,1
75383-1,sw1334a,1
75383-1,sw1334b,1
75384-1,sw1323,1
75384-1,sw1324,1
75384-1,sw1322,1
75385-1,sw1354,1
75385-1,sw1355,1
75385-1,sw1356,1
75385-1,sw1357,1
75385-1,sw1358,1
75386-1,sw1342,1
75386-1,sw1343,2
75386-1,sw1341,1
75387-1,sw1249,1
75387-1,sw1285,2
75387-1,sw1329,1
75387-1,sw1328,1
75387-1,sw1327,1
75387-1,sw1326,1
75388-1,sw1379,1
75388-1,sw1378,1
75388-1,sw1380,1
75389-1,sw1365,1
75389-1,sw1363,1
75389-1,sw1368,1
75389-1,sw1366,1
75389-1,sw1367,1
75389-1,sw1364,1
75390-1,sw1139,1
75391-1,sw1315,1
75392-1,sw1348,1
75392-1,sw1394,1
75393-1,sw1260,1
75393-1,sw1360,1
75393-1,sw1361,1
75393-1,sw1362,1
75393-1,sw1359,1
75394-1,sw1273,1
75394-1,sw1326,1
75394-1,sw1374,1
75394-1,sw1373,1
75394-1,sw1376,1
75394-1,sw1375,1
75394-1,sw1377,1
75396-1,sw0532,1
75396-1,sw1274,1
75396-1,sw1372,1
75396-1,sw1371,1
75396-1,sw1369,1
75396-1,sw1370,1
75397-1,sw0486,1
75397-1,sw1196,1
75397-1,sw1201,1
75397-1,sw1383,1
75397-1,sw1389,1
75397-1,sw1386,1
75397-1,sw1390,1
75397-1,sw1384,1
75397-1,sw1388,1
75397-1,sw1387,1
75397-1,sw1385,1
75398-1,sw1209,1
75401-1,sw1396,1
75401-1,sw1398,1
75401-1,sw1397,1
75402-1,sw1399,1
75402-1,sw1401,1
75402-1,sw1402,1
75402-1,sw1400,1
75403-1,sw1113,1
75409-1,sw1406,1
75409-1,sw1407,1
75410-1,sw1113,1
75410-1,sw1258,1
75410-1,sw1403,1
75416-1,sw1308,1
75512-1,sw0921,1
75512-1,sw0922,1
75522-1,sw0527a,1
75522-1,sw1041,1
75522-1,sw1042,1
75546-1,mnn010,1
75546-1,mnn011,1
75547-1,mnn013,1
75547-1,mnn014,1
75549-1,mnn004,1
75549-1,mnn005,1
75549-1,mnn006,1
75550-1,mnn007,1
75550-1,mnn008,1
75550-1,mnn009,1
75551-1,mnn002,1
75551-1,mnn001,1
75551-1,mnn003,1
75571-1,avt001,1
75571-1,avt002,1
75572-1,avt012,1
75572-1,avt013,1
75573-1,avt010,1
75573-1,avt007,1
75573-1,avt008,1
75573-1,avt011,1
75573-1,avt009,1
75574-1,avt005,1
75574-1,avt004,1
75574-1,avt006,1
75574-1,avt003,1
75575-1,avt015,1
75575-1,avt014,1
75576-1,avt022,1
75576-1,avt023,1
75577-1,avt018,1
75577-1,avt016,1
75577-1,avt019,1
75577-1,avt021,1
75578-1,avt024,1
75578-1,avt025,1
75578-1,avt026,1
75578-1,avt027,1
75579-1,avt017,1
75579-1,avt020,1
75579-1,avt015,1
75580-1,mnn018,1
75580-1,mnn017,1
75580-1,mnn019,1
75580-1,mnn020,1
75581-1,mnn021,1
75581-1,mnn022,1
75581-1,mnn023,1
75581-1,mnn024,1
75583-1,mnn029,1
75583-1,mnn033,1
75583-1,mnn027,1
75583-1,mnn031,1
75583-1,mnn032,1
75583-1,mnn025,1
75583-1,mnn026,1
75583-1,mnn028,1
75583-1,mnn030,1
7566-1,cty0176,1
7567-1,twn097,1
75681-1,wck001,1
75681-1,wck002,1
75681-1,wck003,1
75683-1,wck004,1
75683-1,wck005,1
75684-1,wck006,1
75684-1,wck007,1
75684-1,wck008,1
75684-1,wck009,1
75684-1,wck010,1
7569-1,gen001,1
7569-1,pop005,1
7569-1,pop006,1
7569-1,pop004,1
7570-1,pop007,1
7570-1,pop008,1
7570-1,pop009,1
7571-1,pop001,1
7571-1,pop002,1
7571-1,pop003,1
7571-1,pop004,1
7572-1,pop003,1
7572-1,pop004,1
7572-1,pop010,1
7572-1,pop012,1
7573-1,pop004,1
7573-1,pop010,1
7573-1,pop011,1
7573-1,pop013,1
7573-1,pop014,1
7573-1,pop015,1
7573-1,pop016,1
7577-1,belvfemale71,1
7577-1,belvfemale72,1
7577-1,belvmale18,1
7577-1,belvfemale71a,1
7577-1,belvfemale72a,1
7577-1,belvmale18a,1
7578-1,belvfemale39,1
7578-1,belvfemale71,1
7578-1,belvfemale39b,1
7578-1,belvfemale71b,1
7579-1,belvfairy08,1
7579-1,belvfairy08a,1
7580-1,belvfemale74,1
7580-1,belvfemale74a,1
75810-1,st001,1
75810-1,st002,1
75810-1,st003,1
75810-1,st004,1
75810-1,st005,1
75810-1,st006,1
75810-1,st007,1
75810-1,st008,1
7581-1,belvfemale75,1
7581-1,belvfemale76,1
7581-1,belvfemale75a,1
7581-1,belvfemale76a,1
7582-1,belvbaby07,1
7582-1,belvfemale77,1
7582-1,belvmale19,1
7582-1,belvbaby07a,1
7582-1,belvfemale77a,1
7582-1,belvmale19a,1
75821-1,ang001,1
75821-1,ang002,1
75822-1,ang003,1
75822-1,ang004,1
75823-1,ang005,1
75823-1,ang006,1
75823-1,ang007,1
75824-1,ang008,1
75824-1,ang009,1
75824-1,ang010,1
75824-1,ang011,1
75825-1,ang012,1
75825-1,ang013,1
75825-1,ang014,1
75825-1,ang015,1
75826-1,ang016,1
75826-1,ang017,1
75826-1,ang018,1
75826-1,ang019,1
75826-1,ang020,1
75827-1,gb006,1
75827-1,gb008,1
75827-1,gb007,1
75827-1,gb009,1
75827-1,gb010,1
75827-1,gb011,1
75827-1,gb012a,1
75827-1,gb005a,1
75827-1,gb013a,1
75827-1,gb014b,1
75827-1,gb005,1
75827-1,gb012,1
75827-1,gb013,1
75827-1,gb014,1
75828-1,gb015,1
75828-1,gb016,1
75828-1,gb017,1
75828-1,gb018,1
75828-1,gb019,1
75828-1,gb020,1
7585-1,belvfemale80,1
7586-1,belvbaby07,1
7586-1,belvmale20,1
7586-1,belvfemale79,1
7586-1,belvmale20a,1
7586-1,belvfemale79a,1
7586-1,belvbaby07b,1
75870-1,sc023,1
7587-1,belvfemale78,1
7587-1,belvfemale78a,1
75871-1,sc022,1
75872-1,sc024,1
75873-1,sc025,1
75874-1,sc026,1
75874-1,sc027,1
75874-1,sc028,1
75875-1,sc018,1
75875-1,sc019,1
75875-1,sc020,1
75875-1,sc021,1
75876-1,sc029,1
75876-1,sc030,1
75876-1,sc031,1
75876-1,sc032,1
75876-1,sc033,1
75877-1,sc034,1
75878-1,sc035,1
75879-1,sc036,1
75880-1,sc052,1
75881-1,sc037,1
75881-1,sc038,1
75881-1,sc039,1
75882-1,sc048,1
75882-1,sc049,1
75882-1,sc050,1
75882-1,sc051,1
75883-1,sc040,1
75883-1,sc041,1
75883-1,sc042,1
75883-1,sc043,1
75883-1,sc044,1
75883-1,sc045,1
75883-1,sc046,1
75883-1,sc047,1
75884-1,sc053,1
75885-1,sc055,1
75886-1,sc056,1
75887-1,sc054,1
75888-1,sc057,1
75888-1,sc058,1
75888-1,sc059,1
75889-1,sc060,1
75889-1,sc061,1
75889-1,sc062,1
75889-1,sc063,1
75889-1,sc065,1
75889-1,sc066,1
75889-1,sc067,1
75890-1,sc077,1
75891-1,sc068,1
75892-1,sc069,1
75893-1,sc075,1
75893-1,sc072,1
75893-1,sc076,1
75894-1,sc070,1
75894-1,sc071,1
75894-1,sc073,1
75894-1,sc074,1
75895-1,sc078,1
75899-1,sc001,1
75900-1,scd001,1
75900-1,scd010,1
7590-1,toy003,1
7590-1,toy004,1
75901-1,scd001,1
75901-1,scd002,1
75902-1,scd003,1
75902-1,scd008,1
75902-1,scd009,1
75903-1,scd012,1
75903-1,scd004,1
75903-1,scd013,1
75903-1,scd014,1
75904-1,scd003,1
75904-1,scd004,1
75904-1,scd005,1
75904-1,scd006,1
75904-1,scd007,1
75904-1,scd011,1
75908-1,sc007,1
75909-1,sc003,1
75910-1,sc002,1
7591-1,toy006,1
75911-1,sc004,1
75911-1,sc005,1
75911-1,sc006,1
75912-1,sc008,1
75912-1,sc009,1
75912-1,sc010,1
75912-1,sc011,1
75913-1,sc012,1
75913-1,sc013,1
75913-1,sc015,1
75913-1,sc017,1
75913-1,sc014,1
75913-1,sc016,1
75915-1,jw003,1
75915-1,jw004,1
75916-1,jw001,1
75916-1,jw002,1
75917-1,jw010,1
75917-1,jw011,1
75917-1,jw012,1
75918-1,jw007,1
75918-1,jw008,1
75918-1,jw009,1
75919-1,jw013,1
75919-1,jw014,1
75919-1,jw015,1
75919-1,jw016,1
75920-1,jw005,1
75920-1,jw006,1
7592-1,toy006,1
75926-1,jw023,1
75926-1,jw042,1
75927-1,jw018,1
75927-1,jw017,1
75928-1,jw025,1
75928-1,jw043,1
75928-1,jw044,1
75929-1,jw020,1
75929-1,jw021,1
75929-1,jw022,1
75930-1,jw021,1
75930-1,jw023,1
75930-1,jw024,1
75930-1,jw025,1
75930-1,jw026,1
75930-1,jw027,1
7593-1,toy004,1
7593-1,toy005,1
75931-1,jw034,1
75931-1,jw035,1
75931-1,jw036,1
75932-1,jw019,1
75932-1,jw028,1
75932-1,jw029,1
75932-1,jw030,1
75933-1,jw031,1
75933-1,jw032,1
75933-1,jw033,1
75934-1,jw023,1
75934-1,jw045,1
75934-1,jw046,1
75935-1,jw021,1
75935-1,jw023,1
75935-1,jw047,1
75935-1,jw054,1
75936-1,jw019,1
75936-1,jw057,1
75936-1,jw056,1
75936-1,jw058,1
75936-1,jw059,1
75936-1,jw060,1
75937-1,jw049,1
75937-1,jw050,1
75937-1,jw048,1
75937-1,jw051,1
75938-1,jw055,1
75938-1,jw048,1
75938-1,jw052,1
75938-1,jw053,1
75939-1,jw066,1
75939-1,jw068,1
75940-1,jw021,1
75940-1,jw066,1
75940-1,jw067,1
7594-1,toy003,1
7594-1,toy008,1
7594-1,toy009,1
75941-1,jw023,1
75941-1,jw062,1
75941-1,jw063,1
75941-1,jw064,1
75941-1,jw065,1
75942-1,jw054,1
75942-1,jw066,1
75945-1,hp155,2
75945-1,hp174,1
75945-1,hp175,1
75946-1,hp176,1
75946-1,hp177,1
75946-1,hp178,1
75946-1,hp179a,1
75946-1,hp179b,1
75947-1,hp144,1
75947-1,hp175,1
75947-1,hp180,1
75947-1,hp181,1
75947-1,hp183,1
75947-1,hp182a,1
75947-1,hp182b,1
75948-1,hp184,1
75948-1,hp185,1
75948-1,hp186,1
75948-1,hp187,1
75948-1,hp188,1
75948-1,hp189,1
75948-1,hp190,1
75948-1,hp191,1
75950-1,hp153,1
75950-1,hp154,1
7595-1,toy001,3
7595-1,toy002,1
75951-1,hp167,1
75951-1,hp168,1
75952-1,hp163,1
75952-1,hp164,1
75952-1,hp165,1
75952-1,hp166,1
75953-1,hp139,1
75953-1,hp140,1
75953-1,hp141,1
75953-1,hp142,1
75953-1,hp143,1
75953-1,hp134a,1
75953-1,hp134b,1
75954-1,hp139,1
75954-1,hp144,1
75954-1,hp145,1
75954-1,hp146,1
75954-1,hp147,1
75954-1,hp148,1
75954-1,hp150,1
75954-1,hp151,1
75954-1,hp152,1
75954-1,hp149a,1
75954-1,hp149b,1
75955-1,hp155,1
75955-1,hp153,1
75955-1,hp156,1
75955-1,hp157,1
75955-1,hp154,1
75955-1,hp158,1
75956-1,hp135,1
75956-1,hp136,1
75956-1,hp137,1
75956-1,hp138,1
75956-1,hp139,1
75956-1,hp134a,1
75956-1,hp134b,1
75957-1,hp175,1
75957-1,hp192,1
75957-1,hp193,1
75958-1,hp201,1
75958-1,hp200,1
75958-1,hp202,1
75958-1,hp203,1
7596-1,toy013,1
7596-1,toy014,1
7596-1,toy015,1
75965-1,hp194,1
75965-1,hp199,1
75965-1,hp195,1
75965-1,hp197,1
75965-1,hp196,1
75965-1,hp198,1
75966-1,hp238,1
75966-1,hp239,1
75966-1,hp240,1
75966-1,hp241,1
75967-1,hp213,1
75967-1,hp235,1
75967-1,hp234,1
75967-1,hp236a,2
75968-1,hp142,1
75968-1,hp215,1
75968-1,hp217,1
75968-1,hp216,1
75968-1,hp224,1
75968-1,hp233,1
75969-1,hp225,1
75969-1,hp226,1
75969-1,hp227,1
75969-1,hp228,1
75969-1,hp229,1
75969-1,hp230,1
75969-1,hp231,1
75969-1,hp232,1
75970-1,ow001,1
75970-1,ow002,1
7597-1,toy003,1
7597-1,toy004,1
7597-1,toy008,1
75971-1,ow003,1
75971-1,ow004,1
75971-1,ow005,1
75972-1,ow006,1
75972-1,ow007,1
75972-1,ow008,1
75973-1,ow009,1
75973-1,ow010,1
75975-1,ow008,1
75975-1,ow011,1
75975-1,ow012,1
75975-1,ow013,1
75976-1,ow015,1
75977-1,ow016,1
75977-1,ow017,1
75978-1,hp144,1
75978-1,hp243,1
75978-1,hp244,1
75978-1,hp255,1
75978-1,hp245,1
75978-1,hp246,1
75978-1,hp247,1
75978-1,hp248,1
75978-1,hp249,1
75978-1,hp250,1
75978-1,hp251,1
75978-1,hp252,1
75978-1,hp253,1
75978-1,hp254,1
75978-1,hp256,1
75978-1,hp257,1
75978-1,hp258,1
75979-1,hp237,1
75980-1,hp218,1
75980-1,hp209,1
75980-1,hp210,1
75980-1,hp211,1
75980-1,hp212,1
75980-1,hp214,1
75980-1,hp219,1
75980-1,hp213,1
7598-1,toy004,1
7598-1,toy006,1
7599-1,toy007,1
7599-1,toy011,1
7599-1,toy012,1
75995-1,sc043,1
75996-1,sh0533,1
75997-1,sh0517,1
76000-1,sh0047,1
76000-1,sh0049,1
76000-1,sh0050,1
76001-1,sh0062,1
76001-1,sh0063,1
76001-1,sh0064,1
76002-1,sh0077,1
76002-1,sh0078,1
76003-1,sh0076,1
76003-1,sh0077,1
76003-1,sh0079,1
76003-1,sh0080,1
76003-1,sh0081,1
76004-1,sh0038,1
76004-1,sh0055,1
76004-1,sh0056,1
76005-1,sh0038,1
76005-1,sh0051,1
76005-1,sh0052,1
76005-1,sh0053,1
76005-1,sh0054,1
76006-1,sh0065,1
76006-1,sh0066,1
76006-1,sh0067,1
76007-1,sh0069,1
76007-1,sh0068,1
76007-1,sh0070,1
76007-1,sh0071,1
76007-1,sh0072a,1
76008-1,sh0073,1
76008-1,sh0074,1
76009-1,sh0075,1
76009-1,sh0076,1
76009-1,sh0077,1
76010-1,sh0096,1
76010-1,sh0097,1
76011-1,sh0016a,1
76011-1,sh0085,1
76011-1,sh0086,1
76012-1,sh0087,1
76012-1,sh0088,1
76012-1,sh0089,1
76013-1,sh0016a,1
76013-1,sh0091,1
76013-1,sh0092,1
76013-1,sh0093,1
76013-1,sh0094,1
76014-1,sh0038,1
76014-1,sh0105,1
76015-1,sh0038,1
76015-1,sh0109,1
76015-1,sh0110,1
76016-1,sh0038,1
76016-1,sh0102,1
76016-1,sh0103,1
76016-1,sh0104,1
76017-1,sh0106,1
76017-1,sh0107,1
76017-1,sh0108,1
76018-1,sh0095,1
76018-1,sh0098,1
76018-1,sh0099,1
76018-1,sh0100,1
76018-1,sh0101,1
76019-1,sh0120,1
76019-1,sh0127,1
76019-1,sh0128,1
76020-1,sh0120,1
76020-1,sh0121,1
76020-1,sh0122,1
76021-1,sh0120,1
76021-1,sh0123,1
76021-1,sh0124,1
76021-1,sh0125,1
76021-1,sh0126,1
76022-1,sh0116,1
76022-1,sh0117,1
76022-1,sh0118,1
76022-1,sh0119,1
76023-1,sh0132,1
76023-1,sh0133,1
76025-1,sh0144,1
76025-1,sh0145,1
76025-1,sh0146,1
76026-1,sh0087,1
76026-1,sh0147,1
76026-1,sh0148,1
76026-1,sh0149,1
76026-1,sh0150,1
76026-1,sh0151,1
76027-1,sh0050,1
76027-1,sh0160,1
76027-1,sh0161,1
76027-1,sh0162,1
76028-1,sh0152,1
76028-1,sh0153,1
76028-1,sh0154,1
76028-1,sh0155,1
76028-1,sh0003a,1
76029-1,sh0164,1
76029-1,sh0165,1
76029-1,sh0166,2
76030-1,sh0170,1
76030-1,sh0171,1
76030-1,sh0172,1
76031-1,sh0167,1
76031-1,sh0173,1
76031-1,sh0174,1
76031-1,sh0175,1
76032-1,sh0167,1
76032-1,sh0177,1
76032-1,sh0178,1
76032-1,sh0176,1
76032-1,sh0186,1
76034-1,sh0151,1
76034-1,sh0194,1
76034-1,sh0195,1
76035-1,sh0010,1
76035-1,sh0060,1
76035-1,sh0197,1
76035-1,sh0198,1
76035-1,sh0199,1
76035-1,sh0200,1
76035-1,sh0204,1
76035-1,sh0206,1
76036-1,sh0187,1
76036-1,sh0188,1
76036-1,sh0190,1
76037-1,sh0191,1
76037-1,sh0192,1
76037-1,sh0193,1
76037-1,sh0205,1
76038-1,sh0167,1
76038-1,sh0168,2
76038-1,sh0169,1
76038-1,sh0170,1
76039-1,sh0189,1
76039-1,sh0201,1
76039-1,sh0202,1
76040-1,sh0156,1
76040-1,sh0157,1
76040-1,sh0158,1
76040-1,sh0159,1
76041-1,sh0171,1
76041-1,sh0173,1
76041-1,sh0177,1
76041-1,sh0180,1
76041-1,sh0179,1
76042-1,sh0172,1
76042-1,sh0183,1
76042-1,sh0184,1
76042-1,sh0185,1
76042-1,sh0186,1
76042-1,90398pb005,1
76042-1,90398pb003,1
76042-1,90398pb006,8
76042-1,90398pb002,1
76042-1,90398pb004c01,1
76044-1,sh0219,1
76044-1,sh0217,1
76044-1,sh0217a,1
76045-1,sh0218,1
76045-1,sh0223,1
76045-1,sh0224,1
76046-1,sh0218,1
76046-1,sh0220,1
76046-1,sh0221,1
76046-1,sh0222,1
76046-1,sh0225,1
76047-1,sh0257,1
76047-1,sh0263,1
76047-1,sh0264,1
76048-1,sh0213,1
76048-1,sh0214,1
76048-1,sh0215,1
76048-1,sh0216,1
76049-1,sh0226,1
76049-1,sh0227,1
76049-1,sh0228,1
76049-1,sh0229,1
76049-1,sh0230,1
76050-1,sh0186,1
76050-1,sh0261,1
76050-1,sh0262,1
76051-1,sh0177,1
76051-1,90398pb007,2
76051-1,sh0257,1
76051-1,sh0255,1
76051-1,sh0258,1
76051-1,sh0256,1
76051-1,sh0254,1
76052-1,sh0233,1
76052-1,sh0234,1
76052-1,sh0235,1
76052-1,sh0236,1
76052-1,sh0237,1
76052-1,sh0238,1
76052-1,sh0239,1
76052-1,sh0240,1
76052-1,sh0241,1
76053-1,sh0151,1
76053-1,sh0260,1
76053-1,sh0259,1
76054-1,sh0275,1
76054-1,sh0276,1
76054-1,sh0277,1
76054-1,sh0278,1
76054-1,sh0279,1
76055-1,sh0151,1
76055-1,sh0280,1
76055-1,sh0281,1
76055-1,sh0282,1
76055-1,sh0283,1
76056-1,sh0290,1
76056-1,sh0291,1
76056-1,sh0288,1
76056-1,sh0289,1
76057-1,sh0038,1
76057-1,sh0269,1
76057-1,sh0270,1
76057-1,sh0271,1
76057-1,sh0272,1
76057-1,sh0273,1
76057-1,sh0274,1
76058-1,sh0038,1
76058-1,sh0267,1
76058-1,sh0268,1
76059-1,sh0038,1
76059-1,sh0284,1
76059-1,sh0285,1
76059-1,sh0286,1
76059-1,sh0287,1
76060-1,sh0296,1
76060-1,sh0297,1
76060-1,sh0298,1
76061-1,sh0242,1
76061-1,sh0243,1
76062-1,sh0244,1
76062-1,sh0245,1
76063-1,sh0246,1
76063-1,sh0247,1
76064-1,sh0248,1
76064-1,sh0249,1
76065-1,sh0250,1
76065-1,sh0251,1
76066-1,sh0252,1
76066-1,sh0253,1
76067-1,sh0177,1
76067-1,sh0299,1
76067-1,sh0302,1
76067-1,sh0303,1
76068-1,sh0348,1
76068-1,sh0349,1
76069-1,sh0356,1
76069-1,sh0357,1
76070-1,sh0358,1
76070-1,sh0359,1
76071-1,sh0360,1
76071-1,sh0361,1
76072-1,sh0362,1
76072-1,sh0363,1
76073-1,sh0364,1
76073-1,sh0365,1
76075-1,sh0393,1
76075-1,sh0394,1
76076-1,sh0374,1
76076-1,sh0366,1
76076-1,sh0375,1
76077-1,sh0367,1
76077-1,sh0368,1
76077-1,sh0369,1
76078-1,sh0370,1
76078-1,sh0371,1
76078-1,sh0372,1
76078-1,sh0373,1
76079-1,sh0382,1
76079-1,sh0383,1
76079-1,sh0384,1
76080-1,sh0378,1
76080-1,sh0379,1
76080-1,sh0380,1
76080-1,sh0381,1
76081-1,sh0385,1
76081-1,sh0386,1
76081-1,sh0387,1
76081-1,sh0388,1
76081-1,sh0389,1
76082-1,sh0420,1
76082-1,sh0421,1
76082-1,sh0422,1
76083-1,sh0403,1
76083-1,sh0404,1
76083-1,sh0405,1
76083-1,sh0420,1
76084-1,sh0406,1
76084-1,sh0407,1
76084-1,sh0408,1
76084-1,sh0409,1
76084-1,sh0425,2
76085-1,sh0429,1
76085-1,sh0430,1
76085-1,sh0431,1
76085-1,sh0432,1
76086-1,sh0433,1
76086-1,sh0437,1
76086-1,sh0438,1
76086-1,sh0439,1
76087-1,sh0219,1
76087-1,sh0221,1
76087-1,sh0431,1
76087-1,sh0433,1
76087-1,sh0435,1
76087-1,sh0436,1
76088-1,sh0410,1
76088-1,sh0411,1
76088-1,sh0412,1
76088-1,sh0413,1
76088-1,sh0426,1
76089-1,sh0479,1
76089-1,sh0480,1
76090-1,sh0474,1
76090-1,sh0475,1
76091-1,sh0485,1
76091-1,sh0486,1
76092-1,sh0492,1
76092-1,sh0493,1
76093-1,sh0481,1
76093-1,sh0482,1
76094-1,sh0483,1
76094-1,sh0484,1
76095-1,sh0524,1
76095-1,sh0525,1
76095-1,sh0526,1
76096-1,sh0489,1
76096-1,sh0490,1
76097-1,sh0456,1
76097-1,sh0457,1
76097-1,sh0458,1
76097-1,sh0459,1
76097-1,sh0460,1
76098-1,sh0470,1
76098-1,sh0471,1
76098-1,sh0472,1
76098-1,sh0473,1
76099-1,sh0476,1
76099-1,sh0477,1
76099-1,sh0478,1
76100-1,sh0466,1
76100-1,sh0467,1
76100-1,sh0468,1
76100-1,sh0469,1
76101-1,sh0494,1
76101-1,sh0495,1
76101-1,sh0505,2
76102-1,sh0384,1
76102-1,sh0502,1
76102-1,sh0501,1
76103-1,sh0303,1
76103-1,sh0466,1
76103-1,sh0512,1
76103-1,sh0511,1
76103-1,sh0505,1
76104-1,sh0408,1
76104-1,sh0503,1
76104-1,sh0505,1
76104-1,sh0500,1
76105-1,sh0498,1
76107-1,sh0504,1
76107-1,sh0506,1
76107-1,sh0499,1
76107-1,sh0497a,1
76107-1,sh0497as,1
76108-1,sh0507,1
76108-1,sh0508,1
76108-1,sh0509,1
76108-1,sh0510,1
76108-1,sh0496,1
76109-1,sh0516,1
76109-1,sh0518,1
76109-1,sh0517,1
76109-1,sh0517a,1
76110-1,sh0528,1
76110-1,sh0529,1
76110-1,sh0530,1
76111-1,sh0522,1
76111-1,sh0523,1
76111-1,sh0531,1
76112-1,sh0535,1
76113-1,sh0536,1
76113-1,sh0540,1
76113-1,sh0541,1
76114-1,sh0536,1
76114-1,sh0537,1
76114-1,sh0538,1
76114-1,sh0539,1
76115-1,sh0536,1
76115-1,sh0542,1
76115-1,sh0543,1
76115-1,sh0544,1
76116-1,sh0556,1
76116-1,sh0557,1
76116-1,sh0559,1
76117-1,sh0549,1
76117-1,sh0550,1
76117-1,sh0551,1
76117-1,sh0552,1
76118-1,sh0587,1
76118-1,sh0588,1
76118-1,sh0589,1
76119-1,sh0589,1
76119-1,sh0590,1
76120-1,sh0589,1
76120-1,sh0591,1
76120-1,sh0592,1
76120-1,sh0593,1
76122-1,sh0522,1
76122-1,sh0588,1
76122-1,sh0589,1
76122-1,sh0594,1
76122-1,sh0595,1
76122-1,sh0596,1
76123-1,sh0560,1
76123-1,sh0561,2
76123-1,sh0562,1
76124-1,sh0505,1
76124-1,sh0562,1
76124-1,sh0564,1
76124-1,sh0563,1
76125-1,sh0496,1
76125-1,sh0505,2
76125-1,sh0565,1
76125-1,sh0566,1
76125-1,sh0567,1
76126-1,sh0572,1
76126-1,sh0569,1
76126-1,sh0571,1
76126-1,sh0570,1
76126-1,sh0568,2
76127-1,sh0553,1
76127-1,sh0554,1
76127-1,sh0555,1
76128-1,sh0578,1
76128-1,sh0580,1
76128-1,sh0579,1
76129-1,sh0580,1
76129-1,sh0581,1
76129-1,sh0582,1
76129-1,sh0583,1
76130-1,sh0420,1
76130-1,sh0580,1
76130-1,sh0606,1
76130-1,sh0585a,1
76130-1,sh0585b,1
76131-1,sh0505,1
76131-1,sh0555,1
76131-1,sh0573,1
76131-1,sh0574,1
76131-1,sh0576,1
76131-1,sh0577,1
76131-1,90398pb040,2
76133-1,sh0545,1
76133-1,sh0546,1
76134-1,sh0546,1
76134-1,sh0547,1
76134-1,sh0548,1
76137-1,sh0513,1
76137-1,sh0593,1
76138-1,sh0513,1
76138-1,sh0598,1
76138-1,sh0599,1
76138-1,sh0600,1
76139-1,sh0607,1
76139-1,sh0608,1
76139-1,sh0609,1
76140-1,sh0612,1
7614-1,47394pb021,1
7614-1,47394pb087,1
7614-1,47394pb158,1
7614-1,47394pb159,1
76141-1,sh0613,1
76142-1,sh0622,1
76142-1,sh0623,1
76142-1,sh0628,1
76143-1,sh0624,1
76143-1,sh0625,1
76143-1,sh0626,1
76143-1,sh0627,1
76144-1,sh0571,1
76144-1,sh0568,2
76144-1,sh0610,1
76144-1,sh0611,1
76145-1,sh0764,1
76145-1,sh0769,1
76146-1,sh0546,1
76147-1,sh0546,1
76147-1,sh0617,1
76147-1,sh0618,1
76148-1,sh0536,1
76148-1,sh0615,1
76148-1,sh0616,1
76148-1,sh0616s,1
76149-1,sh0543,1
76149-1,sh0546,1
76149-1,sh0620,1
76150-1,sh0536,1
76150-1,sh0542,1
76150-1,sh0614a,1
76150-1,sh0614b,1
7615-1,pln162,1
7615-1,pln163,1
76151-1,gen047,1
76151-1,sh0536,1
76151-1,sh0638,1
76151-1,sh0640,1
76151-1,sh0664,1
76152-1,sh0639,1
76152-1,sh0643,1
76152-1,sh0644,1
76152-1,sh0645,1
76152-1,sh0649,1
76153-1,sh0623,1
76153-1,sh0637,1
76153-1,sh0641,1
76153-1,sh0646,1
76153-1,sh0649,1
76153-1,sh0656,1
76153-1,sh0657,1
76153-1,sh0585b,1
76153-1,sh0656s,1
76154-1,sh0768,1
76154-1,sh0767,1
76154-1,sh0766,1
76155-1,sh0762,1
76155-1,sh0764,1
76155-1,sh0763,1
76155-1,sh0765,1
76156-1,sh0771,1
76156-1,sh0764,1
76156-1,sh0767,1
76156-1,sh0770,1
76156-1,sh0765,1
76156-1,sh0766,1
76157-1,sh0635,1
76157-1,sh0636,1
76157-1,sh0634,1
76158-1,sh0647,1
76158-1,sh0648,1
76159-1,sh0590,1
76159-1,sh0650,1
76159-1,sh0651,1
76159-1,sh0589a,1
76160-1,sh0589a,1
76160-1,sh0658,1
76160-1,sh0659,1
76160-1,sh0660,1
76160-1,sh0661,1
76160-1,sh0662,1
76161-1,sh0607,1
76161-1,sh0672,1
76161-1,sh0671,1
76162-1,sh0629,1
76162-1,sh0630,1
76162-1,sh0631,1
76163-1,sh0536,1
76163-1,sh0633,1
76163-1,sh0632,1
76164-1,sh0612,1
76164-1,sh0665,1
76164-1,sh0668,1
76164-1,sh0669,1
76166-1,sh0612,1
76166-1,sh0624,1
76166-1,sh0637,1
76166-1,sh0652,1
76166-1,sh0653,1
76166-1,sh0654,1
76166-1,sh0655,1
76167-1,sh0624,2
76167-1,sh0666,1
76167-1,sh0667,1
76167-1,sh0673,1
76167-1,sh0673s,1
76168-1,sh0686,1
76169-1,sh0680,1
76170-1,sh0612,1
76170-1,sh0696,1
76171-1,sh0679,1
76172-1,sh0684,1
76172-1,sh0685,1
76173-1,sh0678,1
76173-1,sh0683,1
76173-1,sh0684,1
76174-1,sh0681,1
76174-1,sh0682,1
76174-1,sh0684,1
76174-1,sh0687,1
76175-1,sh0542,1
76175-1,sh0684,1
76175-1,sh0691,1
76175-1,sh0692,1
76175-1,sh0693,1
76175-1,sh0695,1
76176-1,sh0700,1
76176-1,sh0699,1
76176-1,sh0701,1
76176-1,sh0702,1
76177-1,sh0700,1
76177-1,sh0701,1
76177-1,sh0706,1
76177-1,sh0705,1
76178-1,sh0638,1
76178-1,sh0679,1
76178-1,sh0682,1
76178-1,sh0685,1
76178-1,sh0695,1
76178-1,sh0708,1
76178-1,sh0709,1
76178-1,sh0710,1
76178-1,sh0711,1
76178-1,sh0712,1
76178-1,sh0713,1
76178-1,sh0714,1
76178-1,sh0715,1
76178-1,sh0716,1
76178-1,sh0717,1
76178-1,sh0718,1
76178-1,sh0719,1
76178-1,sh0720,1
76178-1,sh0721,1
76178-1,sh0722,1
76178-1,sh0723,1
76178-1,sh0724,1
76178-1,sh0725,1
76178-1,sh0726,1
76178-1,sh0727,1
76179-1,sh0786,1
76179-1,sh0788,1
76180-1,sh0513,1
76180-1,sh0590,1
76180-1,sh0658,1
7618-1,47394pb018,1
7618-1,47394pb159,1
76181-1,sh0786,1
76181-1,sh0790,1
76183-1,sh0784,1
76183-1,sh0785,1
76183-1,sh0786,1
76183-1,sh0787,1
76183-1,sh0788,1
76183-1,sh0789,1
76184-1,sh0585b,1
76184-1,sh0782,1
76184-1,sh0783,1
76185-1,sh0776,1
76185-1,sh0777,1
76185-1,sh0778,1
76185-1,sh0779,1
76186-1,sh0728,1
76186-1,sh0730,1
76186-1,sh0735,1
76188-1,sh0703,1
76188-1,sh0704,1
76189-1,sh0736,1
76189-1,sh0737,1
76190-1,sh0739,1
76190-1,sh0740,1
76190-1,sh0738,1
76192-1,sh0728,1
76192-1,sh0729,1
76192-1,sh0730,1
76192-1,sh0731,1
76192-1,sh0732,1
76192-1,sh0733,1
76192-1,sh0734,1
76192-1,90398pb044,2
76193-1,sh0730,1
76193-1,sh0734,1
76193-1,sh0742,1
76193-1,sh0743,1
76193-1,sh0744,1
76193-1,sh0745,1
76194-1,sh0746,1
76194-1,sh0747,1
76194-1,sh0748,1
76195-1,sh0774,1
76195-1,sh0775,1
76198-1,sh0707,1
76198-1,sh0708,1
76200-1,sh0753,1
76200-1,sh0754,1
76200-1,sh0752,1
7620-1,iaj001,1
7620-1,iaj002,1
7620-1,iaj003,1
76201-1,sh0749,1
76201-1,sh0750,1
76201-1,sh0751,1
76202-1,sh0805,1
76203-1,sh0806,1
76204-1,sh0807,1
76205-1,sh0793,1
76205-1,sh0801,1
76205-1,sh0802,1
76207-1,sh0811,1
76207-1,sh0812,1
76207-1,sh0815,1
76208-1,sh0811,1
76208-1,sh0812,1
76208-1,sh0814,1
76208-1,sh0815,1
76208-1,sh0816,1
76209-1,sh0804,1
76210-1,sh0850,1
7621-1,iaj001,1
7621-1,iaj007,1
7621-1,gen018,1
76211-1,sh0848,1
76211-1,sh0843,1
76211-1,sh0840,1
76211-1,sh0844,1
76212-1,sh0735,1
76212-1,sh0839,1
76213-1,sh0843,1
76213-1,sh0840,1
76213-1,sh0841,1
76214-1,sh0841,1
76214-1,sh0842,1
76214-1,sh0847,1
76214-1,sh0846,1
76214-1,sh0845,1
76216-1,sh0740,1
76216-1,sh0747,1
76216-1,sh0585b,1
76216-1,sh0819,1
76216-1,sh0821,1
76216-1,sh0823,1
76216-1,sh0824,1
76216-1,sh0825,1
76218-1,sh0802,1
76218-1,sh0832,1
76218-1,sh0831,1
76218-1,sh0827,1
76218-1,sh0826,1
76218-1,sh0828,1
76218-1,sh0830,1
76218-1,sh0833,1
76218-1,sh0829,1
76219-1,sh0684,1
76219-1,sh0813,1
76220-1,sh0513,1
76220-1,sh0838,1
7622-1,iaj001,1
7622-1,iaj004,1
7622-1,iaj005,1
7622-1,iaj006,1
76224-1,sh0899,1
76224-1,sh0901,1
7623-1,iaj001,1
7623-1,gen019,2
7623-1,iaj008,1
7623-1,iaj009,1
7623-1,iaj010,1
76232-1,sh0911,1
76232-1,sh0912,1
76232-1,sh0913,1
76237-1,sh0731,1
76237-1,sh0772,1
76237-1,sh0773,1
76239-1,sh0780,1
76239-1,sh0781,1
76240-1,sh0791,1
76240-1,sh0792,1
7624-1,iaj001,1
7624-1,iaj012,1
7624-1,iaj014,1
76241-1,sh0857,1
76242-1,sh0859,1
76243-1,sh0858,1
76244-1,sh0855,1
76244-1,sh0856,1
76245-1,sh0861,1
76247-1,sh0854,1
76247-1,sh0870,1
76247-1,sh0871,1
76247-1,sh0872,1
76248-1,sh0804,1
76248-1,sh0851,1
76248-1,sh0852,1
76248-1,sh0853,1
76248-1,sh0860,1
7625-1,iaj001,1
7625-1,iaj017,1
7625-1,iaj019,1
7625-1,iaj021,1
76252-1,sh0880,1
76252-1,sh0882,1
76252-1,sh0883,1
76252-1,sh0884,1
76252-1,sh0885,1
76252-1,sh0886,1
76252-1,sh0887,1
76253-1,sh0874,1
76253-1,sh0873,1
76254-1,sh0875,1
76255-1,sh0873,1
76255-1,sh0879,1
76255-1,sh0878,1
76255-1,sh0876,1
76255-1,sh0877,1
76256-1,90398pb046,2
76260-1,sh0736,1
76260-1,sh0881,1
7626-1,iaj001,1
7626-1,iaj013,1
7626-1,iaj018,1
7626-1,iaj017,1
76261-1,sh0778,1
76261-1,sh0802,1
76261-1,sh0892,1
76261-1,sh0889,1
76261-1,sh0888,1
76261-1,sh0890,1
76261-1,sh0891,1
76261-1,sh0893,1
76261-1,sh0894,1
76262-1,sh0736,1
76263-1,sh0906,1
76263-1,sh0910,1
76264-1,sh0902,1
76264-1,sh0903,1
76265-1,sh0899,1
76265-1,sh0900,1
76266-1,sh0735,1
76266-1,sh0772,1
76266-1,sh0870,1
76266-1,90398pb046,2
76266-1,sh0896,1
76266-1,sh0897,1
76266-1,sh0898,1
76269-1,sh0730,4
76269-1,90398pb044,2
76269-1,sh0585b,1
76269-1,sh0819,1
76269-1,sh0826,1
76269-1,sh0852,1
76269-1,sh0853,1
76269-1,sh0860,1
76269-1,sh0897,1
76269-1,sh0908,1
76269-1,sh0915,1
76269-1,sh0923,1
76269-1,sh0925,1
76269-1,sh0916,1
76269-1,sh0933,1
76269-1,sh0920,1
76269-1,sh0921,1
76269-1,sh0930,1
76269-1,sh0929,1
76269-1,sh0931,1
76269-1,sh0924,1
76269-1,sh0927,1
76269-1,sh0926,1
76269-1,sh0917,1
76269-1,sh0918,1
76269-1,sh0919,1
76269-1,sh0928,1
76269-1,sh0922,1
76269-1,sh0932,1
76270-1,sh0964,1
7627-1,iaj001,1
7627-1,iaj011,3
7627-1,iaj012,1
7627-1,iaj013,1
7627-1,iaj014,1
7627-1,iaj015,1
7627-1,iaj016,1
7627-1,gen021,1
76271-1,sh0958,1
76271-1,sh0961,1
76271-1,sh0960,1
76271-1,sh0959,1
76272-1,sh0903,1
76272-1,sh0964,1
76272-1,sh0965,1
76274-1,sh0959,1
76274-1,sh0962,1
76274-1,sh0963,1
76275-1,sh0684,1
76275-1,sh0946,1
76276-1,sh0542,1
76276-1,sh0943,1
76277-1,sh0944,1
76278-1,sh0936,1
76278-1,sh0937,1
76279-1,sh0682,1
76279-1,sh0684,1
76279-1,sh0948,1
76280-1,sh0778,1
76280-1,sh0938,1
76280-1,sh0945,1
7628-1,iaj001,1
7628-1,iaj012,1
7628-1,iaj013,1
7628-1,iaj014,1
7628-1,iaj018,1
7628-1,iaj022,1
76281-1,sh0939,1
76281-1,sh0940,1
76281-1,sh0941,1
76281-1,sh0942,1
76282-1,sh0935,1
76286-1,sh0936,1
76286-1,sh0975,1
76286-1,sh0976,1
76286-1,sh0977,1
76286-1,sh0978,1
76287-1,sh0981,1
76287-1,sh0982,1
76288-1,sh0970,1
76288-1,sh0974,1
76288-1,sh0983,2
76289-1,sh0979,1
76289-1,sh0980,2
76290-1,sh0730,1
76290-1,sh0852,1
76290-1,sh0922,1
76290-1,sh0967,1
76290-1,sh0968,1
76291-1,sh0881,1
76291-1,sh0966,1
76291-1,sh0969,1
76291-1,sh0970,2
76291-1,sh0971,1
76291-1,sh0972,1
76291-1,sh0973,1
76291-1,sh0974,1
76292-1,sh1001,1
76292-1,sh1002,1
76292-1,sh1003,1
76292-1,sh1000,1
76292-1,sh1000s,1
76292-1,sh1003s,1
76294-1,sh0942,1
76294-1,sh0994,1
76294-1,sh0996,1
76294-1,sh0993,1
76294-1,sh0992,1
76294-1,sh0995,1
76294-1,sh0991,1
76294-1,sh0997,1
76294-1,sh0990,1
76294-1,sh0989,1
7630-1,cty0113,1
76301-1,sh1004,1
76301-1,sh1005,1
76302-1,sh1006,1
76302-1,sh1007,1
76303-1,sh1021,1
76303-1,sh1022,1
76303-1,sh1023,1
76307-1,sh1008,1
76307-1,sh1009,1
76308-1,sh0684,1
76308-1,sh1010,1
76309-1,sh0684,1
76309-1,sh1027,1
76309-1,sh1028,1
76310-1,sh1008,1
76310-1,sh1019,1
76310-1,sh1026,1
76310-1,sh1036,1
7631-1,cty0105,1
76311-1,sh1029,1
76311-1,sh1030,1
76311-1,sh1031,1
76311-1,sh1032,1
76312-1,sh1043,1
76312-1,sh1044,1
76313-1,sh1015,1
76313-1,sh1011,1
76313-1,sh1012,1
76313-1,sh1013,1
76313-1,sh1014,1
76314-1,sh0736,1
76314-1,sh0929,1
76314-1,sh1012,1
76314-1,sh1017,1
76314-1,sh1016,1
76314-1,sh1018,1
76314-1,sh1019,1
76314-1,sh1020,1
76315-1,sh0974,1
76315-1,sh1041,1
76315-1,sh1039,1
76315-1,sh1038,1
76315-1,sh1040,1
76315-1,sh1042,1
7632-1,cty0125,1
7632-1,cty0126,1
76323-1,sh0730,1
76323-1,sh0736,1
76323-1,sh0802,1
76323-1,sh0896,1
76323-1,sh0929,1
76323-1,sh1018,1
76323-1,sh1019,1
76323-1,sh1045,1
76323-1,sh1046,1
76323-1,sh1047,1
76328-1,sh0986,1
7633-1,cty0034,1
7633-1,cty0111,1
7633-1,cty0113,1
7633-1,cty0110,1
7633-1,cty0114,1
7634-1,cty0136,1
7635-1,twn075,1
7635-1,twn076,1
7636-1,twn047,1
7636-1,twn047a,1
7637-1,cty0133,1
7637-1,cty0135,1
7637-1,cty0134,1
7637-1,cty0134a,1
7638-1,cty0148,1
76382-1,hp272,1
76382-1,hp273,1
76382-1,hp274,1
76383-1,hp266,1
76383-1,hp267,1
76383-1,hp268,1
76384-1,hp270,1
76384-1,hp269,1
76384-1,hp271,1
76385-1,hp264,1
76385-1,hp265,1
76385-1,hp263a,1
76385-1,hp263b,1
76386-1,hp284,1
76386-1,hp285,1
76386-1,hp286,1
76386-1,hp287,1
76387-1,hp276,1
76387-1,hp281,1
76387-1,hp282,1
76387-1,hp283,1
76388-1,hp289,1
76388-1,hp288,1
76388-1,hp290,1
76388-1,hp291,1
76388-1,hp292,1
76388-1,hp293,1
76388-1,hp294,1
76389-1,hp303,1
76389-1,hp304,1
76389-1,hp305,1
76389-1,hp306,1
76389-1,hp307,1
76389-1,hp308,1
76389-1,hp309,1
76389-1,hp310,1
76389-1,hp311,1
76389-1,hp312,1
76389-1,hp314,1
7639-1,cty0143,1
7639-1,cty0144,1
76391-1,hp322,1
76391-1,hp323,1
76391-1,hp324,1
76392-1,hp277,1
76392-1,hp278,1
76392-1,hp279,1
76392-1,hp280,1
76394-1,hp313,1
76395-1,hp254,1
76395-1,hp295,1
76395-1,hp296,1
76395-1,hp298,1
76395-1,hp299,1
76396-1,hp332,1
76396-1,hp333,1
76396-1,hp334,1
76397-1,hp329,1
76397-1,hp330,1
76397-1,hp331,1
76397-1,90398pb045,2
76398-1,hp325,1
76398-1,hp326,1
76398-1,hp327,1
76398-1,hp328,1
76399-1,hp274,1
76400-1,hp346,1
76400-1,hp347,1
76401-1,hp345,1
76401-1,hp364,1
76401-1,hp365,1
76402-1,hp266,1
76402-1,hp282,1
76402-1,hp353,1
76402-1,hp354,1
76402-1,hp355,1
76402-1,hp366,1
76403-1,hp155,1
76403-1,hp344,1
76403-1,hp356,1
76403-1,hp357,1
76403-1,hp358,1
76403-1,hp359,1
76403-1,hp360,1
76403-1,hp361,1
76403-1,hp362,1
76403-1,hp363,1
76405-1,hp155,1
76405-1,hp316,1
76405-1,hp377,1
76405-1,hp378,1
76405-1,hp381,1
76405-1,hp380,1
76405-1,hp382,1
76405-1,hp383,1
76405-1,hp384,1
76405-1,hp386,1
76405-1,hp385,1
76405-1,hp387,1
76405-1,hp388,1
76405-1,hp392,1
76405-1,hp389,1
76405-1,hp390,1
76405-1,hp391,1
76405-1,hp393,1
76405-1,hp376,1
76405-1,hp379,1
76406-1,hp349,1
76407-1,hp180,1
76407-1,hp326,1
76407-1,hp327,1
76407-1,hp348,1
76407-1,hp351,1
76407-1,hp352,1
76407-1,hp367,1
76408-1,hp335,1
76408-1,hp336,1
76408-1,hp337,1
76408-1,hp338,1
76408-1,hp339,1
76408-1,hp340,1
76408-1,hp341,1
76408-1,hp342,1
76408-1,hp343,1
76409-1,hp396,1
76409-1,hp397,1
76409-1,hp398,1
76410-1,hp399,1
76410-1,hp400,1
76410-1,hp401,1
7641-1,cty0146,1
7641-1,chef019,1
7641-1,cty0147,1
7641-1,cty0145,1
7641-1,cty0145a,1
7641-1,ovr037,1
7641-1,ovr037a,1
76411-1,hp402,1
76411-1,hp403,1
76411-1,hp404,1
76412-1,hp405,1
76412-1,hp406,1
76412-1,hp407,1
76413-1,hp408,1
76413-1,hp409,1
76413-1,hp410,1
76413-1,hp411,1
76413-1,hp412,1
76414-1,hp419,1
76414-1,hp420,1
76415-1,hp421,1
76415-1,hp425,1
76415-1,hp423,1
76415-1,hp426,1
76415-1,hp422,1
76415-1,hp424,1
76416-1,hp427,1
76416-1,hp428,1
76416-1,hp429,1
76416-1,hp430,1
76417-1,hp144,1
76417-1,hp449,1
76417-1,hp443,1
76417-1,hp446,1
76417-1,hp445,1
76417-1,hp455,1
76417-1,hp451,1
76417-1,hp448,1
76417-1,hp452,1
76417-1,hp453,1
76417-1,hp450,1
76417-1,hp454,1
76417-1,hp447,1
76419-1,hp464,1
76420-1,hp413,1
76420-1,hp414,1
76420-1,hp415,1
76420-1,hp416,1
76420-1,hp417,1
7642-1,cty0139,1
7642-1,cty0140,1
7642-1,cty0141,1
7642-1,cty0142,1
7642-1,cty0142a,1
76422-1,hp431,1
76422-1,hp432,1
76422-1,hp433,1
76422-1,hp434,1
76422-1,hp435,1
76422-1,hp436,1
76422-1,hp437,1
76423-1,hp144,1
76423-1,hp254,1
76423-1,hp283,1
76423-1,hp379,1
76423-1,hp438,1
76423-1,hp439,1
76423-1,hp440,1
76423-1,hp441,1
76424-1,hp481,1
76424-1,hp482,1
76426-1,hp378,1
76426-1,hp473,1
76426-1,hp470,1
76426-1,hp472,1
76426-1,hp471,1
76428-1,hp254,1
76428-1,hp474,1
76428-1,hp475,1
76428-1,hp476,1
76428-1,hp477,1
76429-1,hp466,1
76430-1,hp478,1
76430-1,hp467,1
76430-1,hp469,1
7643-1,twn050,1
7643-1,twn051,1
76431-1,hp468,1
76431-1,hp491,1
76431-1,hp492,1
76431-1,hp493,1
76432-1,hp283,1
76432-1,hp468,1
76434-1,hp495,1
76434-1,hp496,1
76435-1,hp281,1
76435-1,hp283,1
76435-1,hp468,1
76435-1,hp489,1
76435-1,hp488,1
76435-1,hp485,1
76435-1,hp480,1
76435-1,hp490,1
76435-1,hp487,1
76435-1,hp486,1
76435-1,hp484,1
76437-1,hp509,1
76437-1,hp512,1
76437-1,hp513,1
76437-1,hp508,1
76437-1,hp514,1
76437-1,hp517,1
76437-1,hp511,1
76437-1,hp510,1
76437-1,hp515,1
76437-1,hp516,1
76439-1,hp449,1
76439-1,hp504,1
76439-1,hp502,1
76439-1,hp503,1
76439-1,hp505,1
76439-1,hp506,1
76440-1,hp494,1
76440-1,hp499,1
76440-1,hp500,1
76440-1,hp498,1
76440-1,hp497,1
7644-1,mm001,1
7644-1,mm007,1
7644-1,mm010,1
7644-1,mm012,1
7644-1,mm015,1
76441-1,hp254,1
76441-1,hp314,1
76441-1,hp493,1
76441-1,hp535,1
76442-1,hp283,1
76442-1,hp468,1
76442-1,hp536,1
76444-1,90398pb053,2
76444-1,90398pb055,2
76444-1,90398pb056,2
76444-1,90398pb061,2
76444-1,90398pb063,2
76444-1,90398pb064,2
76444-1,90398pb062,2
76444-1,90398pb057,2
76444-1,90398pb058,2
76444-1,90398pb059,2
76444-1,90398pb054,2
76444-1,90398pb060,2
76446-1,hp544,1
76446-1,hp545,1
76446-1,hp546,1
76446-1,hp547,1
76447-1,hp254,1
76447-1,hp281,1
76447-1,hp539,1
76447-1,hp540,1
76447-1,hp541,1
76447-1,hp542,1
76447-1,hp543,1
7645-1,mm001,2
7645-1,mm007,1
7645-1,mm010,1
7645-1,mm011,1
7645-1,mm012,1
76453-1,hp526,1
76453-1,hp527,1
76453-1,hp528,1
76453-1,hp529,1
76453-1,hp530,1
76453-1,hp531,1
76453-1,hp532,1
76453-1,hp533,1
76453-1,hp534,1
7646-1,mm001,1
7646-1,mm009,1
7646-1,mm010,1
7646-1,mm011,1
7647-1,mm001,1
7647-1,mm004,1
7648-1,mm001,1
7648-1,mm007,1
7649-1,mm010,1
7649-1,mm013,1
7649-1,mm014,1
7654-1,sw0001b,4
7654-1,sw0092,3
7655-1,sw0126,2
7655-1,sw0091,1
7655-1,sw0128a,1
7656-1,sw0134a,1
7657-1,sw0093,1
7658-1,sw0094,1
7658-1,sw0029,1
7658-1,sw0029a,1
7659-1,sw0035b,1
7659-1,sw0036b,2
7659-1,sw0188,2
7659-1,sw0109a,2
7659-1,sw0199,2
7660-1,sw0028,1
7660-1,sw0159,1
7660-1,sw0160,1
7661-1,sw0162,1
7661-1,sw0163,1
7662-1,sw0001c,16
7662-1,sw0095,2
7662-1,sw0096,2
7662-1,sw0164,1
7663-1,sw0003,1
7664-1,sw0166a,2
7665-1,sw0168,1
7665-1,sw0169,1
7665-1,sw0170,1
7665-1,sw0173,1
7665-1,sw0172,1
7665-1,sw0172a,1
7666-1,sw0115,2
7666-1,sw0090,1
7666-1,sw0165,1
7666-1,sw0167,2
7666-1,sw0012b,1
7666-1,sw0171,1
7667-1,sw0188,3
7667-1,sw0166a,1
7668-1,sw0187,4
7669-1,sw0028,1
7669-1,sw0183,1
7669-2,sw0028,1
7669-2,sw0183,1
7670-1,sw0092,1
7670-1,sw0001c,2
7670-1,sw0184,1
7670-1,sw0964,1
7670-2,sw0092,1
7670-2,sw0001c,2
7670-2,sw0184,1
7670-2,sw0964,1
7671-1,sw0189,2
7672-1,sw0180,1
7672-1,sw0181,1
7672-1,sw0182,1
7673-1,sw0190,2
7674-1,sw0191,1
7675-1,sw0001b,1
7675-1,sw0183,1
7675-1,sw0192,1
7675-1,sw0193,1
7675-1,sw0194,1
7675-1,sw0201,1
7676-1,sw0196,1
7676-1,sw0197,1
7676-1,sw0195,1
7676-1,sw0198,1
7676-1,sw0200,1
7676-1,sw0311,2
76780-1,wed002,1
7678-1,sw0001b,1
7678-1,sw0001d,2
76781-1,wed001,1
76781-1,wed004,1
76781-1,wed003,1
76781-1,wed005,1
76781-1,wed002,1
7679-1,sw0201,1
7679-1,sw0203,1
7680-1,sw0028,1
7680-1,sw0183,1
7680-1,sw0192,1
7680-1,sw0193,1
7681-1,sw0092,1
7681-1,sw0001c,1
7681-1,sw0184,1
7681-1,sw0201,1
7681-1,sw0202a,1
7681-1,sw0202b,1
7682-1,iaj024,1
7682-1,iaj025,1
7682-1,iaj026,1
7682-1,iaj027,1
7682-1,iaj028,1
76830-1,dis070,1
76830-1,dis071,1
7683-1,iaj001,1
7683-1,iaj007,1
7683-1,iaj023,1
7683-1,iaj029,1
76831-1,dis065,1
76831-1,dis069,1
76832-1,dis066,1
76832-1,dis067,1
76832-1,dis068,1
7684-1,cty0170,1
7684-1,cty0171,1
7685-1,cty0041,1
7686-1,cty0150,1
7686-1,cty0151,1
7686-1,cty0152,1
7688-1,cty0175,1
76895-1,sc082,1
76896-1,sc081,1
76897-1,sc083,1
76898-1,sc079,1
76898-1,sc080,1
76899-1,sc084,1
76899-1,sc085,1
76900-1,sc094,1
7690-1,mm001,4
7690-1,mm007,1
7690-1,mm008,1
7690-1,mm009,1
7690-1,mm012,1
76901-1,sc087,1
76902-1,sc086,1
76903-1,sc088,1
76903-1,sc089,1
76904-1,sc090,1
76904-1,sc091,1
76905-1,sc092,1
76905-1,sc093,1
76906-1,sc097,1
76907-1,sc096,1
76908-1,sc095,1
76909-1,sc100,1
76909-1,sc101,1
76910-1,sc098,1
76910-1,sc099,1
7691-1,mm001,5
7691-1,mm008,1
7691-1,mm009,1
76911-1,sc102,1
76912-1,sc103,1
76914-1,sc105,1
76915-1,sc109,1
76916-1,sc106,1
76917-1,sc104,1
76918-1,sc108,1
76918-1,sc107,1
76919-1,sc112,1
76920-1,sc114,1
7692-1,mm001,4
7692-1,mm003,1
7692-1,mm004,1
76921-1,sc113,1
76922-1,sc110,1
76922-1,sc111,1
76923-1,sc115,1
76924-1,sc118,1
76924-1,sc119,1
76925-1,sc116,1
76925-1,sc117,1
7693-1,mm001,2
7693-1,mm004,1
76934-1,sc121,1
76935-1,sc120,1
76939-1,jw021,1
76939-1,jw069,1
76939-1,jw070,1
76940-1,jw023,1
76940-1,jw075,1
7694-1,mm001,1
7694-1,mm002,1
76941-1,jw023,1
76941-1,jw071,1
76941-1,jw072,1
76942-1,jw023,1
76942-1,jw067,1
76942-1,jw073,1
76942-1,jw074,1
76943-1,jw088,1
76943-1,jw089,1
76944-1,jw090,1
76944-1,jw091,1
76944-1,jw100,1
76945-1,jw048,1
76945-1,jw077,1
76946-1,jw078,1
76946-1,jw095,1
76947-1,jw048,1
76947-1,jw079,1
76947-1,jw084,1
76948-1,jw048,1
76948-1,jw077,1
76948-1,jw080,1
76948-1,jw079,1
76949-1,jw048,1
76949-1,jw079,1
76949-1,jw081,1
76949-1,jw082,1
76949-1,jw083,1
76949-1,jw084,1
76950-1,jw087,1
76950-1,jw092,1
76950-1,jw093,1
76950-1,jw094,1
7695-1,mm001,1
7695-1,mm003,1
76951-1,jw082,1
76951-1,jw085,1
76951-1,jw086,1
76956-1,jw096,1
76956-1,jw097,1
76956-1,jw098,1
76956-1,jw099,1
76957-1,jw115,1
76957-1,jw116,1
76958-1,jw106,1
76959-1,jw107,1
76959-1,jw108,1
76960-1,jw105,1
76960-1,jw104,1
76960-1,jw103,1
7696-1,air048,1
7696-1,twn136,1
76961-1,jw109,1
76961-1,jw110,1
76961-1,jw111,1
76961-1,jw112,1
76961-1,jw113,1
76961-1,jw114,1
76963-1,jw119,1
76963-1,jw120,1
76965-1,jw122,1
76965-1,jw121,1
76966-1,jw123,1
76966-1,jw124,1
76966-1,jw125,1
76966-1,jw126,1
76968-1,jw128,1
76968-1,jw129,1
76969-1,jw127,1
7697-1,mm001,2
7697-1,mm007,1
76989-1,hfw001,1
76989-1,hfw002,1
76990-1,son004,1
76990-1,son011,1
7699-1,mm001,2
7699-1,mm003,1
7699-1,mm007,1
7699-1,mm008,1
76991-1,son001,1
76991-1,son002,1
76991-1,son008,1
76992-1,son002,1
76992-1,son005,1
76992-1,son006,1
76993-1,son003,1
76993-1,son004,1
76993-1,son007,1
76994-1,son001,1
76994-1,son003,1
76994-1,son005,1
76994-1,son009,1
76994-1,son010,1
76995-1,son012,1
76995-1,son013,1
76996-1,son016,1
76996-1,son015,1
76997-1,son018,1
76997-1,son024,1
76997-1,son025,1
76998-1,son005,1
76998-1,son021,1
76998-1,son020,1
76999-1,son003,1
76999-1,son017,1
76999-1,son019,1
76999-1,son023,1
76999-1,son022,1
7700-1,exf005,1
77001-1,son027,1
77002-1,son028,1
77002-1,son029,1
77003-1,son019,1
77003-1,son026,1
770-1,old006,2
770-1,old021,1
770-1,old047s,2
7701-1,exf006,1
77012-1,iaj046,1
77012-1,iaj047,1
77012-1,iaj048,1
77013-1,iaj049,1
77013-1,iaj050,1
77013-1,iaj051,1
77013-1,iaj052,1
77015-1,gen099,1
77015-1,iaj053,1
77015-1,iaj054,1
77015-1,iaj055,1
77015-1,iaj056,1
7702-1,exf009,1
7703-1,exf010,1
77037-1,hrz001,1
77037-1,hrz002,1
7704-1,exf004,1
77046-1,ani008,1
77047-1,ani009,1
77048-1,ani005,1
77048-1,ani006,1
77049-1,ani003,1
77049-1,ani004,1
77050-1,ani001,1
77050-1,ani002,1
7705-1,exf002,1
7705-1,exf003,3
7705-1,exf001,1
77051-1,ani010,1
77051-1,ani011,1
77052-1,ani012,1
77052-1,ani013,1
77052-1,ani014,1
77053-1,ani020,1
77054-1,ani015,1
77054-1,ani016,1
77055-1,ani017,1
77055-1,ani018,1
7706-1,exf002,1
7706-1,exf007,1
7707-1,exf003,2
7707-1,exf008,4
77073-1,fort001,1
77073-1,fort002,1
77073-1,fort003,1
77073-1,fort004,1
77073-1,fort005,1
77073-1,fort006,1
77073-1,fort007,1
77073-1,fort008,1
77073-1,fort009,1
7708-1,exf007,1
7709-1,exf003,2
7709-1,exf001,1
7709-1,exf005,1
7709-1,exf006,1
7709-1,exf007,1
7709-1,exf011,1
7709-1,exf012,1
7709-1,exf013,1
77092-1,loz001,1
77092-1,loz002,1
77092-1,loz003,1
77092-1,loz004,1
7710-1,trn068,1
7710-1,but020,1
7710-1,pln058,1
7710-1,pln072,1
7710-1,pln073,1
7711-1,exf008,1
7712-1,exf006,1
7713-1,exf001,1
7713-1,exf012,1
7713-1,exf018,2
7714-1,exf019,1
7715-1,trn068,1
7715-1,fmf001,1
7715-1,but020,1
7715-1,pln068,1
7715-1,pln074,1
7720-1,trn068,1
7720-1,but011,1
7720-1,but020,1
7721-1,exf008,1
7721-1,exf009,1
7721-1,exf014,1
7722-1,post001,1
7722-1,ovr008,1
7722-1,but020,1
7723-1,cty0106,1
77242-1,sc122,1
77243-1,sc123,1
77244-1,sc124,1
77245-1,sc125,1
77246-1,sc126,1
77247-1,sc127,1
77248-1,sc128,1
77249-1,sc129,1
77250-1,sc130,1
7725-1,trn068,1
77251-1,sc131,1
7726-1,cty0089,1
7726-1,cty0078,1
7727-1,but011,1
7727-1,but020,1
7730-1,but011,1
7730-1,but020,1
7731-1,post006,1
7732-1,post007,1
7733-1,cty0103,1
7733-1,cty0104,1
7734-1,air039,1
7734-1,cty0053,1
7734-1,cty0054,1
7735-1,but020,1
7735-1,shell010,1
7736-1,cty0075,1
7737-1,cty0070,1
7738-1,cty0071,1
7738-1,cty0072,1
7738-1,cty0076,1
7738-1,cty0073a,1
7739-1,cty0077,1
7739-1,cty0089,1
7739-1,cty0108,1
7739-1,cty0070,1
7740-1,chef004,1
7740-1,trn068,2
7740-1,pln024,1
7740-1,pln057,1
7740-1,pln058,2
7740-1,pln059,1
7740-1,pln060,1
7740-1,pln061,1
7741-1,cty0027,1
7743-1,cty0007,1
7743-1,cty0027,1
7743-1,cty0094,1
7743-1,cty0095,1
7744-1,cty0007,1
7744-1,cty0097,1
7744-1,cty0098,1
7744-1,cty0099,1
7744-1,cty0100,1
7744-1,cty0101,1
7744-1,cty0102,1
7745-1,chef004,1
7745-1,trn068,2
7745-1,fmf001,1
7745-1,fmf002,1
7745-1,pln001,1
7745-1,pln003,1
7745-1,pln002,1
7745-1,pln102,1
7745-1,mmf005,1
7746-1,cty0125,1
7746-1,cty0124,1
7747-1,ovr038,1
7747-1,ovr039,1
7748-1,sw0001c,2
7748-1,sw0233,2
7749-1,sw0115,2
7749-1,sw0252,2
7749-1,sw0253,1
7749-1,sw0253a,1
7750-1,but011,1
7750-1,but020,1
7751-1,sw0136,2
7751-1,sw0192,1
7751-1,sw0231,1
7752-1,sw0190,2
7752-1,sw0225,1
7752-1,sw0224,1
7753-1,sw0197,1
7753-1,sw0245,1
7753-1,sw0246,1
7754-1,sw0247,1
7754-1,sw0248,1
7754-1,sw0249,1
7754-1,sw0250,1
7754-1,sw0251,1
7754-1,sw0031b,1
7755-1,but020,1
7760-1,trn068,1
7760-1,pln085,1
7770-1,aqu022,1
7771-1,aqu021,1
7771-1,aqu025,1
7772-1,aqu019,1
7772-1,aqu016a,1
7773-1,aqu023,1
7773-1,aqu025,1
7774-1,gen004,1
7774-1,aqu024,1
7774-1,aqu023,1
7775-1,gen016,1
7775-1,aqu017,1
7775-1,aqu018,1
7775-1,aqu015a,1
7775-1,aqu016a,1
7776-1,gen017,1
7776-1,aqu027,1
7776-1,aqu026,1
7779-1,bat001,1
7779-1,bat003,1
7780-1,bat001,1
7780-1,bat008,1
7781-1,bat002,1
7781-1,bat006,1
7781-1,bat004,1
7781-1,bat004a,1
7782-1,bat001,1
7782-1,bat005,1
7782-1,bat007,1
7783-1,bat002,1
7783-1,bat009,1
7783-1,bat010,1
7783-1,bat012,1
7783-1,bat013,1
7783-1,bat014,1
7783-1,bat011c01,1
7785-1,bat002,1
7785-1,bat016,1
7785-1,bat017,1
7785-1,bat018,1
7785-1,bat015,1
7785-1,bat020,1
7785-1,bat019,1
7786-1,bat016,1
7786-1,bat022,1
7787-1,bat021,1
7787-1,bat022,1
7787-1,bat023,1
7789-1,toy010,1
7790-1,47205pb002,1
77902-1,sh0605,1
77902-1,sh0597a,1
77903-1,sh0016b,1
77905-1,sh0674,1
77905-1,sh0675,1
77905-1,sh0676,1
77906-1,colsh02,1
77906-1,colsh06,1
77906-1,sh0677,1
77907-1,mar0010,1
7792-1,47205pb002,1
7792-1,47205pb008,1
7793-1,pck024,1
77943-1,cty1355,1
77943-1,cty1416,1
77943-1,cty1417,1
77944-1,cty0965,1
77944-1,cty0967,1
77944-1,cty1596,1
77944-1,cty1597,1
77944-1,cty1598,1
77944-1,cty1599,1
7795-1,twn064,1
7795-1,pln109,1
7795-1,par059,1
7810-1,but020,1
7813-1,shell012,1
7814-1,but011,2
7815-1,pln030,1
7815-1,pln068,1
7816-1,pln154,1
7816-1,shell014,1
7817-1,but011,1
7818-1,pln030,1
7818-1,pln069,1
7819-1,post001,1
7820-1,but011,1
7820-1,pln018,1
7821-1,but011,2
7822-1,trn068,1
7822-1,but011,1
7822-1,pln058,1
7823-1,but011,1
7823-1,jred014,1
7824-1,chef004,1
7824-1,trn068,1
7824-1,but011,1
7824-1,pln024,1
7824-1,but020,1
7824-1,trn097,1
7824-1,but023,1
7824-1,ncklc009,1
7824-1,but024,1
7834-1,pln084,1
7835-1,trn068,1
7838-1,but011,1
7838-1,jred014,1
7838-1,jred016,1
7839-1,trn068,1
7839-1,pln068,1
7840-1,47394pb044,1
7840-1,47394pb045,1
7840-1,47394pb069,2
7840-1,47394pb043,1
7840-1,47394pb177,1
7841-1,47394pb080,1
7841-1,47394pb082,1
7841-1,47394pb023,1
7841-1,47394pb023a,1
7842-1,47394pb069,1
7843-1,47394pb045,1
7843-1,47394pb069,1
7843-1,47394pb042,1
7844-1,47394pb042,1
7844-1,47394pb077,1
7846-1,47394pb017,1
7846-1,47394pb054,1
7846-1,47394pb112,1
7848-1,cty0177,1
7848-1,cty0184,1
7848-1,cty0185,1
7866-1,but020,1
7868-1,sw0001b,2
7868-1,sw0220,1
7868-1,sw0312,1
7868-1,sw0313,1
7869-1,sw0001c,2
7869-1,sw0230,1
7869-1,sw0310,1
7869-1,sw0314,1
7877-1,sw0217,1
7877-1,sw0340,1
7877-1,sw0347,2
7877-1,sw0348,1
7877-1,sw0349,1
7879-1,sw0011a,1
7879-1,sw0115,2
7879-1,sw0342,1
7879-1,sw0343,1
7879-1,sw0344,1
7879-1,sw0345,1
7879-1,sw0346,1
7880-1,47394pb060,1
7880-1,47394pb088,1
7880-1,47394pb089,1
7880-1,47394pb090,1
7881-1,47394pb050,1
7881-1,47394pb088,1
7882-1,47394pb060,1
7883-1,47394pb049,1
7883-1,47394pb050,1
7884-1,bat011i,1
7884-1,bat024,1
7885-1,bat010,1
7885-1,bat025,1
7886-1,bat024,1
7886-1,bat026,1
7888-1,bat005,1
7888-1,bat007,1
7888-1,bat024,1
7890-1,cty0017,1
7891-1,cty0018,1
7892-1,cty0082,1
7892-1,doc021,1
7892-1,doc022,1
7892-1,doc023,1
7893-1,air022,1
7893-1,twn028,1
7893-1,twn027,1
7893-1,air023,1
7893-2,air022,1
7893-2,twn028,1
7893-2,twn027,1
7893-2,air023,1
7894-1,air022,1
7894-1,air034,1
7894-1,air035,1
7894-1,cty0083,1
7894-1,cty0084,1
7894-2,air022,1
7894-2,air034,1
7894-2,air035,1
7894-2,cty0083,1
7894-2,cty0084,1
7897-1,trn128,1
7897-1,twn033,1
7897-1,twn035,1
7898-1,cty0079,1
7898-1,trn130,1
7898-1,trn131,1
7898-1,trn129a,1
7898-1,trn132,1
7899-1,cty0007,1
7899-1,cty0025,1
7899-1,cty0027,1
79000-1,lor031,1
79000-1,lor030,1
7900-1,cty0029,1
79001-1,lor034,1
79001-1,lor035,1
79001-1,lor036,1
79001-1,lor037,1
79002-1,lor038,1
79002-1,lor039,1
79002-1,lor040,1
79002-1,lor041,1
79002-1,lor048,1
79003-1,lor001,1
79003-1,lor029,1
79003-1,lor051,1
79003-1,lor050,1
79003-1,lor052,1
79003-1,lor049,1
79004-1,lor030,1
79004-1,lor053,1
79004-1,lor054,1
79004-1,lor055,1
79004-1,lor056,1
79005-1,lor058,1
79005-1,lor061,1
79006-1,lor013,1
79006-1,lor059,1
79006-1,lor060,1
79006-1,lor062,1
79007-1,lor024,1
79007-1,lor063,1
79007-1,lor064,1
79007-1,lor065,1
79007-1,lor066,1
79008-1,lor013,1
79008-1,lor015,1
79008-1,lor017,1
79008-1,lor024,1
79008-1,lor067,1
79008-1,lor068,1
79008-1,lor069,1
79008-1,lor070,1
79008-1,lor071,1
79010-1,lor001,1
79010-1,lor042,1
79010-1,lor043,1
79010-1,lor044,1
79010-1,lor045,1
79010-1,lor046,1
79010-1,lor047,1
79010-1,lor032,1
7901-1,air031,1
79011-1,lor075,1
79011-1,lor076,1
79011-1,lor077,1
79012-1,lor078,2
79012-1,lor079,1
79012-1,lor080,1
79012-1,lor088,1
79012-1,lor089,1
79013-1,lor030,1
79013-1,lor085,1
79013-1,lor086,1
79013-1,lor084,1
79013-1,lor083,1
79014-1,gen001,1
79014-1,lor073,1
79014-1,lor081,1
79014-1,lor087,1
79014-1,lor082,1
79014-1,lor090,1
79014-1,lor088,1
79014-1,lor089,1
79015-1,lor103,1
79015-1,lor104,1
79015-1,lor105,1
79016-1,lor098,1
79016-1,lor099,1
79016-1,lor100,1
79016-1,lor101,1
79016-1,lor102,1
79017-1,lor035,1
79017-1,lor092,1
79017-1,lor106,1
79017-1,lor107,1
79017-1,lor109,1
79017-1,lor110,2
79018-1,lor093,1
79018-1,lor094,1
79018-1,lor095,1
79018-1,lor096,1
79018-1,lor097,1
7902-1,doc024,1
7903-1,cty0079,1
7903-1,cty0080,1
7903-1,cty0081,1
7905-1,cty0079,1
7905-1,cty0031,1
7905-1,cty0032,1
7906-1,cty0043,1
7906-1,cty0044,1
7906-1,cty0045,1
79100-1,tnt011,1
79100-1,tnt012,1
79101-1,tnt011,1
79101-1,tnt020,1
79101-1,tnt019,1
79102-1,tnt011,1
79102-1,tnt014,1
79102-1,tnt015,1
79103-1,tnt007,1
79103-1,tnt008,1
79103-1,tnt009,1
79103-1,tnt010,1
79103-1,tnt011,1
79103-1,tnt054,1
79104-2,tnt002,1
79104-2,tnt003,1
79104-2,tnt004,1
79104-2,tnt005,1
79104-2,tnt006,1
79104-3,tnt002,1
79104-3,tnt003,1
79104-3,tnt004,1
79104-3,tnt005,1
79104-3,tnt006,1
79105-1,tnt015,1
79105-1,tnt016,1
79105-1,tnt017,1
79105-1,tnt018,1
79105-1,tnt013,1
79106-1,tlr001,1
79106-1,tlr019,1
79106-1,tlr020,1
79106-1,tlr021,1
79107-1,tlr001,1
79107-1,tlr002,1
79107-1,tlr003,1
79108-1,tlr001,1
79108-1,tlr002,1
79108-1,tlr011,1
79108-1,tlr018,1
79108-1,tlr017,1
79109-1,tlr001,1
79109-1,tlr002,1
79109-1,tlr004,1
79109-1,tlr005,1
79109-1,tlr006,1
79110-1,tlr007,1
79110-1,tlr008,1
79110-1,tlr009,1
79110-1,tlr010,1
79110-1,tlr012,1
79111-1,tlr001,1
79111-1,tlr002,1
79111-1,tlr008,1
79111-1,tlr013,1
79111-1,tlr014,1
79111-1,tlr015,1
79111-1,tlr016,1
79115-1,tnt040,1
79115-1,tnt041,1
79115-1,tnt042,1
79115-1,tnt043,1
79116-1,tnt044,1
79116-1,tnt045,1
79116-1,tnt046,1
79116-1,tnt047,1
79116-1,tnt048,2
79117-1,tnt043,2
79117-1,tnt049,1
79117-1,tnt050,1
79117-1,tnt051,1
79117-1,tnt052,1
79118-1,tnt023,1
79118-1,tnt024,1
79119-1,tnt025,1
79119-1,tnt026,1
79119-1,tnt027,1
79120-1,tnt022,1
79120-1,tnt028,1
79120-1,tnt029,1
79120-1,tnt030,1
79121-1,tnt031,1
79121-1,tnt032,1
79121-1,tnt033,1
79121-1,tnt034,2
79122-1,tnt011,1
79122-1,tnt035,1
79122-1,tnt036,1
79122-1,tnt037,1
79122-1,tnt038,1
7913-1,sw0297,1
7913-1,sw0298,1
7913-1,sw0299,2
7914-1,sw0296,4
7915-1,sw0303,1
7915-1,sw0304,1
7917-1,nba057,1
7917-1,nba057s,1
7918-1,nba058,1
7918-1,nba058s,1
791901-1,hs001,1
791902-1,hs030,1
791903-1,hs019,1
7919-1,hky012,1
7919-1,hky012s,1
792004-1,hs041,1
792005-1,hs056,1
792006-1,hs002,1
792007-1,hs064,1
792008-1,hs068,1
792009-1,hs067,1
7920-1,hky011,1
7920-1,hky011s,1
7921-1,gg011,1
7921-1,gg011s,1
7922-1,gg012,1
7922-1,gg012s,1
7923-1,soc153,1
7923-1,soc153s,1
7924-1,soc152,1
7924-1,soc152s,1
7929-1,sw0001c,8
7929-1,sw0300,2
7929-1,sw0301,1
7929-1,sw0302,1
7930-1,sw0222,1
7930-1,sw0305,1
7930-1,sw0306,1
7930-1,sw0307,1
7931-1,sw0183,1
7931-1,sw0197,1
7931-1,sw0308,1
7931-1,sw0309,1
7936-1,trn224,1
7937-1,twn108,1
7937-1,trn223,1
7937-1,cty0179,1
7937-1,cty0179a,1
7937-1,cty0180,1
7937-1,cty0180a,1
7938-1,cty0182,1
7938-1,twn109,1
7938-1,trn148,1
7939-1,trn225,1
7939-1,trn226,1
7939-1,trn228,1
7939-1,trn227,1
7939-1,trn227a,1
7942-1,cty0047,1
7944-1,cty0087,1
7944-1,cty0085,1
7944-1,cty0086,1
7945-1,wc021,1
7945-1,cty0043,1
7945-1,cty0088,1
7945-1,cty0090,1
7946-1,cas441,1
7946-1,cas445,1
7946-1,cas446,1
7946-1,cas448,1
7946-1,cas451,1
7946-1,cas452,1
7946-1,cas456,1
7946-1,cas457,1
7947-1,cas442,1
7947-1,cas443,1
7947-1,cas450,1
7947-1,cas454,1
7947-1,cas458,1
7948-1,cas447,1
7948-1,cas449,1
7948-1,cas455,1
7949-1,cas438,1
7949-1,cas439,1
7949-1,cas440,1
7950-1,cas444,1
7950-1,cas453,1
7951-1,6453pb006,1
7953-1,cas437,1
7955-1,cas435,1
7956-1,sw0005a,1
7956-1,sw0338,1
7956-1,sw0339,1
7957-1,sw0316,1
7957-1,sw0317,1
7957-1,sw0318,1
7959-1,sw0319,1
7959-1,sw0320,1
7959-1,sw0341,1
7961-1,sw0321,1
7961-1,sw0322,1
7961-1,sw0324,1
7961-1,sw0323,1
7962-1,sw0325,1
7962-1,sw0326,1
7962-1,sw0327,1
7962-1,sw0328,1
7962-1,sw0329,1
7964-1,sw0219,1
7964-1,sw0330,1
7964-1,sw0331,1
7964-1,sw0332,1
7964-1,sw0333,1
7965-1,sw0011a,1
7965-1,sw0277,1
7965-1,sw0334,1
7965-1,sw0335,1
7965-1,sw0336,1
7965-1,sw0337,1
7976-1,atl018,1
7977-1,atl016,1
7977-1,atl017,1
7978-1,atl014,1
7978-1,atl015,1
7984-1,atl017,1
7984-1,atl023,1
7985-1,atl015,1
7985-1,atl019,1
7985-1,atl020,1
7985-1,atl022,1
7985-1,atl024,1
7990-1,ovr031,1
7991-1,cty0046,1
7992-1,cty0034,1
7993-1,oct060,1
7993-1,twn060,1
7993-1,cty0060,1
7994-1,cty0031,1
7994-1,ovr027,1
7994-1,boat009,1
7994-1,ovr030,1
7994-1,boat011,1
7997-1,trn138,1
7997-1,trn139,1
7997-1,trn140,1
7997-1,trn141,1
7997-1,trn142,1
7998-1,cty0048,1
80006-1,mk002,2
80006-1,mk003,1
80006-1,mk021,1
80007-1,mk002,2
80007-1,mk004,1
80007-1,mk021,1
80008-1,mk001,1
80008-1,mk006,1
80008-1,mk002,1
80008-1,mk005,1
80009-1,mk002,2
80009-1,mk007,1
80009-1,mk008,1
80009-1,mk009,1
80010-1,mk001,1
80010-1,mk010,1
80010-1,mk011,1
80011-1,mk002,3
80011-1,mk007,1
80011-1,mk014,1
80011-1,mk013,1
80011-1,mk012,1
80012-1,mk002,1
80012-1,mk017,1
80012-1,mk018,1
80012-1,mk016,1
80012-1,mk015,1
80012-1,mk019,1
80013-1,mk002,2
80013-1,mk011,1
80013-1,mk017,1
80013-1,mk019,1
80013-1,mk020,1
80013-1,mk004,1
80013-1,mk003,1
80014-1,mk001,1
80014-1,mk008,1
80014-1,mk004,1
80014-1,mk022,1
80015-1,mk019,1
80015-1,mk023,1
80015-1,mk024,1
80015-1,mk025,1
80015-1,mk026,1
80015-1,mk026a,1
80016-1,mk001,1
80016-1,mk002,2
80016-1,mk010,1
80016-1,mk012,1
80016-1,mk003,1
80016-1,mk027,1
80018-1,mk036,1
80018-1,mk037,1
80018-1,mk038,1
80019-1,mk001,1
80019-1,mk012,1
80019-1,mk048,1
80020-1,mk042,1
80020-1,mk043,1
80020-1,mk044,1
80021-1,mk039,1
80021-1,mk043,1
80021-1,mk047,1
80021-1,mk058,1
80021-1,mk059,1
80022-1,mk018,1
80022-1,mk033,1
80022-1,mk039,1
80022-1,mk040,1
80022-1,mk041,1
80022-1,mk049,1
80023-1,mk004,1
80023-1,mk039,1
80023-1,mk042,1
80023-1,mk043,1
80023-1,mk053,1
80023-1,mk054,1
80023-1,mk055,1
80023-1,mk056,1
80023-1,mk057,1
80024-1,mk028,1
80024-1,mk029,1
80024-1,mk030,1
80024-1,mk031,1
80024-1,mk032,1
80024-1,mk033,1
80024-1,mk034,1
80024-1,mk035,1
80025-1,mk004,1
80025-1,mk043,1
80025-1,mk060,1
80026-1,mk061,1
80026-1,mk062,1
80026-1,mk063,1
80026-1,mk064,1
80028-1,mk042,1
80028-1,mk050,1
80028-1,mk051,2
80028-1,mk052,1
80030-1,mk033,1
80030-1,mk092,1
80031-1,mk076,2
80031-1,mk087,1
80031-1,mk088,1
80032-1,mk079,1
80032-1,mk080,1
80032-1,mk081,1
80033-1,mk076,1
80033-1,mk087,1
80033-1,mk089,1
80033-1,mk090,1
80033-1,mk091,1
80034-1,gen047,1
80034-1,mk033,1
80034-1,mk074,1
80034-1,mk075,1
80034-1,mk076,1
80034-1,mk077,1
80034-1,mk078,1
80035-1,mk076,1
80035-1,mk082,1
80035-1,mk083,1
80035-1,mk084,1
80035-1,mk085,1
80035-1,mk086,1
80035-1,mk093,1
80036-1,mk062,1
80036-1,mk066,1
80036-1,mk067,1
80036-1,mk068,1
80036-1,mk069,1
80036-1,mk070,1
80036-1,mk071,1
80036-1,mk072,1
80036-1,mk073,1
80037-1,mk076,1
80037-1,mk094,1
80037-1,mk095,1
80037-1,mk097,1
80038-1,mk042,1
80038-1,mk076,2
80038-1,mk091,1
80038-1,mk104,1
80038-1,mk105,1
80039-1,mk066,1
80039-1,mk096,1
80039-1,mk099,1
80039-1,mk098,1
80039-1,mk100,1
80039-1,mk101,1
80039-1,mk102,1
80039-1,mk103,1
80040-1,mk074,1
80040-1,mk106,1
80041-1,mk042,1
80041-1,mk106,1
80041-1,mk107,1
80043-1,mk106,1
80043-1,mk107,1
80043-1,mk108,1
80043-1,mk109,1
80043-1,mk110,1
80044-1,mk109,1
80044-1,mk111,1
80044-1,mk112,1
80044-1,mk113,1
80044-1,mk114,1
80044-1,mk115,1
80045-1,mk108,1
80045-1,mk116,1
80045-1,mk117,1
80045-1,mk118,1
80045-1,mk119,1
80045-1,mk120,1
80046-1,mk106,1
80046-1,mk117,1
80046-1,mk130,1
80046-1,mk131,1
80047-1,mk107,1
80047-1,mk108,1
80047-1,mk110,1
80047-1,mk129,1
80048-1,mk106,1
80048-1,mk116,1
80048-1,mk119,1
80048-1,mk127,1
80048-1,mk128,1
80049-1,gen099,1
80049-1,mk121,1
80049-1,mk122,2
80049-1,mk123,1
80049-1,mk124,2
80049-1,mk125,1
80049-1,mk126,1
80050-1,mk149,1
80050-1,mk150,1
80051-1,mk151,1
80053-1,mk152,1
80053-1,mk154,1
80053-1,mk155,1
80053-1,mk156,1
80053-1,mk153,1
80054-1,gen047,1
80054-1,mk133,1
80054-1,mk134,1
80054-1,mk135,1
80054-1,mk136,1
80054-1,mk138,1
80054-1,mk139,1
80054-1,mk140,1
80054-1,mk141,1
80054-1,mk142,1
80054-1,mk143,1
80054-1,mk144,1
80054-1,mk145,1
80054-1,mk146,1
80054-1,mk147,1
80054-1,mk148,1
80054-1,mk137s,1
80055-1,mk145,1
80055-1,mk152,1
80055-1,mk169,1
80055-1,mk173,1
80055-1,mk174,1
80056-1,mk146,1
80056-1,mk167,1
80056-1,mk171,1
80056-1,mk172,1
80056-1,mk173,1
80057-1,mk165,1
80057-1,mk166,1
80057-1,mk167,1
80057-1,mk168,1
80057-1,mk169,1
80057-1,mk170,1
80058-1,mk158,1
80058-1,mk159,1
80058-1,mk160,1
80058-1,mk161,1
80058-1,mk162,1
80058-1,mk163,1
80058-1,mk164,1
80065-1,mk166,1
80065-1,mk179,1
80065-1,mk180,1
80065-1,mk181,1
80065-1,mk182,1
80066-1,mk147,1
80066-1,mk175,1
80066-1,mk176,1
80066-1,mk178,1
80066-1,mk177,1
80101-1,hol138,1
80101-1,hol139,1
80101-1,hol140,1
80101-1,hol141,1
80101-1,hol142,1
80101-1,hol143,1
80102-1,hol133,1
80102-1,hol135,1
80102-1,hol134,1
80102-1,hol136,1
80102-1,hol137,1
80103-1,hol145,1
80103-1,hol146,1
80103-1,hol147,1
80103-1,hol148,1
80103-1,hol149,1
80103-1,hol150,1
80103-1,hol151,1
80103-1,hol152,1
80103-1,hol153,1
80103-1,hol154,1
80103-1,hol155,1
80103-1,hol156,1
80103-1,hol157,1
80103-1,hol158,1
80103-1,hol159,1
80104-1,hol174,1
80104-1,hol175,1
80104-1,hol176,1
80104-1,hol177,1
80104-1,hol178,1
80104-1,hol179,1
80104-1,hol180,1
80104-1,hol181,1
80105-1,hol121,1
80105-1,hol183,1
80105-1,hol184,1
80105-1,hol185,1
80105-1,hol186,1
80105-1,hol187,1
80105-1,hol188,1
80105-1,hol189,1
80105-1,hol190,1
80105-1,hol191,1
80105-1,hol192,1
80105-1,hol193,1
80105-1,hol194,1
80105-1,hol195,1
80106-1,hol220,1
80106-1,hol221,1
80106-1,hol222,1
80106-1,hol223,1
80106-1,hol224,1
80106-1,hol225,1
80106-1,hol234,1
80107-1,hol226,1
80107-1,hol227,1
80107-1,hol228,1
80107-1,hol229,1
80107-1,hol230,1
80107-1,hol231,1
80107-1,hol232,1
80107-1,hol233,1
80108-1,hol261,1
80108-1,hol262,1
80108-1,hol263,1
80108-1,hol264,1
80108-1,hol265,1
80108-1,hol266,1
80108-1,hol267,1
80108-1,hol268,1
80108-1,hol272,1
80108-1,hol273,1
80108-1,hol274,1
80108-1,hol282,1
80109-1,hol258,1
80109-1,hol259,1
80109-1,hol260,1
80109-1,hol269,1
80109-1,hol270,1
80109-1,hol271,1
80109-1,hol275,1
80109-1,hol276,1
80109-1,hol277,1
80109-1,hol278,1
80109-1,hol279,1
80109-1,hol280,1
80109-1,hol281,1
80111-1,hol305,1
80111-1,hol306,1
80111-1,hol307,1
80111-1,hol308,1
80111-1,hol309,1
80111-1,hol310,1
80111-1,hol311,1
80111-1,hol312,1
80111-1,hol313,1
80111-1,hol314,1
80111-1,hol315,1
80111-1,hol316,1
80111-1,hol321,1
80111-1,hol319,1
80111-1,hol317,1
80111-1,hol318,1
80111-1,hol320,1
80111-1,hol322,1
80113-1,hol336,1
80113-1,hol337,1
80113-1,hol338,1
80113-1,hol339,1
80113-1,hol340,1
80113-1,hol341,1
80113-1,hol342,1
80113-1,hol343,1
80113-1,hol344,1
80113-1,hol345,1
80113-1,hol346,1
80113-1,hol347,1
80113-1,hol348,1
80116-1,hol370,1
80116-1,hol371,1
80116-1,hol372,1
80116-1,hol373,1
80116-1,hol374,1
8014-1,sw0201,2
8014-1,sw0221,1
8014-1,sw0223,1
8015-1,sw0222,2
8015-1,sw0229,3
8016-1,sw0228,3
8017-1,sw0209,1
8018-1,sw0001b,2
8018-1,sw0201,1
8018-1,sw0219,1
8018-1,sw0230,3
8019-1,sw0191,1
8019-1,sw0201,1
8019-1,sw0220,1
8036-1,sw0001c,2
8036-1,sw0241,1
8036-1,sw0242,1
8036-1,sw0095a,1
8037-1,sw0183,1
8037-1,sw0192,1
8037-1,sw0255,1
8038-1,sw0011a,1
8038-1,sw0208,1
8038-1,sw0217,1
8038-1,sw0235,1
8038-1,sw0236,1
8038-1,sw0239,1
8038-1,sw0237,1
8038-1,sw0238,1
8038-1,sw0240,1
8038-1,sw0005a,2
8038-1,sw0179,1
8038-1,sw0179a,1
8039-1,sw0191,1
8039-1,sw0221,1
8039-1,sw0243,1
8039-1,sw0244,2
8056-1,atl001,1
8057-1,atl004,1
8057-1,atl005,1
8058-1,atl002,1
8059-1,atl003,1
8059-1,atl006,1
8060-1,atl001,1
8060-1,atl004,1
8061-1,atl006,1
8061-1,atl007,1
8061-1,atl008,1
8072-1,atl002,1
8073-1,atl003,1
8075-1,atl003,1
8075-1,atl005,1
8075-1,atl009,1
8075-1,atl010,1
8076-1,atl006,1
8077-1,atl003,1
8077-1,atl005,1
8077-1,atl009,1
8078-1,atl004,1
8078-1,atl007,1
8078-1,atl008,1
8078-1,atl011,1
8078-1,atl012,1
8078-1,atl013,1
8078-1,gen031,1
8079-1,atl006a,1
8080-1,atl002a,1
8083-1,sw0258,1
8083-1,sw0259,2
8083-1,sw0260,1
8084-1,sw0115,2
8084-1,sw0261,1
8084-1,sw0262,1
8085-1,sw0263,1
8085-1,sw0264,1
8086-1,sw0228,2
8086-1,sw0227,1
8087-1,sw0188,1
8087-1,sw0268,1
8088-1,sw0163,1
8088-1,sw0265,1
8088-1,sw0266,1
8088-1,sw0267,1
8089-1,gen019,1
8089-1,sw0260,1
8089-1,sw0098,1
8091-1,sw0092,1
8091-1,sw0001c,2
8091-1,sw0269,1
8091-1,sw0272,1
8092-1,sw0161a,1
8092-1,sw0217,1
8092-1,sw0270,1
8092-1,sw0271,1
8092-1,sw0273,1
8092-1,sw0274,1
8093-1,sw0198,1
8093-1,sw0119,1
8095-1,sw0226,1
8095-1,sw0254,1
8095-1,sw0216a,1
8095-1,sw0216s,1
8096-1,sw0210,1
8096-1,sw0281,1
8096-1,sw0282,1
8096-1,sw0283,1
8097-1,sw0278,1
8097-1,sw0279,1
8097-1,sw0280,1
8098-1,sw0183,1
8098-1,sw0192,1
8098-1,sw0284,1
8098-1,sw0285,1
8098-1,sw0286,1
8098-1,sw0200a,1
8100-1,exf014,1
8101-1,exf015,1
8102-1,exf017,1
8103-1,exf016,1
8104-1,gen004,1
8104-1,exf004,1
8105-1,exf009,1
8105-1,exf015,1
8106-1,exf019,1
8107-1,exf015,1
8107-1,exf020,1
8108-1,exf003,6
8108-1,exf012,1
8108-1,exf014,1
8108-1,exf018,3
8108-1,gen019,2
8111-1,exf025,1
8112-1,exf015,1
8113-1,exf022,1
8114-1,exf023,1
8115-1,exf003,2
8115-1,exf015,1
8117-1,exf008,1
8118-1,exf011,1
8118-1,exf024,1
8128-1,sw0222,1
8128-1,sw0244,1
8128-1,sw0285,1
8128-1,sw0287,1
8128-1,sw0288,1
8129-1,sw0115,2
8129-1,sw0161a,1
8129-1,sw0262,1
8129-1,sw0290,1
8129-1,sw0289,1
8129-1,sw0291,1
8129-1,sw0295,1
8144-1,rac022,1
8144-1,rac025,2
8144-1,rac031,1
8144-1,rac032,1
8144-1,rac036,1
8144-1,rac030a,1
8144-1,rac037,1
8144-1,rac022s,1
8144-1,rac025s,2
8144-1,rac031s,1
8144-1,rac032s,1
8144-1,rac030as,1
8144-1,rac037s,1
8144-1,rac036s1,1
8144-2,rac025,2
8144-2,rac031,1
8144-2,rac032,1
8144-2,rac035,1
8144-2,rac036,1
8144-2,rac030a,1
8144-2,rac037,1
8144-2,rac035s,1
8144-2,rac036s2,1
8144-2,rac031bs,1
8144-2,rac025bs,2
8144-2,rac032bs,1
8144-2,rac037bs,1
8144-2,rac030bs,1
8158-1,sr001,1
8158-1,sr002,1
8159-1,sr003,1
8159-1,sr004,1
8160-1,sr003,1
8160-1,sr005,1
8160-1,sr006,1
8160-1,sr007,1
8161-1,sr008,1
8161-1,sr009,1
8161-1,sr010,1
8161-1,sr011,1
8161-1,sr012,1
8161-1,sr013,1
8161-1,sr014,1
8168-1,rac042,1
8168-1,rac043,1
8168-1,rac044,1
8168-1,rac042s,1
8168-1,rac043s,1
8168-1,rac044s,1
8185-1,rac024,1
8185-1,rac025,2
8185-1,rac045,1
8185-1,rac046,1
8185-1,rac045s,1
8185-1,rac024bs,1
8185-1,rac046s,1
8185-1,rac025cs,2
8188-1,pm023,1
8188-1,pm024,1
8189-1,pm025,1
8189-1,pm026,1
8190-1,pm027,1
8190-1,pm032,1
8191-1,pm025,1
8191-1,pm029,1
8191-1,pm030,1
8191-1,pm031,1
8200-1,crs065,1
8206-1,crs064,1
8206-1,crs082,1
8222-1,tech038b,1
8223-1,tech037a,1
8225-1,tech012a,1
8229-1,tech012a,1
8230-1,tech029a,1
8232-1,tech038a,1
8233-1,tech001b,1
8235-1,tech015,1
8239-1,tech001b,1
8244-1,tech012a,1
8245-1,tech001b,1
8248-1,tech012,1
8250-1,tech002a,1
8250-1,tech002as,1
8252-1,tech019a,1
8253-1,tech023a,1
8253-1,tech023as,1
8255-1,tech022b,1
8255-1,tech022a,1
8255-1,tech022as,1
8255-1,tech022bs,1
8257-1,tech007,1
8257-1,tech013a,1
8266-1,tech007,1
8266-1,tech013a,1
8268-1,tech007,1
8269-1,tech001a,1
8280-1,tech009,1
8280-1,tech008a,1
8280-1,tech009a,1
8286-1,tech021a,1
8286-1,tech021b,1
8299-1,tech002a,1
8299-1,tech002as,1
8300-1,tech033a,1
8300-1,tech034a,1
8300-1,tech033as,1
8300-1,tech034as,1
8305-1,tech035a,1
8305-1,tech027a,1
8307-1,tech027a,1
8350-1,rac103,1
8356-1,rac012,1
8357-1,rac019,1
8358-1,rac081,1
8359-1,rac097,1
8360-1,rac080,1
8362-1,rac024,1
8362-1,rac024as,1
8364-1,rac090,1
8364-1,rac091,1
8364-1,rac092,1
8364-1,rac093,1
8374-1,rac018,1
8374-1,rac018s,1
8375-1,rac024,1
8375-1,rac025,6
8375-1,rac024as,1
8375-1,rac025s,6
8389-1,rac022,1
8389-1,rac023,1
8389-1,rac022s,1
8389-1,rac023as,1
8396-1,pi092,1
8397-1,pi095,1
8398-1,chef018,1
8399-1,sp099,1
8400-1,sp100,1
8401-1,cty0130,1
8401-1,twn048,1
8401-1,cty0128,1
8401-1,cty0129,1
8401-1,cty0129a,1
8402-1,twn049,1
8403-1,twn112,1
8403-1,twn110,1
8403-1,twn111,1
8404-1,cty0186,1
8404-1,cty0187,1
8404-1,cty0188,1
8404-1,cty0189,1
8404-1,cty0190,1
8404-1,cty0191,1
8423-1,crs084,1
8423-1,crs095,1
8424-1,crs097,1
8426-1,crs106,1
8426-1,crs110,1
8426-1,crs111,1
8426-1,crs111s,1
8457-1,tech032,1
8457-1,tech032a,1
8463-1,tech012,1
8482-1,tech001b,1
8483-1,tech001b,1
8484-1,crs082,1
8486-1,crs093,1
8487-1,crs067,1
8487-1,crs066,1
8487-1,crs072,1
8487-1,crs073,1
8487-1,crs074,1
8487-1,crs081,1
850423-1,sp004new2,1
850425-1,cty0320,1
850425-1,cty0321,1
850426-1,cty0340,1
850445-1,njo0033,1
850449-1,col031,1
850449-1,col033,1
850449-1,col053,1
850458-1,col042,1
850458-1,col045,1
850458-1,col048,1
850458-1,col038a,1
850458-1,col037a,1
850486-1,rb001,1
850486-1,rb002,1
850486-1,rb003,1
850487-1,col020,1
850487-1,mof018,1
850487-1,gen046,1
850617-1,cty0375,1
850617-1,cty0376,1
850617-1,cty0377,1
850617-1,cty0378,1
850618-1,cty0351,1
850618-1,cty0379,1
850618-1,cty0380,1
850618-1,cty0381,1
850632-1,njo0031,1
850632-1,njo0047,1
850632-1,njo0081,1
850632-1,njo0082,1
850779-1,loc014,1
850779-1,loc002,1
850779-1,loc003,1
850779-1,loc009,1
850791-1,gen051,1
850791-1,gen052,1
850791-1,gen053,1
850839-1,pi142,1
850839-1,pi143,1
850839-1,pi144,1
850839-1,pi145,1
850888-1,cas516,1
850888-1,cas521,1
850888-1,cas531,1
850888-1,cas535,1
850889-1,cas524,1
850889-1,cas525,1
850889-1,cas528,1
850889-1,cas518a,1
850910-1,loc027,1
850910-1,loc028,1
850910-1,loc106,1
850910-1,loc109,1
850913-1,loc105,1
850913-1,loc111,1
850913-1,loc112,1
850913-1,loc146,1
850932-1,cty0491,1
850932-1,cty0493,1
850935-1,gen055,1
850936-1,mof007,1
850939-1,hol036,1
850939-1,hol035,1
850967-1,frnd086,1
851342-1,njo0117,1
851342-1,njo0137,1
851342-1,njo0176,1
851342-1,njo0177,1
851499-1,cas256,2
851499-1,cas260,2
851499-1,cas274,1
851499-1,cas275,1
851499-1,cas276,8
851499-1,cas277,1
851499-1,cas278,1
851499-1,cas283,8
851861-1,vik026,1
851861-1,vik027,1
851861-1,vik028,1
851861-1,vik029,1
851861-1,vik032,2
851861-1,vik033,2
851861-1,vik034,8
851861-1,vik035,8
852001-1,cas326,1
852001-1,cas327,8
852001-1,cas332,1
852001-1,cas333,1
852001-1,cas351,2
852001-1,cas352,2
852001-1,cas353,1
852001-1,cas339,8
852001-1,cas337,8
852132-1,cas330,5
852132-1,cas350,5
852271-1,cas379,1
852271-1,cas380,1
852271-1,cas381,1
852271-1,cas382,1
852271-1,cas383,1
852272-1,cas328,1
852272-1,cas327,1
852272-1,cas330,1
852272-1,cas331,1
852272-1,cas378,1
852293-1,cas326,1
852293-1,cas328,3
852293-1,cas330,1
852293-1,cas331,1
852293-1,cas333,1
852293-1,cas350,1
852293-1,cas358,1
852293-1,cas359,2
852293-1,cas354,1
852293-1,cas368,1
852293-1,cas376,1
852293-1,cas385,1
852293-1,cas386,1
852293-1,cas387,1
852293-1,cas388,1
852293-1,cas389,1
852293-1,cas390,1
852293-1,cas391,1
852293-1,cas392,1
852293-1,cas393,1
852293-1,cas394,1
852293-1,cas395,1
852293-1,cas396,2
852293-1,cas397,1
852293-1,cas399,2
852293-1,cas400,1
852293-1,cas401,1
852293-1,cas398,1
852331-1,sp005new,1
852331-1,jail004,1
852331-1,hrf004new,1
852331-1,oct012new2,1
852331-1,firec001new,1
852535-1,sp003new,1
852535-1,sp006new,1
852535-1,cas050new,1
852535-1,pi013new,1
852535-1,post001new,1
852697-1,ww001,1
852697-1,sp007new,1
852697-1,pi061a,1
852697-1,cas101b,1
852697-1,chef007b,1
852701-1,cas368,2
852701-1,cas427,1
852701-1,cas428,2
852702-1,cas429,1
852702-1,cas430,1
852702-1,cas431,1
852702-1,cas432,1
852702-1,cas433,1
852747-1,pi081,1
852747-1,pi092,1
852747-1,pi095,1
852747-1,pi111,1
852750-1,pi081,1
852750-1,pi084,1
852750-1,pi087,1
852750-1,pi090,1
852750-1,pi092,1
852750-1,pi094,1
852750-1,pi098,1
852750-1,pi101,1
852750-1,pi111,1
852750-1,pi115,1
852751-1,pi081,1
852751-1,pi086,1
852751-1,pi092,2
852751-1,pi095,1
852751-1,pi111,1
852751-1,pi122,2
852751-1,pi123,2
852751-1,pi124,2
852751-1,pi125,2
852751-1,pi126,1
852751-1,pi127,2
852751-1,pi128,1
852751-1,pi129,1
852751-1,pi130,1
852751-1,pi131,1
852751-1,pi132,1
852751-1,pi133,1
852751-1,pi134,1
852753-1,hol007,1
852753-1,cas229new,1
852753-1,cas128new,1
852753-1,sp004new,1
852753-1,sp001new2,1
852769-1,cas058,1
852769-1,cas122new,1
852769-1,stu010b,1
852769-1,air010b,1
852769-1,doc001b,1
852921-1,cas444,1
852921-1,cas446,1
852921-1,cas448,1
852921-1,cas459,1
852921-1,cas460,1
852922-1,cas462,1
852922-1,cas463,1
852922-1,cas464,1
852922-1,cas465,1
852922-1,cas466,1
852996-1,gen029,1
853106-1,njo0002,1
853111-1,njo0002,1
853176-1,pha005,1
853176-1,pha011,2
853195-1,col002,1
853195-1,col006,1
853219-1,poc001,1
853219-1,poc014,1
853219-1,poc018,1
853219-1,poc023,1
853219-1,poc027,1
853301-1,ac002,1
853301-1,ac003,1
853301-1,ac004,1
853301-1,ac015,1
853301-1,ac016,1
853340-1,twn143,1
853340-1,twn144,1
853353-1,hol012,1
853373-1,cas493,2
853373-1,cas504,1
853373-1,cas507,2
853373-1,cas508,8
853373-1,cas509,1
853373-1,cas510,1
853373-1,cas511,1
853373-1,cas512,2
853373-1,cas513,8
853373-1,cas514,2
853378-1,cty0287,1
853378-1,cty0301,1
853378-1,cty0304,1
853378-1,cty0307,1
853515-1,nex038,1
853515-1,nex039,1
853515-1,nex040,1
853515-1,nex041,1
853516-1,nex042,1
853516-1,nex043,1
853516-1,nex044,1
853516-1,nex045,1
853544-1,njo0228,1
853544-1,njo0229,1
853544-1,njo0230,1
853544-1,njo0231,1
853556-1,frnd153,1
853556-1,frnd154,1
853556-1,frnd155,1
853570-1,cty0612,1
853570-1,cty0613,1
853570-1,cty0619,1
853570-1,cty0620,1
853607-1,hol171,1
853607-1,hol172,1
853607-1,hol173,1
853609-1,min038,1
853609-1,min039,1
853609-1,min040,1
853609-1,min041,1
853610-1,min034,1
853610-1,min035,1
853610-1,min036,1
853610-1,min037,1
853650-1,sh0318,1
853651-1,sh0399,1
853651-1,sh0400,1
853651-1,sh0401,1
853676-1,nex109,1
853676-1,nex110,1
853676-1,nex111,1
853677-1,nex089,1
853677-1,nex096,1
853677-1,nex108,1
853687-1,njo0298,1
853687-1,njo0299,1
853687-1,njo0300,1
853702-1,njo0346,1
853744-1,sh0433,1
853744-1,sh0439,1
853744-1,sh0532,1
853758-1,njo0448,1
853759-1,njo0447,1
853774-1,frnd235,1
853775-1,frnd260,1
853776-1,frnd248,1
853777-1,frnd255,1
853778-1,frnd256,1
853865-1,tlm125,1
853865-1,tlm170,1
853865-1,tlm171,1
853865-1,tlm172,1
853866-1,njo0510,1
853866-1,njo0511,1
853866-1,njo0512,1
853874-1,tlm125,1
853875-1,tlm173,1
853899-1,njo0424,1
853906-1,hol182,1
853958-1,hol144,1
853990-1,hol196,1
8620-1,tech003a,1
8620-1,tech039a,1
862011-1,cty1224,1
8624-1,bio001,1
8624-1,bio002,1
8624-1,bio003,1
8624-1,bio004,1
8624-1,bio005,1
8624-1,bio006,1
8624-1,bio007,1
8624-1,bio008,1
8630-1,agt007,1
8630-1,agt008,1
8630-1,agt009,1
8631-1,agt004,1
8631-1,agt005,1
8632-1,agt003,1
8632-1,agt006,1
8633-1,agt002,1
8633-1,agt003,1
8633-1,agt001a,1
8634-1,agt001,1
8634-1,agt008,1
8634-1,agt015,1
8635-1,agt001,1
8635-1,agt002,1
8635-1,agt010,1
8635-1,agt011,1
8635-1,agt012,1
8635-1,agt013,1
8635-1,agt014,1
8636-1,agt003,1
8636-1,agt011,1
8636-1,agt019,1
8636-1,agt020,1
8636-1,agt020a,1
8637-1,agt002,1
8637-1,agt010,1
8637-1,agt013,1
8637-1,agt016,1
8637-1,agt017,1
8637-1,agt018,1
8638-1,crs075,1
8638-1,crs076,1
8638-1,crs077,1
8638-1,crs078,1
8638-1,crs079,1
8638-1,crs080,1
8638-1,crs080s,1
8639-1,crs039,1
8639-1,crs041,1
8639-1,crs042,1
8639-1,crs038,1
8639-1,crs037,1
8639-1,crs043,1
8639-1,crs040,1
8639-1,crs040s,1
8640-1,tech040a,1
8640-1,tech031a,1
8654-1,rac024,1
8654-1,rac025,4
8654-1,rac026,1
8654-1,rac024as,1
8654-1,rac025s,4
8654-1,rac026s,1
8660-1,tech028,1
8660-1,tech003,1
8660-1,tech039,1
8672-1,rac022,1
8672-1,rac025,3
8672-1,jbl010,1
8672-1,rac029,1
8672-1,rac030,1
8672-1,rac031,1
8672-1,rac022s,1
8672-1,rac023as,1
8672-1,rac025s,3
8672-1,rac028s,1
8672-1,rac030s,1
8672-1,rac031s,1
8672-1,rac027s,1
8672-1,rac023bs,1
8672-1,rac028as,1
8672-1,rac023,1
8672-1,rac027,1
8672-1,rac028,1
8672-1,rac028a,1
8673-1,rac024,1
8673-1,rac025,2
8673-1,rac032,1
8673-1,rac033,1
8673-1,rac024as,1
8673-1,rac025s,2
8673-1,rac032s,1
8673-1,rac033s,1
8678-1,crs087,1
8679-1,crs082,1
8679-1,crs083,1
8679-1,crs085,1
8679-1,crs086,1
8679-1,crs088,1
8679-1,crs089,1
8679-1,crs092,1
8679-1,crs096,1
8680-1,tech028,1
8680-1,tech040a,1
8680-1,tech031a,1
8707-1,pm004,1
8707-1,pm012,1
8708-1,pm014,1
8708-1,pm016,1
8708-1,pm034,1
8709-1,pm006,1
8709-1,pm010,1
8709-1,pm011,1
8709-1,pm015a,1
8712-1,tech004,1
8712-1,tech006b,1
8712-1,tech005a,1
8714-1,tech037a,1
8714-1,tech036a,1
8714-1,tech012a,1
8757-1,51637,1
8757-1,51638,1
8757-1,51639,1
8757-1,51636,1
8757-1,51635,1
8757-1,51640,1
8757-1,51991a,1
8757-1,51991e,2
8757-1,51991f,1
8757-1,51991d,1
8757-1,51991b,1
8757-1,51991c,2
8758-1,51637,1
8758-1,51638,1
8758-1,51639,1
8758-1,51636,1
8758-1,51635,1
8758-1,51640,1
8758-1,51991a,1
8758-1,51991e,2
8758-1,51991f,1
8758-1,51991d,1
8758-1,51991b,1
8758-1,51991c,2
8759-1,51637,1
8759-1,51638,1
8759-1,51639,1
8759-1,51636,1
8759-1,51635,1
8759-1,51640,1
8759-1,51991a,1
8759-1,51991e,2
8759-1,51991f,1
8759-1,51991d,1
8759-1,51991b,1
8759-1,51991c,2
8769-1,51637,1
8769-1,51638,1
8769-1,51639,1
8769-1,51636,1
8769-1,51635,1
8769-1,51640,1
8769-1,51991a,1
8769-1,51991f,1
8769-1,51991d,1
8769-1,51991b,1
8769-1,51991c,2
8769-1,51991e2,1
8769-1,51991e1,1
8777-1,cas256,1
8777-1,cas262,1
8778-1,cas257,1
8778-1,cas259,1
8779-1,cas256,1
8779-1,cas258,1
8779-1,cas260,1
8780-1,cas257,1
8780-1,cas259,1
8780-1,cas263,1
8780-1,cas264,1
8781-1,gen001,1
8781-1,cas256,1
8781-1,cas257,1
8781-1,cas258,1
8781-1,cas259,1
8781-1,cas260,1
8781-1,cas261,1
8781-1,cas262,1
8799-1,cas259,1
8799-1,cas260,1
8799-1,cas261,1
880002-1,pln102s,2
880002-1,pln055s,2
880002-1,pln092s01,1
880002-1,pln093s01,1
8800-1,cas256,1
8800-1,cas257,1
8801-1,cas266,1
8801-1,cas267,1
8801-1,cas267a,1
8802-1,cas270,1
8802-1,cas273,1
8813-1,gen001,1
8813-1,cas290,1
8813-1,cas310,1
8813-1,cas311,1
8813-1,cas313,1
8813-1,cas312,1
8813-1,cas314,1
8813-1,cas315,1
8813-1,cas316,1
8813-1,cas317,1
8813-1,cas298,1
8821-1,cas290,1
8821-1,cas297,1
8821-1,cas299,1
8822-1,cas293,1
8822-1,cas294,1
8822-1,cas300,1
8823-1,gen001,1
8823-1,cas296,1
8823-1,cas293,1
8823-1,cas292,1
8823-1,cas294,1
8823-1,cas295,1
8830-1,tech006a,1
8840-1,tech006a,1
8850-1,tech006a,1
885-1,sp005,1
8855-1,tech040a,1
886-1,sp006,1
886-1,sp063,1
8863-1,wr009,1
8863-1,wr016,1
8863-1,wr017,1
8863-1,wr018,1
8863-1,wr019,1
8863-1,wr020,1
8864-1,wr001,1
8864-1,wr002,1
8864-1,wr010,1
8864-1,wr011,1
8864-1,wr012,1
8864-1,wr013,1
8864-1,wr014,1
8864-1,wr015,1
8873-1,cas257,1
8873-1,cas267,1
8874-1,cas257,2
8874-1,cas266,1
8875-1,cas257,2
8875-1,cas268,1
8875-1,cas258,1
8875-1,cas258a,1
8876-1,gen001,1
8876-1,cas257,1
8876-1,cas268,1
8876-1,cas269,1
8876-1,cas270,1
8877-1,gen004,1
8877-1,cas266,1
8877-1,cas267,1
8877-1,cas268,1
8877-1,cas269,1
8877-1,cas270,1
8877-1,cas271,3
889-1,sp005,1
889-1,sp064,1
8892-1,bio002,1
8892-1,bio004,1
8892-1,bio005,1
8892-1,bio012,1
8893-1,bio001,1
8893-1,bio003,1
8893-1,bio006,1
8893-1,bio007,1
8893-1,bio008,1
8893-1,bio009,1
8893-1,bio010,1
8893-1,bio011,1
8894-1,bio001,1
8894-1,bio002,1
8894-1,bio003,1
8894-1,bio004,1
8894-1,bio005,1
8894-1,bio006,1
8894-1,bio007,1
8894-1,bio008,1
8894-1,bio009,1
8894-1,bio010,1
8894-1,bio011,1
8894-1,bio012,1
8896-1,wr001,1
8896-1,wr002,1
8897-1,wr008,1
8897-1,wr009,1
8898-1,wr021,1
8898-1,wr022,1
8898-1,wr023,1
8898-1,wr024,1
8899-1,wr003,1
8899-1,wr004,1
8899-1,wr005,1
8899-1,wr006,1
8899-1,wr007,1
8907-1,pm006,1
8908-1,pm005,1
891-1,sp063,1
891-1,sp128,1
891-1,sp006,1
891501-1,njo0119,1
891502-1,njo0120,1
891503-1,njo0139,1
891505-1,njo0162,1
891506-1,njo0146,1
891507-1,njo0185,1
891609-1,njo0187,1
891610-1,njo0188,1
891611-1,njo0202,1
891612-1,njo0203,1
891614-1,njo0219,1
891615-1,njo0249,1
891616-1,njo0196,1
891617-1,njo0251,1
891618-1,njo0269,1
891620-1,njo0271,1
891721-1,njo0287,1
891722-1,njo0297,1
891723-1,njo0305,1
891724-1,njo0306,1
891725-1,njo0307,1
891726-1,njo0308,1
891727-1,njo0280,1
891728-1,njo0222,1
891729-1,njo0277,1
891730-1,njo0375,1
891731-1,njo0285,1
891732-1,njo0136,1
891833-1,njo0348,1
891834-1,njo0424,1
891835-1,njo0427,1
891836-1,njo0431,1
891837-1,njo0433,1
891838-1,njo0445,1
891839-1,njo0455,1
891840-1,njo0478,1
891841-1,njo0479,1
891842-1,njo0391a,1
891843-1,njo0390,1
891844-1,njo0487,1
891945-1,njo0467,1
891946-1,njo0509,1
891947-1,njo0515,1
891948-1,njo0464,1
891949-1,njo0516,1
891950-1,njo0468a,1
891951-1,njo0475b,1
891952-1,njo0549,1
891953-1,njo0551,1
891954-1,njo0553,1
891955-1,njo0513,1
891956-1,njo0556,1
891957-1,njo0557,1
891958-1,njo0534,1
892059-1,njo0530,1
892060-1,njo0533,1
892061-1,njo0522,1
892062-1,njo0532,1
892063-1,njo0547,1
892064-1,njo0548,1
892065-1,njo0623,1
892066-1,njo0627,1
892067-1,njo0628,1
892068-1,njo0631,1
892069-1,njo0633,1
892070-1,njo0603,1
892071-1,njo0612,1
892172-1,njo0619,1
892173-1,njo0690,1
892174-1,njo0691,1
892175-1,njo0692,1
892176-1,njo0686,1
892177-1,njo0706,1
892178-1,njo0684,1
892179-1,njo0711,1
892180-1,njo0700,1
892181-1,njo0701,1
892182-1,njo0696,1
892183-1,njo0714,1
892184-1,njo0695,1
892285-1,njo0693,1
892286-1,njo0702,1
892287-1,njo0751,1
892288-1,njo0699,1
892289-1,njo0722,1
892290-1,njo0720,1
892291-1,njo0757,1
892292-1,njo0785,1
892293-1,njo0770,1
892294-1,njo0787,1
892295-1,njo0758,1
892296-1,njo0765,1
892297-1,njo0796,1
892302-1,njo0755,1
892303-1,njo0802,1
892304-1,njo0781,1
892305-1,njo0756,1
892306-1,njo0806,1
892307-1,njo0778,1
892308-1,njo0811,1
892309-1,njo0812,1
892310-1,njo0822,1
892311-1,njo0817,1
892312-1,njo0820,1
892313-1,njo0813,1
892401-1,njo0819,1
892402-1,njo0851,1
892403-1,njo0814,1
892404-1,njo0887,1
892405-1,njo0870,1
892406-1,njo0876,1
892407-1,njo0825,1
892408-1,njo0888,1
892409-1,njo0862,1
892410-1,njo0875,1
892411-1,njo0916,1
892412-1,njo0874,1
892413-1,njo0873,1
892501-1,njo0853,1
892502-1,njo0944,1
892503-1,njo0945,1
892504-1,njo0940,1
892505-1,njo0965,1
8925-1,bio013,1
8925-1,bio016,1
8925-1,bio018,1
8925-1,bio015a,1
8926-1,bio019,1
8926-1,bio022,1
8926-1,bio023,1
8926-1,bio024,1
8926-1,bio014a,1
8926-1,bio026,1
8927-1,bio013,1
8927-1,bio015,1
8927-1,bio016,1
8927-1,bio017,1
8927-1,bio018,1
8927-1,bio019,1
8927-1,bio020,1
8927-1,bio021,1
8927-1,bio022,1
8927-1,bio014,1
8927-1,bio014a,1
894-1,sp006,1
8956-1,pm003,1
8956-1,pm006,1
8957-1,pm001,1
8957-1,pm007,1
8958-1,pm004,1
8958-1,pm011,1
8959-1,pm005,1
8959-1,pm010,1
8960-1,pm002,1
8960-1,pm018,1
8960-1,pm033,1
8961-1,pm003,1
8961-1,pm004,1
8961-1,pm013,1
8961-1,pm014,1
8962-1,pm014,1
8962-1,pm017,1
8963-1,pm015,1
8963-1,pm022,1
8964-1,pm004,1
8964-1,pm016,1
8964-1,pm019,1
8964-1,pm020,1
8964-1,pm018,1
8967-1,agt007,1
8967-1,agt021,1
8968-1,agt022,1
8968-1,agt023,1
8968-1,agt024,1
8969-1,agt025,1
8969-1,agt026,1
8970-1,agt002,1
8970-1,agt025,1
8970-1,twn077,1
8970-1,twn078,1
8970-1,twn079,1
8970-1,agt013a,1
897-1,sp005,1
897-1,sp006,1
8971-1,agt001,1
8971-1,agt027,1
8971-1,agt028,3
8971-1,agt029,1
8971-1,agt030,1
9003-1,baby008,3
9003-1,baby013,2
9005-1,baby011,1
9007-1,baby011,2
9007-1,baby013,2
9009-1,baby008,1
9009-1,baby010,1
9009-1,baby011,1
9009-1,baby013,1
9013-1,baby013,1
9017-1,baby010,1
9017-1,baby013,1
9017-1,baby019,1
9017-1,baby021,1
9019-1,baby008,1
9019-1,baby010,1
9019-1,baby013,1
9019-1,baby021,1
9026-1,baby016,1
9026-1,baby020,2
9026-1,baby023,1
9031-1,45219c01,1
9031-1,45219c02,1
9031-1,45219c03,1
9031-1,45219c04,2
9040-1,6453pb004,1
9040-1,6453pb010,1
9040-1,6453pb026,1
9040-1,6453pb042,1
9050-1,dupfig002,2
9050-1,dupfig004,2
9050-1,dupfig006,2
9050-1,dupfig007,1
9050-1,dupfig009,2
9050-1,dupfig011,2
9050-1,dupfig013,1
9051-1,2327pb04,1
9051-1,2327pb05,1
9051-1,2327pb07,1
9051-1,2327pb10,1
9051-1,2327pb14,1
9051-1,2327pb17,1
9051-1,2327pb23,1
9051-1,2327pb26,1
9051-1,2327pb28,1
9051-1,2327pb29,1
9051-1,2327pb33,1
9051-1,2327pb35,1
9051-1,2327pb32,1
9061-1,2327pb01,1
9061-1,2327pb06,1
9061-1,2327pb12,1
9061-1,2327pb30,1
9061-1,2327pb31,1
9063-1,2327pb01,2
9063-1,2327pb03,3
9063-1,2327pb16,4
9063-1,2327pb20,3
9064-1,2327pb01,2
9064-1,2327pb03,2
9064-1,2327pb16,3
9064-1,2327pb20,2
9067-1,2327pb01,1
9067-1,2327pb16,1
9076-1,47205pb001,1
9076-1,47205pb012,1
9076-1,47205pb013,1
9076-1,47205pb016,1
9081-1,2327pb01,2
9081-1,2327pb03,2
9081-1,2327pb06,1
9081-1,2327pb08,2
9081-1,2327pb16,2
9081-1,2327pb20,1
9081-1,2327pb22,2
9087-1,6453pb004,1
9087-1,6453pb010,2
9087-1,6453pb026,1
9089-1,6453pb008,1
9089-1,6453pb003,1
9089-1,6453pb021,1
9089-1,6453pb044,1
9092-1,rac047,1
9093-1,rac048,1
9094-1,rac049,1
9095-1,rac050,1
910001-1,adp011,1
910001-1,adp012,1
910001-1,adp013,1
910001-1,adp014,1
910001-1,adp015,1
910001-1,adp016,1
910002-1,adp082,1
910002-1,adp083,1
910002-1,adp084,1
910002-1,adp085,1
910002-1,adp086,1
910002-1,adp087,1
910002-1,adp088,1
910002-1,adp089,1
910002-1,adp090,1
910002-1,adp091,1
910002-1,adp092,1
910004-1,adp065,1
910004-1,adp066,1
910004-1,adp067,1
910004-1,adp068,1
910004-1,adp069,1
910004-1,adp070,1
910004-1,adp071,1
910008-1,adp059,1
910008-1,adp060,1
910008-1,adp061,1
910008-1,adp062,1
910008-1,adp063,1
910008-1,adp064,1
910009-1,adp053,1
910009-1,adp054,1
910009-1,adp055,1
910009-1,adp056,1
910009-1,adp057,1
910009-1,adp058,1
910010-1,adp050,1
910010-1,adp051,1
910010-1,adp052,1
910011-1,adp093,1
910011-1,adp094,1
910011-1,adp095,1
910011-1,adp096,1
910013-1,adp031,1
910013-1,adp032,1
910013-1,adp033,1
910013-1,adp034,1
910013-1,adp035,1
910015-1,adp049,1
910023-1,adp036,1
910023-1,adp037,1
910023-1,adp038,1
910023-1,adp039,1
910023-1,adp040,1
910023-1,adp041,1
910023-1,adp042,1
910023-1,adp043,1
910023-1,adp044,1
910023-1,adp045,1
910023-1,adp046,1
910023-1,adp047,1
910023-1,adp048,1
910027-1,cty1186,1
910027-1,adp072,1
910027-1,adp073,1
910027-1,adp074,1
910027-1,adp075,1
910027-1,adp078,1
910027-1,adp079,1
910027-1,adp080,1
910027-1,adp081,1
910027-1,adp076,1
910027-1,adp077,1
910029-1,adp097,1
910029-1,adp098,1
910029-1,adp099,1
910029-1,adp100,1
910029-1,adp101,1
910029-1,adp102,1
910029-1,adp103,1
910029-1,adp104,1
910029-1,adp105,1
910030-1,adp113,1
910030-1,adp114,1
910031-1,adp115,1
910031-1,adp116,1
910031-1,adp117,1
910031-1,adp118,1
910031-1,adp119,1
910032-1,adp106,1
910032-1,adp107,1
910032-1,adp108,1
910032-1,adp109,1
910032-1,adp110,1
910032-1,adp111,1
910032-1,adp112,1
910033-1,adp120,1
910033-1,adp121,1
910033-1,adp122,1
910033-1,adp123,1
910033-1,adp124,1
910033-1,adp125,1
910034-1,adp129,1
910034-1,adp130,1
910034-1,adp131,1
910034-1,adp132,1
910034-1,adp133,1
910034-1,adp134,1
910034-1,adp135,1
910034-1,adp136,1
910035-1,adp137,1
910035-1,adp138,1
910035-1,adp139,1
910036-1,cty1186,1
910036-1,adp140,1
910036-1,adp141,1
910036-1,adp142,1
910037-1,adp126,1
910037-1,adp127,1
910037-1,adp128,1
910038-1,gen047,1
910038-1,adp143,1
910038-1,adp144,1
910038-1,adp145,1
910038-1,adp146,1
910038-1,adp147,1
910039-1,adp159,1
910039-1,adp160,1
910039-1,adp161,1
910039-1,adp162,1
910039-1,adp163,1
910039-1,adp164,1
910039-1,adp165,1
910040-1,adp150,1
910040-1,adp151,1
910040-1,adp152,1
910040-1,adp153,1
910040-1,adp154,1
910040-1,adp155,1
910041-1,adp149,1
910041-1,adp148,1
910042-1,adp156,1
910042-1,adp157,1
910042-1,adp158,1
910043-1,cas572,1
910043-1,adp166,1
910043-1,adp167,1
910043-1,adp168,1
910043-1,adp170,1
910043-1,adp175,1
910043-1,adp177,1
910043-1,adp171,1
910043-1,adp172,1
910043-1,adp173,1
910043-1,adp174,1
910043-1,adp176,1
910043-1,adp169,1
910-1,old007,1
910-1,old011,2
9101-1,4555pb093,1
9101-1,4555pb114,1
9101-1,4555pb121,1
9101-1,4555pb199,1
9102-1,4555pb121,1
9102-1,4555pb199,1
9104-1,4555pb076,1
9104-1,4555pb077,1
9104-1,4555pb121,1
9104-1,4555pb244,1
9105-1,4555pb077,1
9105-1,4555pb121,1
9105-1,4555pb199,1
9106-1,4555pb045,1
9106-1,4555pb214,1
9107-1,4555pb077,1
9107-1,4555pb027,1
911-1,old011,2
911-1,old025,2
911610-1,sw0712a,1
911719-1,sw0602,1
911721-1,sw0702,1
911726-1,sw0764b,1
911832-1,sw0802,1
911834-1,sw0676,1
911835-1,sw0930,1
911838-1,sw0847a,1
911839-1,sw0846,1
911840-1,sw0967,1
9119-1,4555pb030,2
9119-1,4555pb092,2
9119-1,btb012,1
9119-1,btb006,1
9119-1,btb010,1
9119-1,btb009,1
911943-1,sw0778,1
911947-1,sw0831a,1
911951-1,sw0905,1
912057-1,sw0156a,1
912057-1,sw0527a,1
912059-1,sw0990,1
912062-1,sw0997b,1
912065-1,sw0971,1
912-1,old006,1
912-1,old007,2
9121-1,4555pb057,1
9121-1,4555pb045,1
9121-1,4555pb102,1
9121-1,4555pb247,1
912168-1,sw1078,1
912169-1,sw1107,1
912173-1,sw1034,1
912173-1,sw1054,1
912174-1,sw1065,1
912179-1,sw1178,1
9122-1,4555pb068,1
9122-1,4555pb247,1
912281-1,sw1094,1
912283-1,sw1074,1
912285-1,sw1155,1
912286-1,sw1164,1
912289-1,sw1036,1
912291-1,sw1143,1
912302-1,sw1163,1
912303-1,sw1235,1
912305-1,sw1255,1
912307-1,sw1116,1
912309-1,sw1275,1
912310-1,sw1201,1
912310-1,sw1314,1
912401-1,sw1259,1
912402-1,sw1263,1
912403-1,sw1305,1
912404-1,sw0532,1
912407-1,sw1248,1
912408-1,sw1273,1
912409-1,sw1319,1
9124-1,4555pb057,1
9124-1,4555pb064,1
9124-1,4555pb063,1
9124-1,4555pb018,1
9124-1,4555pb217,1
9124-1,4555pb226,1
9124-1,4555pb247,1
9124-1,4555pb253,1
912410-1,sw1260,1
912501-1,sw1344,1
912502-1,sw1404,1
912503-1,sw1346,1
912504-1,sw1343,1
9125-1,4555pb028,1
9125-1,4555pb040,1
9125-1,6453pb020,1
9125-1,4555pb051,1
9125-1,4555pb052,1
9125-1,4555pb081,1
9126-1,31312pb02,1
9126-1,31312pb04,1
9126-1,31310pb02,1
9126-1,31310pb03,1
9127-1,31312pb01,1
9127-1,31312pb02,1
9127-1,31312pb03,1
9127-1,31312pb04,1
9127-1,31310pb01,1
9127-1,31310pb02,1
9127-1,31310pb03,1
9127-1,31310pb04,1
9128-1,4555pb038,5
9129-1,31231pb04,1
9129-1,31232pb04,1
9129-1,31231pb01,1
9129-1,31234pb02,1
9129-1,31232pb01,1
9129-1,31233pb02,1
9129-1,31231pb03,1
9129-1,31233pb03,1
9129-1,31234pb03,1
9129-1,31234pb04,1
9130-1,4555pb022,1
9130-1,4555pb028,1
9130-1,6453pb020,1
9130-1,6453pb003,1
9130-1,4555pb084,1
9130-1,4555pb111,1
9130-1,6453pb032,1
9131-1,4555pb054,2
9131-1,4555pb072,2
9131-1,31181pb02,2
9131-1,6453pb019,2
9131-1,6453pb009,2
9131-1,4555pb084,1
9132-1,47394pb002,1
9132-1,47394pb018,1
9132-1,47394pb024,1
9132-1,47394pb034,1
9132-1,47394pb039,1
9132-1,47394pb064,1
9132-1,47394pb076,1
9132-1,47394pb077,1
9132-1,47394pb065,1
9132-1,47394pb125,1
9133-1,4555pb008,1
9133-1,6453pb005,1
9133-1,4555pb071,2
9133-1,4555pb100,1
9133-1,6453pb046,1
9134-1,6453pb003,1
9134-1,6453pb021,1
9134-1,4555pb137,1
9134-1,4555pb152,1
9137-1,4555pb071,2
9139-1,4555pb027,2
9148-1,6453pb011,1
9148-1,4555pb033,1
9148-1,4555pb008,1
9148-1,6453pb022,1
9148-1,6453pb024,1
9148-1,4555pb089,1
9148-1,6453pb026,1
9148-1,6453pb038,1
9149-1,4555pb008,1
9149-1,6453pb014,3
9149-1,4555pb071,1
9149-1,6453pb046,2
9150-1,4943pb015,1
9150-1,4943pb016,1
9150-1,4555pb211,1
9150-1,4555pb234,1
9151-1,4943pb002,1
9151-1,4555pb158,1
9151-1,4943pb015,2
9151-1,4943pb016,1
9151-1,4555pb207,1
9151-1,4555pb208,1
9151-1,4555pb209,1
9151-1,4555pb210,1
9151-1,4555pb211,1
9152-1,4943pb002,1
9152-1,4943pb012,1
9152-1,4943pb016,1
9152-1,4943pb003,1
9152-1,4943pb015,1
9152-1,4943pb011,1
9152-1,4555pb210,1
9152-1,4555pb142,1
9152-1,4555pb211,1
9152-1,4555pb131,1
9153-1,4555pb086a,1
9153-1,4555pb159,1
9153-1,4555pb177,1
9153-1,4943pb015,1
9153-1,4943pb016,1
9153-1,4555pb210,1
9153-1,4555pb211,1
9153-1,4555pb222,1
9155-1,4555pb036,1
9155-1,4555pb001,1
9155-1,4555pb085,1
9155-1,4555pb113,1
9155-1,4943pb013,1
9155-1,4555pb254,1
9156-1,4943pb003,1
9156-1,4943pb002,1
9156-1,4555pb093,1
9156-1,4555pb114,1
9156-1,4555pb115,1
9156-1,4555pb121,1
9156-1,4555pb131,1
9156-1,4943pb011,1
9156-1,4555pb169,1
9156-1,4555pb215,1
9156-1,4555pb230,1
9156-1,4555pb160,1
9157-1,4555pb069,1
9157-1,4555pb013,1
9157-1,4555pb093,1
9157-1,4555pb114,1
9157-1,4555pb117,1
9157-1,4555pb149,1
9157-1,4555pb248,1
9158-1,4555pb013,1
9158-1,4943pb003,1
9158-1,4943pb002,1
9158-1,4555pb093,1
9158-1,4555pb114,1
9158-1,4555pb117,1
9158-1,4555pb121,1
9158-1,4555pb131,1
9158-1,4555pb142,1
9158-1,4555pb157,1
9158-1,4943pb011,1
9158-1,4555pb099,1
9158-1,4943pb012,1
9158-1,4555pb149,1
9158-1,4555pb169,1
9158-1,4555pb199,1
9158-1,4555pb229,1
9158-1,4555pb230,1
9159-1,4943pb003,1
9159-1,4555pb093,1
9159-1,4943pb008,1
9159-1,4943pb007,1
9159-1,4943pb005,1
9159-1,4555pb120,1
9159-1,4555pb131,1
9159-1,4555pb126,1
9159-1,4555pb142,1
9159-1,4943pb011,1
9159-1,4555pb185,1
9159-1,4555pb186,1
9159-1,4555pb223,1
9159-1,4555pb224,1
9159-1,4555pb231,1
9159-1,4555pb232,1
9159-1,4943pb017,1
9159-1,4555pb258,1
9160-1,4555pb079,1
9161-1,4555pb117,1
9161-1,4555pb121,1
9161-1,4555pb131,1
9161-1,4555pb146,1
9161-1,4555pb199,1
9162-1,4555pb020,1
9162-1,4555pb115,1
9162-1,4555pb155,1
9162-1,4555pb156,1
9162-1,4555pb157,1
9162-1,4555pb008b,1
9163-1,4555pb057,2
9163-1,4555pb046,1
9163-1,4555pb010,1
9163-1,4555pb105,1
9163-1,4555pb107,1
9163-1,4555pb112,1
9165-1,4555pb061,1
9165-1,4555pb058,1
9165-1,4555pb066,1
9165-1,4555pb114,1
9165-1,4555pb112,1
9165-1,4555pb121,1
9165-1,4555pb125,1
9165-1,4555pb156,1
9166-1,4555pb117,1
9166-1,4555pb121,1
9166-1,4555pb124,1
9166-1,4555pb180,1
9167-1,4555pb049,1
9167-1,4555pb020,1
9167-1,4555pb108,1
9167-1,4555pb008b,1
9167-1,6453pb047,1
9168-1,6453pb006,1
9168-1,4555pb084,1
9168-1,4555pb111,1
9168-1,4555pb098,1
9168-1,4555pb116,1
9168-1,6453pb029,1
9168-1,6453pb032,1
9169-1,6453pb022,1
9169-1,4555pb098,1
9169-1,4555pb127,1
9170-1,4555pb058,1
9170-1,4555pb016,1
9170-1,4555pb033,1
9170-1,6453pb006,1
9170-1,6453pb010,1
9170-1,6453pb022,1
9170-1,4555pb114,1
9170-1,6453pb027,1
9170-1,4555pb127,1
9170-1,6453pb029,1
9170-1,6453pb032,1
9170-1,4555pb212,1
9170-1,4555pb213,1
9170-1,4555pb217,1
9170-1,4555pb218,1
9170-1,4555pb248,1
9170-1,4555pb253,1
9170-1,4555pb263,1
9171-1,4555pb048,1
9171-1,4555pb012,1
9171-1,4555pb011,1
9171-1,4555pb050,1
9171-1,4555pb084,1
9171-1,4555pb111,1
9171-1,6453pb029,1
9171-1,6453pb032,1
9171-1,6453pb042,1
9171-1,6453pb044,1
9171-1,4555pb184,1
9171-1,4555pb200,1
9171-1,4555pb218,1
9171-1,6453pb045,1
9171-1,6453pb048,1
9171-1,4555pb225,1
9171-1,4555pb226,1
9171-1,4555pb227,1
9171-1,4555pb228,1
9171-1,6453pb049,1
9171-1,6453pb050,1
9171-1,4555pb247,1
9171-1,4555pb261,1
9171-1,4555pb061a,1
9173-1,6453pb011,1
9173-1,6453pb006,1
9173-1,4555pb027,1
9173-1,4555pb100,1
9173-1,4555pb253,1
9175-1,4555pb033,1
9175-1,6453pb016,1
9175-1,6453pb010,1
9175-1,4555pb027,1
9175-1,4555pb117,1
9175-1,4555pb212,1
9175-1,4555pb213,1
9175-1,4555pb248,1
9177-1,4555pb043,1
9177-1,4555pb064,1
9177-1,4555pb077,1
9177-1,4555pb018,1
9177-1,4555pb112,1
9177-1,4555pb217,1
9177-1,4555pb253,1
9178-1,4555pb062,1
9178-1,4555pb057,1
9178-1,4555pb077,1
9178-1,4555pb019,1
9178-1,4555pb055,1
9178-1,4555pb253,1
9179-1,4555pb045,2
9179-1,4555pb064,1
9179-1,4555pb048,1
9179-1,4555pb012,1
9179-1,4555pb016,1
9179-1,4555pb077,1
9179-1,4555pb063,1
9179-1,4555pb018,1
9179-1,4555pb093,1
9179-1,4555pb125,1
9179-1,4555pb184,1
9179-1,4555pb200,1
9179-1,4555pb213,1
9179-1,4555pb225,1
9179-1,4555pb247,2
9180-1,6453pb011,1
9180-1,4555pb016,1
9180-1,4555pb008,1
9180-1,6453pb006,1
9180-1,4555pb084,1
9180-1,4555pb128,1
9180-1,4555pb129,1
918-1,sp064,1
918-1,sp127,1
918-1,sp005,1
9181-1,4555pb062,1
9181-1,4555pb045,1
9181-1,4555pb043,1
9181-1,4555pb016,1
9181-1,4555pb129,1
9181-1,4555pb214,1
9181-1,4555pb248,1
9185-1,4555pb024,1
9185-1,4555pb087,1
9185-1,4555pb088,1
9185-1,4555pb118,1
9185-1,6453pb033,1
9185-1,31181pb04,1
9186-1,31181pb03,2
9186-1,4555pb080,2
9186-1,6453pb030,2
9186-1,6453pb031,2
9187-1,4555pb061,1
9187-1,4555pb062,1
9187-1,4555pb058,1
9187-1,6453pb011,1
9187-1,4555pb064,2
9187-1,6453pb006,1
9187-1,4555pb018,1
9187-1,4555pb053,1
9187-1,4555pb019,1
9189-1,6453pb004,1
9189-1,6453pb005,1
9189-1,6453pb026,1
9190-1,4555pb078,1
9190-1,4555pb133,1
9191-1,4555pb078,1
9191-1,4555pb133,1
9194-1,6453pb001,2
9194-1,4555pb035,2
9194-1,6453pb002,1
9194-1,4555pb145,1
9195-1,6453pb001,1
9195-1,4555pb035,1
9195-1,6453pb002,1
9195-1,4555pb145,1
9200-1,4555pb037,2
9200-1,4555pb138,2
9200-1,4555pb139,2
9201-1,4555pb037,2
9201-1,4555pb139,1
920-2,sp005,1
920-2,sp006,2
9202-1,4555pb139,1
9203-2,4555pb140,1
9203-2,4555pb153,1
9203-2,4555pb178,1
9203-2,4555pb196,2
9203-2,4555pb197,1
9206-1,47205pb001,1
9206-1,47205pb013,1
9206-1,47205pb014,1
9206-1,47394pb075,1
9206-1,47394pb078,1
9207-1,47394pb051,1
9207-1,47394pb059,1
9207-1,47205pb016,1
9207-1,47394pb070,1
9207-1,47394pb075,1
9207-1,47394pb105,1
9207-1,47394pb117,1
9209-1,47394pb016,1
9209-1,47394pb035,1
9209-1,47394pb066,1
9209-1,47205pb012,1
9209-1,47205pb016,1
9209-1,47394pb076,1
9209-1,47394pb095,1
9209-1,47394pb100,1
9209-1,47394pb114,1
9209-1,47394pb122,1
9209-1,47394pb138,1
9209-1,47394pb141,1
9211-1,47394pb002,1
9211-1,47394pb016,1
9211-1,47205pb002,1
9211-1,47394pb024,2
9211-1,47394pb064,1
9211-1,47394pb073,1
9211-1,47394pb076,1
9212-1,47394pb030,1
9212-1,47394pb048,1
9212-1,47394pb051,1
9217-1,47205pb002,1
9217-1,47394pb036,1
9217-1,47394pb039,1
9217-1,47205pb021,1
9222-1,47394pb015,1
9222-1,47205pb001,1
9222-1,47205pb002,1
9222-1,47394pb036,1
9222-1,47205pb010,1
9222-1,47205pb012,1
9222-1,47205pb013,1
9222-1,47205pb014,1
9222-1,47205pb015,1
9222-1,47205pb016,1
9222-1,47394pb070,1
9222-1,47394pb071,1
9222-1,47394pb074,1
9222-1,47394pb075,1
9222-1,47394pb037,1
9222-1,47394pb118,1
9222-1,47394pb078,1
9222-1,47394pb113,1
9224-1,47394pb002,1
9224-1,47394pb015,1
9224-1,47394pb018,1
9224-1,47394pb030,1
9224-1,47394pb033,1
9224-1,47394pb034,1
9224-1,47394pb035,1
9224-1,47394pb038,1
9224-1,47394pb039,1
9224-1,47394pb041,1
9224-1,47394pb045,1
9224-1,47394pb048,1
9224-1,47394pb052,1
9224-1,47394pb064,1
9224-1,47394pb065,1
9224-1,47394pb066,1
9224-1,47394pb073,1
9224-1,47394pb076,1
9224-1,47394pb077,1
9224-1,47394pb011a,1
9225-1,47205pb002,1
9225-1,47205pb008,1
9225-1,47394pb037,1
9225-1,47394pb058,1
9225-1,47394pb011a,1
9226-1,47205pb001,1
9226-1,47205pb008,1
9226-1,47394pb094,1
9226-1,47394pb095,1
9226-1,47394pb065,2
9226-1,47394pb125,2
9227-1,47205pb001,1
9227-1,47205pb002,1
9227-1,47394pb036,1
9227-1,47394pb037,1
9228-1,47394pb011a,1
9229-1,47394pb016,2
9229-1,47394pb024,1
9229-1,47394pb035,2
9229-1,47394pb081,1
9230-1,47205pb002,2
9230-1,47205pb006,2
9230-1,47205pb009,2
9230-1,47205pb011,2
9231-1,47394pb028,1
9231-1,47205pb009,1
9231-1,47205pb011,1
9231-1,47394pb068,1
9232-1,47205pb009,1
9232-1,47205pb011,1
9232-1,47394pb011a,1
9232-1,47394pb028,1
9232-1,47394pb091,1
9232-1,47394pb064,1
9232-1,47394pb124,1
9232-1,47394pb065,1
9232-1,47394pb125,1
9232-1,47394pb066,1
9232-1,47394pb126,1
9233-1,47205pb006,1
9233-1,47394pb039,1
9233-1,47205pb011,1
9233-1,47394pb068,1
9234-1,31312pb02,1
9234-1,31312pb03,1
9234-1,31310pb01,1
9234-1,31310pb02,1
9234-1,31310pb03,1
9234-1,31310pb04,1
9236-1,47205pb006,1
9236-1,47394pb030,1
9236-1,47205pb009,1
9236-1,47394pb011a,1
9237-1,47394pb023,1
9237-1,47394pb068,1
9238-1,47394pb011a,1
9239-1,47205pb005,1
9239-1,47394pb030,1
9240-1,47394pb061,2
9240-1,47394pb076,1
9240-1,47394pb077,1
924-1,sp005,1
924-1,sp006,1
9247-1,ovr003,1
9247-1,cop019,1
9247-1,rac010,1
9247-1,rac011,1
9247-1,trn075,1
9247-1,ovr022,1
9247-1,trn001,1
9247-1,trn002,1
9247-1,trn115,1
9247-1,wc008,1
9247-1,twn023,1
9247-1,inf002,1
9247-1,ixs011,1
9247-1,ixs012,1
9247-1,ixs014,1
9247-1,firec021,1
9247-1,oct047,1
9247-1,oct048,1
9247-1,chef011,1
9247-1,trn118,1
9247-1,wc026,1
9247-1,wc028,1
9247-1,twn024,1
9247-1,air019,1
9247-1,air020,1
9247-1,doc019,1
9247-1,wc022,1
9247-1,firec022,1
9247-1,twn063a,1
9247-1,doc038,1
9247-1,wtr002,1
9247-1,cty0107,1
9247-2,wtr002,1
9247-2,chef014,1
9247-2,trn121,4
9247-2,air029,1
9247-2,air030,1
9247-2,twn030,1
9247-2,doc026,1
9247-2,doc027,1
9247-2,doc025,1
9247-2,oct051,1
9247-2,cop048,1
9247-2,cty0028,1
9247-2,cop049,2
9247-2,ovr024,1
9247-2,cop050,1
9247-2,cty0035,3
9247-2,cty0036,1
9247-2,cty0037,1
9247-2,cty0038,1
9247-2,ovr025,1
9247-2,twn031,1
9247-2,twn061,1
9247-2,twn032,1
9247-2,par058a,1
9247-2,oct050,1
9247-2,oct070,1
9256-1,4224c02,2
9256-1,4224c01,2
926-1,sp063,2
926-1,sp064,2
926-1,sp128,2
926-1,sp006,2
926-1,sp127,2
926-1,sp005,2
928-1,sp005,2
928-1,sp006,2
9288-1,ovr012,1
9288-1,oct033,1
9288-1,pck022,2
9288-1,par055,2
9293-1,wtr001,1
9293-1,chef005,1
9293-1,trn026,1
9293-1,cop011,1
9293-1,cop010,1
9293-1,ovr003,1
9293-1,oct008,1
9293-1,oct009,1
9293-1,oct010,1
9293-1,trn071,1
9293-1,trn072,1
9293-1,trn073,1
9293-1,air014,1
9293-1,air015,1
9293-1,air016,1
9293-1,trn074,1
9293-1,doc014,1
9293-1,doc015,1
9293-1,oct027,1
9293-1,rac010,1
9293-1,rac011,1
9293-1,jbl003,1
9293-1,firec012,1
9293-1,ovr017,1
9293-1,ovr018,1
9293-1,firec017,1
9293-1,pln100,1
9293-1,firec027,1
9293-1,splc007,2
9303-1,cre003,1
9303-1,cre004,2
9303-1,cre005,1
9304-1,cre001,2
9304-1,cre003,2
9305-1,js007,1
9305-1,js001,1
9305-1,js002,1
9305-1,js010,1
9305-1,js013,1
9305-1,js005,1
9305-1,js016,1
9305-1,js028,1
9311-1,boat010,1
9311-1,twn113,1
9311-1,twn114,1
9311-1,twn115,1
9311-1,post009,1
9311-1,twn117,1
9311-1,twn118,1
9311-1,pln166,1
9311-1,chef020,1
9321-1,trn121,2
9321-1,air029,1
9321-1,air030,1
9321-1,doc026,1
9321-1,doc027,1
9321-1,cop048,2
9321-1,cty0035,2
9322-1,wtr002,1
9322-1,chef014,1
9322-1,trn121,4
9322-1,doc026,1
9322-1,doc027,1
9322-1,cty0037,1
9322-1,twn031,1
9322-1,pln134,1
9322-1,twn062,1
9337-1,edu011,1
9337-1,edu012,1
9337-1,edu013,1
9337-1,edu014,1
9337-1,edu015,1
9337-1,edu016,1
9337-1,edu017,1
9337-1,edu018,1
9337-1,edu019,1
9348-1,air047,1
9348-1,doc036,1
9348-1,trn145,1
9348-1,pln116,1
9348-1,cty0059,1
9348-1,twn129,1
9348-1,cty0119,1
9348-1,cty0120,1
9348-1,cop053,1
9348-1,cty0183,1
9348-1,twn130,1
9348-1,post010b,1
9348-1,post010a,1
9348-1,cty0222b,1
9348-1,cty0222a,1
9348-1,cty0058b,1
9348-1,cty0058a,1
9348-1,cty0214b,1
9348-1,cty0214a,1
9348-1,air046b,1
9348-1,air046a,1
9348-1,cty0123b,1
9348-1,cty0123a,1
9348-1,chef017b,1
9348-1,chef017a,1
9348-1,twn131b,1
9348-1,twn131a,1
9348-1,doc035b,1
9348-1,doc035a,1
9348-1,cty0090b,1
9348-1,cty0090a,1
9348-1,oct055b,1
9348-1,oct055a,1
9349-1,gen036,1
9349-1,gen037,1
9349-1,pi136,1
9349-1,twn134,1
9349-1,cas484,1
9349-1,cas477,1
9349-1,cas480,1
9349-1,twn132,1
9349-1,edu022,1
9349-1,pi139,1
9349-1,pi138b,1
9349-1,pi138a,1
9349-1,edu021b,1
9349-1,edu021a,1
9349-1,pi135b,1
9349-1,pi135a,1
9349-1,cas482b,1
9349-1,cas482a,1
9349-1,cas478b,1
9349-1,cas478a,1
9349-1,pi140b,1
9349-1,pi140a,1
9349-1,pi137b,1
9349-1,pi137a,1
9349-1,cas476b,1
9349-1,cas476a,1
9349-1,cas479b,1
9349-1,cas479a,1
9349-1,edu020b,1
9349-1,edu020a,1
9349-1,twn133b,1
9349-1,twn133a,1
9349-1,cas483b,1
9349-1,cas483a,1
9355-1,sp056,4
9355-1,sp057,4
9356-1,trn008,1
9356-1,trn025,1
9356-1,pln027,1
9356-1,ncklc013,1
9356-1,pln145,1
9356-1,ovr034,1
9356-1,but039,1
9356-1,but040,1
9361-1,chef004,2
9361-1,post001,2
9361-1,cop004,2
9361-1,boat001,2
9361-1,ovr003,2
9361-1,soc074,2
9361-1,trc005,2
9361-1,air037,2
9361-1,hgh008,2
9361-1,cop052,2
9361-1,pln130,2
9361-1,pln131,2
9364-1,pln050,2
9364-1,pln098,1
9364-1,zip028,1
9364-1,zip032,1
9364-1,zip033,1
9364-1,zip034,1
9364-1,zip035,1
9364-1,ncklc013,1
9364-1,hor028,1
9364-1,pln140,3
9364-1,pln141,1
9364-1,zip036,1
9364-1,pln142,1
9364-1,pln143,1
9364-1,zip046,1
9364-1,zip019,1
9364-1,zip029,1
9365-1,oct012,1
9365-1,cop005,1
9365-1,ovr001,1
9365-1,ovr005,1
9365-1,ovr014,1
9365-1,trc002,1
9365-1,pln033,1
9365-1,pln050,1
9365-1,zip028,1
9365-1,zip029,1
9365-1,hor025,1
9365-1,cop051,1
9365-1,firec028,1
9371-1,oct013,1
9371-1,con002,1
9371-1,con003,1
9371-1,soc045,1
9371-1,cop041,1
9371-1,fire006,1
9371-1,fire007,1
9371-1,fire008,1
9376-1,cas023,2
9376-1,gen001,2
9376-1,cas022a,2
9376-1,cas215,2
9376-1,gen012,2
9376-1,cas384,2
9376-1,cas551,2
9376-1,cas060a,2
9376-1,cas552,2
9440-1,njo0031,1
9441-1,njo0032,1
9441-1,njo0033,1
9442-1,njo0034,1
9442-1,njo0035,1
9443-1,njo0036,1
9443-1,njo0037,1
9443-1,njo0038,1
9444-1,njo0039,1
9444-1,njo0040,1
9445-1,njo0031,1
9445-1,njo0047,1
9445-1,njo0048,1
9445-1,njo0049,1
9446-1,njo0040,1
9446-1,njo0042,1
9446-1,njo0043,1
9446-1,njo0044,1
9446-1,njo0045,1
9446-1,njo0046,1
9447-1,njo0039,1
9447-1,njo0051,1
9448-1,njo0050,1
9448-1,njo0063,1
9448-1,njo0062,1
9449-1,njo0031,1
9449-1,njo0032,1
9449-1,njo0039,1
9449-1,njo0047,1
9449-1,njo0058,1
9449-1,njo0060,1
9450-1,njo0042,1
9450-1,njo0047,1
9450-1,njo0056,1
9450-1,njo0064,1
9450-1,njo0065,1
9450-1,njo0066,1
9450-1,njo0067,1
9455-1,njo0036,1
9455-1,njo0041,1
9456-1,njo0033,1
9456-1,njo0052,1
9457-1,njo0038,1
9457-1,njo0041,1
9457-1,njo0048,1
9461-1,mof014,1
9461-1,mof015,1
9462-1,mof002,1
9462-1,mof001,1
9462-1,mof001a,1
9463-1,mof003,1
9463-1,mof004,1
9464-1,mof005,1
9464-1,mof012,1
9464-1,mof013,1
9465-1,mof006,1
9465-1,mof010,1
9465-1,mof011,1
9465-1,mof012,1
9466-1,mof004,1
9466-1,mof005,1
9466-1,mof016,1
9466-1,mof017,1
9467-1,mof002,1
9467-1,mof015,1
9467-1,gen043,3
9468-1,gen001,1
9468-1,mof005,1
9468-1,mof006,1
9468-1,mof007,1
9468-1,mof008,1
9468-1,mof009,2
9469-1,lor001,1
9469-1,lor002,1
9470-1,lor003,1
9470-1,lor004,1
9470-1,lor005,1
9471-1,lor006,1
9471-1,lor007,1
9471-1,lor008,2
9471-1,lor009,1
9471-1,lor010,1
9472-1,lor016,1
9472-1,lor017,1
9472-1,lor018,2
9472-1,lor028,1
9473-1,gen001,2
9473-1,lor011,2
9473-1,lor012,1
9473-1,lor013,1
9473-1,lor014,1
9473-1,lor015,1
9473-1,lor027,1
9474-1,lor007,1
9474-1,lor008,2
9474-1,lor013,1
9474-1,lor017,1
9474-1,lor019,1
9474-1,lor020,1
9474-1,lor021,1
9476-1,lor022,1
9476-1,lor023,1
9476-1,lor024,1
9476-1,lor025,1
9478-1,crs100,1
9479-1,crs090,1
9480-1,crs099,1
9481-1,crs094,1
9483-1,crs091,1
9483-1,crs105,1
9484-1,crs107,1
9484-1,crs108,1
9484-1,crs108s,1
9485-1,crs068,1
9485-1,crs069,1
9485-1,crs070,1
9485-1,crs071,1
9486-1,crs101,1
9486-1,crs102,1
9486-1,crs103,1
9486-1,crs104,1
9486-1,crs104s,1
9488-1,sw0359,2
9488-1,sw0377,1
9488-1,sw0378,1
9489-1,sw0366,1
9489-1,sw0005b,1
9489-1,sw0367,1
9489-1,sw0368,1
9490-1,sw0217,1
9490-1,sw0364,1
9490-1,sw0383,1
9490-1,sw0365,1
9491-1,sw0379,1
9491-1,sw0380,1
9491-1,sw0381,1
9491-1,sw0382,1
9492-1,sw0268a,1
9492-1,sw0374,1
9492-1,sw0375,1
9492-1,sw0376,1
9493-1,sw0217,1
9493-1,sw0295,1
9493-1,sw0372,1
9493-1,sw0373,1
9494-1,sw0096,1
9494-1,sw0217,1
9494-1,sw0361,1
9494-1,sw0362,1
9494-1,sw0363,1
9495-1,sw0369,1
9495-1,sw0370,1
9495-1,sw0371,1
9496-1,sw0395,1
9496-1,sw0396,1
9496-1,sw0397,1
9496-1,sw0398,1
9497-1,sw0389,1
9497-1,sw0390,1
9497-1,sw0391,1
9498-1,sw0308,1
9498-1,sw0392,1
9498-1,sw0393,1
9499-1,sw0301,1
9499-1,sw0387,1
9499-1,sw0409,1
9499-1,sw0410,1
9500-1,sw0413,1
9500-1,sw0414,2
9515-1,sw0001c,1
9515-1,sw0183,1
9515-1,sw0224,1
9515-1,sw0254,1
9515-1,sw0415,1
9515-1,sw0411,1
9516-1,sw0011a,1
9516-1,sw0402,1
9516-1,sw0403,1
9516-1,sw0404,1
9516-1,sw0405,1
9516-1,sw0406,1
9516-1,sw0407,1
9516-1,sw0408,1
9516-1,sw0412,1
951701-1,cty0708,1
951701-1,cty0709,1
951702-1,cty0699,1
951703-1,cty0558,1
951704-1,cty0669,1
9517-1,2327pb03,1
9517-1,2327pb06,1
9517-1,2327pb08,1
9517-1,2327pb36,1
951805-1,cty0887,1
951806-1,cty0846,1
951807-1,cty0922,1
951808-1,cty0830,1
951809-1,cty0945,1
951810-1,cty0903,1
951901-1,cty1001,1
951902-1,cty1004,1
951903-1,cty1006,1
951904-1,cty1007,1
951905-1,cty0961,1
951906-1,cty1062,1
951907-1,cty0748,1
951908-1,cty1076,1
951908-1,cty1077,1
951909-1,cty1089,1
951910-1,cty1090,1
951911-1,cty1059,1
951912-1,cty1093,1
952001-1,cty1143,1
952002-1,cty0965,1
952003-1,cty1154,1
952005-1,cty1160,1
952008-1,cty1200,1
952009-1,cty1105,1
952010-1,cty1223,1
952011-1,cty1042,1
952012-1,cty1225,1
952016-1,cty1155,1
952016-1,cty1156,1
952018-1,cty1074,1
952019-1,cty1191,1
952101-1,cty1249,1
952102-1,cty1286,1
952103-1,cty1285,1
952104-1,cty1287,1
952105-1,cty1289,1
952105-1,cty1290,1
952106-1,cty1291,1
952107-1,cty1293,1
952108-1,cty1308,1
952109-1,cty1312,1
952110-1,cty1313,1
952111-1,cty1317,1
952112-1,cty1302,1
952201-1,cty1373,1
952202-1,cty1406,1
952203-1,cty1419,1
952204-1,cty1435,1
952205-1,cty1436,1
952206-1,cty1449,1
952207-1,cty1475,1
952208-1,cty1477,1
952209-1,cty1502,1
952210-1,cty1509,1
952211-1,cty1510,1
952211-1,cty1511,1
952212-1,cty1512,1
952301-1,cty1513,1
952302-1,cty1548,1
952303-1,cty1574,1
952304-1,cty1042,1
952304-1,cty1595,1
952305-1,cty1600,1
952305-1,cty1601,1
952306-1,cty1602,1
952307-1,cty1618,1
952308-1,cty1665,1
952309-1,cty1687,1
952310-1,cty1688,1
952311-1,cty1689,1
952312-1,cty1690,1
952401-1,cty1691,1
952402-1,cty1728,1
952403-1,cty1756,1
952404-1,cty1761,1
952405-1,cty1762,1
952406-1,cty1768,1
952407-1,cty1775,1
952408-1,cty1790,1
952409-1,cty1794,1
952410-1,cty1766,1
952411-1,cty1759,1
952412-1,cty1825,1
952501-1,cty1699,1
952501-1,cty1826,1
952502-1,cty1862,1
952503-1,cty1872,1
952504-1,cty1758,1
9525-1,sw0197,1
9525-1,sw0296,1
9525-1,sw0416,1
9526-1,sw0417,1
9526-1,sw0418,1
9526-1,sw0419,1
9526-1,sw0420,1
9526-1,sw0421,1
9526-1,sw0422,1
9540-1,6453pb029,1
9540-1,6453pb042,1
9540-1,6453pb044,1
9540-1,6453pb048,1
9541-1,6453pb008,1
9541-1,6453pb020,1
9541-1,6453pb003,1
9541-1,6453pb021,1
9544-1,cre001,1
9544-1,cre003,1
9551-1,njo0041,1
9552-1,njo0038,1
9553-1,njo0047,1
9554-1,njo0031,1
9555-1,njo0059,1
9556-1,njo0062,1
9557-1,njo0068,1
9558-1,njo0052,1
9561-1,njo0032,1
9562-1,njo0051,1
9563-1,njo0044,1
9564-1,njo0035,1
9566-1,njo0050,1
9567-1,njo0036,1
9569-1,njo0058,1
9570-1,njo0061,1
9571-1,njo0048,1
9572-1,njo0057,1
9573-1,njo0045,1
9574-1,njo0065,1
9579-1,njo0033,1
9579-1,njo0039,1
9590-1,njo0069,1
9591-1,njo0055,1
9591-1,njo0056,1
9594-1,cty0606,1
9610-1,trn025,1
9610-1,ovr026,1
9616-1,ovr028,1
9632-1,par060,1
9632-1,twn062,1
9650-1,trn036,4
9650-1,jbl004,4
9650-1,pln098,4
9650-1,oct046,4
9653-1,2327pb06,1
9653-1,2327pb20,1
9654-1,2327pb20,1
9654-1,47205pb024,1
9654-1,2327pb06,1
9654-1,47205pb001,1
9656-1,47205pb001,1
9656-1,47205pb014,1
9660-1,2327pb03,1
9660-1,2327pb20,1
9660-3,47205pb001,1
9660-3,47205pb024,1
9664-1,fst016,1
9664-1,fst017,1
9664-1,fst018,1
9674-1,sw0340,1
9675-1,sw0326,1
9676-1,sw0268a,1
9677-1,sw0399,1
9678-1,sw0400,1
9679-1,sw0401,1
9681-1,pln049,1
9681-1,oct052,1
9681-1,twn039,1
9681-1,jbl012,1
9684-1,pln049,1
9684-1,oct052,1
9684-1,twn039,1
9684-1,jbl012,1
9686-1,par060,1
9686-1,twn062,1
9690-1,47205pb002,1
9690-1,47205pb016,1
9692-1,47205pb001,1
9692-1,47205pb014,1
9699-1,fst003,1
9699-1,fst004,1
9699-1,fst005,1
9699-1,fst006,1
9699-1,fst007,1
9699-1,fst008,1
9699-1,fst009,1
9699-1,fst010,1
9699-1,fst011,1
9699-1,fst012,1
9699-1,fst013,1
9699-1,fst014,1
9700-1,pln105,1
9700-1,pln110,1
9700-1,pln114,1
9700-1,pln115,1
9702-1,ovr014,1
9702-1,ncklc008,1
9702-2,trn025,1
9702-2,twn043,1
970661-1,gen001,10
970672-1,gen001,1
9725-1,gen001,1
9725-1,jbl004,1
9725-1,oct052,1
9725-1,twn043,1
9725-1,pln153,1
9725-2,gen001,1
9725-2,pln153,1
9763-1,fst015,2
9764-1,twn062,1
9780-1,pln049,1
9780-1,oct052,1
9780-1,twn039,1
9780-1,jbl012,1
9784-1,arc013,5
9788-1,fst028,1
9788-1,fst029,1
9788-1,fst030,1
9788-1,fst031,1
9818-1,pln049,1
9818-1,oct052,1
9818-1,twn039,1
9818-1,jbl012,1
9947-1,jbl004,1
9947-1,oct052,1
9947-1,twn043,1
9947-1,pln153,1
