bricklink_minifig_id,avg_price,min_price,max_price
ac011,30.4625,19.0086,55.1000
adv003,5.1590,2.1786,25.0000
adv006,3.4080,1.0000,29.9900
adv010,3.3160,0.5000,30.0000
adv021,12.3288,5.2565,42.0000
adv023,8.9270,3.9900,29.2500
adv033,5.1382,2.3362,18.3954
adv035,4.2937,1.7522,15.0000
adv037,5.6609,2.6910,19.5000
adv038,4.0227,1.4524,25.0000
adv041,4.5644,2.1094,15.0000
adv042,14.7656,6.8131,39.9860
agt001,2.0756,0.7262,6.5797
agt002,2.6634,1.1681,12.8200
agt030,5.4989,2.3312,29.9900
ang004,3.1147,1.0893,15.0000
aqu001a,3.3765,1.4250,20.3729
aqu007,5.1502,1.9858,35.0000
atl003,2.7784,0.6677,39.9900
atl004,3.1160,0.5841,30.0000
bat013,67.1727,29.9618,156.2507
bat019,66.4867,24.9900,142.4800
bat020,28.4211,16.3417,40.8650
cas008,35.8607,16.0000,146.0800
cas022a,5.2877,2.3245,27.7313
cas048,5.2105,1.4017,84.4300
cas050,4.7886,1.7400,30.0000
cas167,196.5875,102.5053,443.3300
cas206,21.4559,8.0000,148.0000
cas249,8.5394,4.0540,82.0100
cas266,7.5465,3.5000,55.3000
cas271,8.4150,4.6794,38.6900
cas327,5.4985,2.8961,38.0000
cas382,8.0677,4.9810,33.3900
cas418,8.8408,4.3572,17.5920
cas422,20.0530,8.6884,83.1300
cas448,7.4727,4.3468,25.0500
cas498,10.0348,6.4648,59.9900
cas520,8.0941,3.8250,26.4400
cas524,21.4340,11.3826,86.7839
cas525,9.0322,3.4000,37.3800
cas530,8.2727,5.2214,27.7700
cas581,12.7679,10.3559,17.2835
col002,6.5306,3.2982,17.5700
col006,6.3978,2.9203,22.6200
col009,5.5089,2.6563,25.7700
col017,8.8200,4.9387,28.9000
col018,22.2325,14.4099,109.8000
col020,7.6051,3.9961,25.0000
col022,2.7184,1.1564,11.7200
col029,4.8574,1.3626,14.2700
col030,3.7264,0.7106,11.1815
col031,7.6146,2.9048,23.0100
col033,5.5172,3.1606,14.0701
col034,7.8895,4.2228,26.7000
col035,6.2938,3.0554,14.9752
col042,27.5275,14.2122,40.0000
col044,3.9999,2.3245,13.6200
col045,4.7740,2.1786,18.3750
col047,5.1204,2.3245,17.5215
col048,11.8066,5.3482,81.4100
col049,5.3228,2.7252,15.3599
col050,9.7829,4.2923,31.6600
col052,3.9649,1.6351,15.4950
col053,2.7274,1.0765,8.8000
col057,3.2165,0.6435,13.0200
col061,12.6998,7.0387,59.9900
col066,10.8796,4.7010,42.2600
col068,3.7432,1.9758,13.9500
col069,3.9873,1.2935,19.9900
col072,3.9679,1.8750,12.2500
col073,3.7871,1.3757,13.6126
col075,3.8336,2.0000,12.0906
col076,15.9633,9.3448,48.2133
col078,5.8086,1.0659,12.7010
col080,3.6822,1.0000,17.3700
col081,8.5903,4.6724,17.0547
col082,5.0538,1.7033,20.0300
col086,3.6807,0.9900,11.7712
col089,6.1075,3.4926,18.5200
col090,22.1352,13.1011,58.8600
col092,2.7744,1.2264,9.0000
col093,3.9193,1.4601,12.5200
col094,4.9651,1.6351,40.0000
col097,5.1944,2.0091,14.6400
col098,9.7651,5.4505,27.1800
col099,12.9738,2.4871,35.8500
col104,5.3771,1.9758,15.7800
col105,3.2671,1.4524,9.1800
col109,10.9493,2.1318,39.1800
col110,13.3769,8.1427,35.0000
col111,3.7655,1.5943,22.3189
col112,6.9350,4.5964,29.1300
col114,28.2934,6.8131,97.4100
col115,13.0375,7.4900,35.6000
col117,8.0486,4.0742,24.9400
col118,12.6019,7.9686,35.4200
col119,4.5056,2.3245,31.6500
col122,3.3901,1.0819,37.8100
col125,4.9053,2.1026,17.3100
col127,8.1604,3.5870,24.0000
col128,15.6079,7.8167,30.9900
col131,13.0041,7.0086,21.5400
col132,24.3381,13.6262,98.0000
col135,6.2457,3.2590,16.3369
col136,6.7701,2.3245,13.3200
col137,15.1784,10.2197,31.2669
col139,4.2699,2.1318,17.6568
col141,4.0913,2.1318,9.5247
col142,4.6489,2.6481,25.9900
col143,26.9327,16.3534,69.9900
col147,20.2546,10.6592,84.9300
col149,6.5266,1.4524,82.2900
col151,23.5899,12.0000,66.9466
col153,2.8755,1.3566,11.7400
col156,12.5950,6.6087,42.5300
col157,4.5893,1.9417,14.0400
col158,5.4440,2.4430,21.1056
col160,3.3271,0.9718,29.9900
col162,11.0509,5.3382,48.0000
col167,24.6339,17.7141,40.0000
col171,2.3850,0.8177,7.8500
col178,4.5776,1.8750,16.2500
col180,12.6825,4.6190,39.8200
col181,6.2675,2.3582,11.0000
col183,11.0469,5.7666,28.0700
col184,3.7987,1.7429,15.0568
col185,7.1239,4.5945,26.9100
col186,6.8279,3.5000,24.0600
col188,3.0332,0.9000,9.6700
col193,4.8177,0.8761,12.5000
col195,28.7013,17.4415,68.9200
col197,10.5814,5.1563,35.0430
col200,3.3982,1.7300,12.4950
col202,4.9081,2.1500,13.4910
col204,9.1537,5.0834,26.9994
col206,4.4761,2.0000,16.6725
col207,3.9979,1.4844,16.4400
col208,13.5768,9.5125,26.5980
col209,4.3654,2.6866,8.5212
col210,4.1661,2.0313,15.6400
col212,6.6463,4.0000,18.4700
col213,3.5490,1.6937,12.6300
col215,4.2837,1.7405,15.0568
col216,5.9027,3.3641,18.0200
col218,6.1746,3.0000,15.6334
col219,4.6990,2.8726,13.6126
col222,3.5081,1.5721,14.4750
col223,5.7042,3.5531,12.0906
col225,6.8543,3.3456,43.3500
col230,23.0092,16.3396,40.8843
col231,3.1932,1.5943,24.0000
col233,7.2548,3.1250,19.9131
col238,5.0579,2.9203,15.0000
col239,2.7157,1.1582,8.1621
col240,5.9947,3.4066,18.5400
col241,2.6069,1.1564,7.3600
col242,2.8357,1.0980,8.9900
col245,4.3318,2.0313,24.9900
col247,5.5796,3.3729,18.0000
col248,4.1758,1.7033,24.9800
col250,2.7517,1.0893,9.3500
col252,5.0314,3.2617,21.7862
col253,6.4524,3.7472,16.3378
col254,21.5524,13.3000,96.6450
col255,2.2899,0.8661,8.2350
col257,4.2725,1.5234,60.9500
col258,7.5148,4.2923,35.8950
col259,3.6275,2.1071,11.9400
col260,7.9126,3.4066,40.8786
col261,12.4323,9.1977,31.2669
col262,4.6972,3.5696,6.5359
col263,18.1765,12.0000,55.1600
col264,7.8091,5.4097,19.7100
col265,6.7566,2.9048,12.3000
col266,5.2378,2.4527,10.0000
col267,4.9500,2.3165,15.0000
col268,3.7744,1.9639,7.3100
col269,3.4192,1.9758,7.0627
col270,4.1373,2.2620,15.7100
col272,7.3168,4.2400,13.7979
col277,2.9249,1.4601,9.6200
col278,9.3813,0.0007,13.6126
col279,2.3547,0.9228,14.6094
col280,9.2923,5.0834,34.3600
col281,6.5577,3.5000,19.3500
col282,1.9569,1.0000,7.5900
col283,2.1095,0.6830,6.1200
col284,3.9313,2.8976,9.1060
col285,4.7702,2.2500,15.5600
col286,3.3282,1.7728,23.9900
col287,2.9892,1.5670,23.9900
col289,6.3148,2.8424,29.9900
col291,4.1584,2.1000,13.8300
col294,3.2730,0.9804,25.9900
col295,6.8315,4.1898,28.0000
col299,3.1703,1.3626,25.9900
col300,13.0180,6.8921,59.9900
col302,5.0112,2.8388,13.1900
col303,4.8882,2.3846,13.9600
col304,10.1124,5.4505,12.8472
col305,7.8237,5.4505,23.9100
col306,17.7604,7.6443,60.2700
col307,15.3328,10.1669,43.1900
col308,2.3092,1.1039,12.7200
col309,3.6958,1.6900,13.7300
col310,5.4266,2.8437,13.6000
col311,2.2727,1.0755,4.4200
col313,4.8898,2.8424,22.8900
col316,4.7602,2.2291,14.4000
col317,3.2416,1.9147,7.0000
col318,12.8973,7.0000,27.3898
col322,7.8454,4.6481,29.9900
col323,6.2900,3.5043,15.0000
col325,5.8636,3.3070,15.6300
col326,5.0299,3.1743,19.9900
col327,3.0463,1.7033,8.3800
col329,16.2708,10.1563,45.5200
col330,7.8787,4.1597,11.9900
col331,6.7901,3.6310,19.8500
col332,6.3236,3.5531,8.1757
col333,16.5136,7.8847,37.9700
col334,46.1928,30.5006,121.8800
col335,18.5488,8.4375,68.1174
col336,29.8411,16.4063,95.0200
col337,33.4468,20.9207,84.6300
col340,10.7941,8.9900,14.1515
col341,2.7734,1.0802,24.9900
col342,7.4252,4.4925,22.3700
col343,30.1863,17.4289,85.7900
col347,4.4437,2.7252,12.9900
col348,6.3541,2.9700,31.8800
col349,3.0836,1.7300,19.9900
col350,3.3034,1.3800,39.9900
col352,7.9301,3.1977,23.4376
col355,7.5775,3.9084,12.7500
col358,5.9598,3.4747,8.4300
col359,4.3591,2.8685,8.0000
col362,7.7291,4.1757,25.0000
col364,7.2659,5.1212,10.8900
col365,28.2737,17.4415,44.0579
col367,3.5436,1.4064,10.3600
col369,2.6612,1.5250,7.2200
col372,4.9163,3.1902,7.4808
col374,2.7976,1.0356,11.7712
col375,2.8909,1.4212,14.7140
col376,3.8337,1.9239,16.0000
col379,15.9602,7.0086,52.4500
col381,5.9751,3.3957,18.5100
col382,3.9813,1.3794,11.7712
col383,5.4494,2.5698,20.0000
col385,3.3312,1.1681,11.7712
col386,4.0553,2.3846,12.4900
col387,4.3892,1.4212,11.9100
col388,8.1543,4.4309,19.6100
col389,5.3919,3.3276,11.6750
col391,2.9655,0.5942,11.7712
col392,5.3446,2.9203,20.8800
col394,2.8869,1.0659,11.7712
col395,5.2222,3.0000,19.1000
col396,18.5036,13.5000,31.3266
col397,2.4111,1.3027,14.7140
col398,5.8040,3.5000,10.6200
col399,3.9427,2.1624,11.7712
col401,4.8052,2.7224,11.7712
col402,4.6309,2.7000,17.4150
col403,3.3982,1.6351,9.8900
col404,4.7858,2.9714,14.7140
col405,4.1475,2.5404,12.6500
col406,4.7513,2.5348,21.1050
col408,7.9439,4.3703,15.7178
col414,5.9841,3.6310,12.5000
col423,3.5303,1.6488,8.1800
col424,4.3910,2.3154,15.7900
col425,3.0842,1.5769,9.6700
col426,12.1454,6.8451,25.4172
col429,5.1364,3.0763,16.0100
col430,3.0195,1.0535,9.3200
col431,5.1105,2.8424,20.0000
col434,4.4293,2.8208,13.3600
col435,2.5343,1.0100,7.1100
col436,4.1277,2.2340,9.4407
col438,4.5487,2.9153,8.7145
col439,2.7576,0.5414,6.5414
col440,4.3643,2.5754,9.4407
col441,2.9883,0.9929,8.0000
col443,3.9358,2.0439,8.1621
col444,4.0986,2.6571,8.0000
col445,3.4478,1.9374,8.1621
col446,4.4175,2.5959,11.4000
col448,4.1913,2.3846,10.8873
col449,3.7742,1.0000,9.3448
col450,12.1309,7.9827,24.5272
col451,3.4663,2.3315,7.0086
col452,2.5736,1.6500,5.7330
col453,3.2009,1.6228,10.9300
col454,4.0162,2.1277,8.8284
col455,2.2138,1.3626,4.9060
col458,3.3839,1.9858,9.5000
col460,4.1201,2.5805,12.0906
coldnd08,4.5143,3.0864,10.9900
colhp04,2.9134,1.5625,8.4100
colhp11,8.4119,3.4375,23.3503
colhp20,2.4964,1.1355,8.8116
colhp29,3.4031,1.3081,10.1400
colhp36,3.6479,2.3058,10.6900
colmar03,3.1551,1.4310,13.3770
colmar12,4.6582,2.3245,19.4250
colmar15,4.2266,2.5698,12.7510
colmar21,3.0868,1.2500,9.1600
colmar22,5.4026,3.6009,15.9900
colsh05,5.2491,2.5694,27.1843
coltlbm09,2.9608,1.1027,11.7712
coltlbm13,5.9424,3.2823,15.9800
coltlnm02,2.9896,1.4524,19.9900
coltlnm04,4.4109,1.5625,20.4393
coltlnm05,6.7862,4.1468,26.5100
coltlnm12,3.6958,2.1855,17.3800
coltlnm14,3.0422,1.2265,10.5300
coltlnm15,3.7981,1.5396,37.3792
coltlnm16,5.3723,2.1428,17.5500
coltlnm18,2.6917,1.4524,11.6000
coltm11,4.7315,2.3983,11.7712
cty0991,1.8944,0.6743,11.6693
cty1113,2.8730,1.4185,10.0200
cty1130,2.6178,1.4503,7.6000
cty1166,2.6592,1.7522,6.0831
cty1184,2.9719,1.9872,9.0000
cty1188,3.2192,2.0250,8.0000
cty1201,4.2765,2.2979,8.0000
cty1506,2.0693,1.2502,6.2000
cty1523,3.1320,1.9608,6.7563
dim001,6.1479,0.9100,23.6500
dim002,3.0841,1.0000,14.4202
dim007,11.7252,6.3906,21.2138
din007,4.2883,1.8615,8.9900
dis001,15.5600,4.7400,61.6650
dis003,13.6446,6.7750,42.1000
dis015,6.5603,3.6310,17.9500
dis025,5.0940,1.8761,17.0547
dis032,7.5783,4.7692,15.0000
dis033,5.2391,3.0464,12.0000
dis097,4.3011,2.5000,15.0000
dis174,12.0244,5.8288,21.0000
dp017,2.5585,0.8500,11.1315
drm029,2.9717,1.5695,14.9900
edu020a,5.9690,3.4066,14.0172
gen002,15.1343,7.5387,54.6100
hol125,2.6184,1.3435,8.0832
hol249,2.7877,1.4375,11.7600
hol251,3.3249,1.7556,8.4375
hp001,6.1688,1.9741,24.9100
hp002,5.4126,1.9900,45.0000
hp003,5.9126,2.0000,44.8700
hp004,3.4557,1.0000,27.5800
hp005,2.8956,0.4357,26.4500
hp006,3.2589,0.9375,20.0049
hp007,3.4680,0.8000,42.0100
hp008,10.1700,4.7203,67.9900
hp009,5.9654,1.4524,41.0000
hp010,4.9326,0.7494,41.0100
hp011,9.5453,3.5531,59.4800
hp012,6.3862,2.1300,35.0000
hp015,17.4453,9.3448,76.0000
hp016,8.4562,4.0668,30.9600
hp017,5.7821,2.2483,29.9900
hp018,6.2717,2.9203,48.0000
hp019,4.6205,1.6468,26.4400
hp020,4.7409,2.0000,34.0900
hp021,5.4616,1.8155,39.9900
hp022,14.0024,3.9063,58.7800
hp023,5.5710,2.0000,40.0100
hp024,6.5033,2.9203,10.9900
hp025,4.2544,1.7400,38.0000
hp026,5.1837,1.5250,37.9100
hp027,5.5558,1.8000,32.9800
hp028,10.5837,2.9048,61.9900
hp029,42.1275,20.4393,100.6403
hp030,7.8069,3.6310,38.0000
hp031,7.6524,3.3477,50.0100
hp032,3.8483,1.5000,31.0100
hp033,3.3088,1.1681,19.8300
hp034,4.7720,2.3362,37.3800
hp035,4.5721,0.2725,38.0000
hp036,5.2444,2.1392,45.0000
hp037,5.5360,2.5984,26.3000
hp038,10.3179,3.0875,58.0000
hp039,6.8581,2.0963,12.7910
hp040,3.2967,0.6750,34.9900
hp041,10.7559,4.2500,44.8700
hp042,18.3080,10.3501,71.6600
hp043,10.8596,4.2141,47.4100
hp044,10.4308,5.3149,60.0100
hp045,10.4955,4.2856,81.3900
hp046,13.3879,7.2621,80.9900
hp047,7.6833,2.8125,20.0000
hp048,17.2016,6.5000,70.3900
hp049,56.7753,26.5000,352.6900
hp050,9.0031,1.5625,49.0400
hp051,11.6463,4.8474,48.3500
hp052,9.0581,4.3572,59.3700
hp053,10.0699,4.7692,68.7000
hp054,13.1136,6.7500,23.5230
hp055,9.6745,5.2039,17.4631
hp056,4.8387,1.7297,33.7000
hp057,9.9544,4.1840,50.6100
hp058,9.9544,4.1597,31.7200
hp059,6.6192,2.0798,35.3400
hp060,36.1310,13.5581,173.2200
hp061,10.3925,4.9900,67.0100
hp062,57.0042,33.8749,208.3500
hp063,17.7987,10.8931,40.0000
hp064,9.0191,3.7500,51.5900
hp065,16.3231,4.6875,112.6300
hp066,23.8686,10.0000,112.4200
hp067,18.0868,8.4103,69.9100
hp068,38.4775,28.7797,63.9879
hp070,30.2828,11.5525,93.5600
hp071,14.6593,8.0000,57.0100
hp072,10.2651,2.5000,45.5600
hp074,9.0589,2.9048,18.0000
hp075,10.1135,4.0000,45.0000
hp076,25.7925,13.0717,77.8200
hp077,18.6889,6.5359,76.7000
hp078,7.6393,2.9547,51.0100
hp079,7.1720,2.7500,47.3700
hp080,67.7720,42.7500,100.0000
hp081,15.2494,8.5822,21.0258
hp082,66.8508,30.0000,232.3200
hp083,17.1061,7.0000,60.4600
hp085,10.9463,3.9900,48.6900
hp086,10.2345,4.1105,53.0500
hp087,2.5806,0.7262,15.3000
hp088,11.1170,3.9800,52.4150
hp089,7.3076,1.9900,29.6400
hp090,13.9425,5.5000,73.0400
hp091,6.0223,1.9435,31.3000
hp092,27.0846,8.0000,97.1700
hp093,12.2071,4.9500,70.6000
hp094,2.1111,0.5178,28.9900
hp095,5.0688,0.9900,293.3000
hp096,5.5001,1.2642,36.6600
hp097,7.3668,3.1606,51.9900
hp098,5.1928,1.1000,20.0000
hp099,6.8637,3.3915,34.0900
hp100,9.0654,4.2500,44.1800
hp101,9.5014,4.7000,47.3700
hp102,9.5649,3.1606,36.8600
hp103,13.0665,5.2565,61.9800
hp104,5.1477,1.8960,39.9900
hp105,5.8776,1.0893,50.0100
hp106,5.5879,1.9435,50.0100
hp107,4.4337,0.6435,20.5200
hp108,5.3244,2.2500,28.5200
hp109,5.0176,2.0000,31.5200
hp110,4.4195,1.7033,24.9100
hp111,5.9241,1.0000,49.4000
hp112,4.5975,0.6375,31.6500
hp113,6.4727,2.2500,28.5200
hp114,9.9803,3.7500,42.7800
hp115,6.5385,1.7000,32.6900
hp116,2.5741,0.6813,10.0200
hp117,7.5887,3.7500,28.5900
hp118,7.2284,2.0000,35.0700
hp119,7.1115,3.6000,15.0000
hp121,11.4173,3.5000,42.9300
hp122,18.2727,8.0000,100.5200
hp123,7.9898,2.5000,32.6900
hp126,9.3136,4.0000,22.1822
hp127,5.7349,0.9900,22.9600
hp128,4.3678,1.8000,18.0800
hp129,6.9296,2.4000,51.0000
hp130,7.6466,2.5935,32.3400
hp131,6.7638,2.7000,28.5200
hp132,4.7324,1.2935,21.2200
hp134a,2.8944,1.6315,15.7200
hp135,3.5919,1.3490,15.0000
hp136,3.4307,1.0659,16.9269
hp137,4.0940,1.8000,24.1813
hp138,3.8409,1.5000,17.0000
hp139,1.9188,0.6900,15.0000
hp140,5.2119,2.5000,28.0000
hp141,2.4471,0.6132,15.0000
hp142,2.0589,0.7262,15.0000
hp143,2.5061,0.9900,11.3300
hp144,6.1179,2.0000,39.5213
hp145,6.0828,1.2500,23.8500
hp146,4.4768,2.0000,18.0800
hp147,3.2813,1.5493,13.1000
hp148,2.2905,0.9900,12.0000
hp149a,3.0345,1.0000,11.2400
hp150,1.6969,0.4088,15.0000
hp151,1.9649,0.6173,7.5000
hp152,3.1623,1.0000,11.9300
hp153,1.7551,0.5000,11.3300
hp154,1.8790,0.5000,29.9900
hp155,5.4456,2.3362,14.9867
hp156,2.3563,0.9800,8.5198
hp157,4.4469,2.1000,20.0000
hp158,2.7365,0.9000,15.0000
hp159,27.8351,15.4999,153.6521
hp160,20.8055,8.1767,70.6000
hp161,24.6780,13.1606,140.4233
hp162,22.3939,7.8401,119.3321
hp163,3.0505,0.7000,11.3300
hp164,3.1078,1.7033,11.3300
hp165,4.3444,2.0000,37.0000
hp166,2.7700,0.8900,9.0000
hp167,3.0606,1.4524,12.0000
hp168,3.6512,1.7033,11.3300
hp169,29.0513,12.7500,88.3950
hp170,8.5331,5.0834,24.6685
hp171,10.5224,6.5359,28.0000
hp172,10.1755,7.3600,24.6685
hp173,21.4483,9.4407,40.0000
hp174,4.2750,1.8500,40.0000
hp175,1.8824,0.6900,30.0000
hp176,3.1088,1.3626,9.0800
hp177,3.4864,1.5000,12.0000
hp178,3.4144,0.7262,12.0000
hp180,2.3062,0.9900,35.0000
hp181,2.7329,0.9900,12.0000
hp182,4.9026,3.4900,9.9900
hp183,4.2141,1.4524,45.0000
hp184,2.2396,0.5000,15.0000
hp185,2.2258,0.6813,11.3300
hp186,3.0086,1.1681,15.0000
hp187,3.6853,1.3857,11.3300
hp188,3.9042,2.0000,21.0000
hp189,3.5224,1.6485,14.0700
hp190,5.2930,2.9203,21.6600
hp191,3.8973,0.8351,15.0000
hp192,3.1024,1.0901,15.0000
hp193,3.4980,1.2018,15.0000
hp194,2.9526,1.4481,20.0000
hp195,2.4195,1.0600,30.0000
hp196,2.9350,1.4250,20.0000
hp197,3.3094,1.3626,30.0000
hp198,7.0965,4.0197,31.6600
hp199,4.6320,2.3275,15.0000
hp200,8.6945,4.2637,36.4500
hp201,5.0001,2.5417,14.9300
hp202,6.2449,3.9941,15.0000
hp203,5.8161,3.4629,28.0000
hp205,2.4339,0.7189,9.3900
hp209,5.7592,4.0555,19.1400
hp210,5.6600,2.7820,22.2600
hp211,5.0707,2.8388,21.2200
hp212,5.1418,2.6518,21.9100
hp213,1.9759,0.6741,20.0000
hp214,2.1819,1.0399,8.0700
hp215,3.2544,1.4194,15.0000
hp216,2.5809,1.1355,15.0000
hp217,3.4271,1.0901,15.0000
hp218,11.5785,6.8131,40.3500
hp219,4.1381,2.3674,16.6000
hp220,2.4202,1.1681,9.2900
hp221,2.9488,0.9900,8.7900
hp222,3.5627,1.9165,11.3300
hp223,3.7443,1.9900,9.4900
hp224,5.5709,3.0000,24.4800
hp225,3.5075,1.9971,20.0000
hp226,3.8380,2.1786,20.0000
hp227,3.8299,1.5428,25.0000
hp228,2.6667,1.3400,20.0000
hp229,3.3788,1.6900,20.0000
hp230,4.1183,1.6636,20.0000
hp231,2.5184,1.1355,20.0000
hp232,2.6386,1.1355,20.0000
hp233,2.0888,1.1355,15.0000
hp234,2.4787,1.3072,15.0000
hp235,3.5186,1.8000,15.0000
hp237,2.7835,0.5450,19.9900
hp238,2.0349,0.7900,5.6700
hp239,2.4216,1.2265,7.8847
hp240,2.1225,1.0000,6.2500
hp241,3.1307,1.3626,9.5247
hp243,24.4388,15.9920,76.1700
hp244,11.0957,5.0000,37.2200
hp245,15.9775,11.0000,38.6100
hp246,11.7922,7.6303,28.0000
hp247,4.0126,2.4900,15.6600
hp248,3.3971,1.8395,10.4300
hp249,5.4601,3.5835,16.7000
hp250,7.6575,3.9631,23.6500
hp251,10.1192,6.4900,35.8200
hp252,11.3068,6.8131,37.2200
hp253,3.6891,2.1318,11.3700
hp254,2.0740,0.5841,11.3300
hp255,6.2682,3.1708,21.2200
hp256,6.4023,3.4900,21.0000
hp257,9.5522,3.0000,30.5300
hp258,5.6638,3.1250,18.4200
hp259,3.0590,1.4451,11.8350
hp262,4.7919,2.4900,14.6200
hp264,5.3026,2.5000,10.0000
hp265,2.3280,0.9900,8.9910
hp266,2.3173,1.0901,8.5000
hp267,2.1680,1.0938,7.0010
hp268,2.4536,0.9900,12.0000
hp269,3.2066,1.6020,9.4100
hp270,4.2811,2.9766,12.8000
hp271,2.7452,1.7000,8.1900
hp272,2.0508,0.7106,6.0600
hp273,1.9320,0.0467,5.5200
hp274,3.7566,1.2500,10.9010
hp276,9.9668,6.0800,32.8188
hp277,29.6860,19.7882,75.2900
hp278,2.7821,1.4212,10.0000
hp279,2.8201,1.4524,10.0000
hp280,2.6192,1.3900,10.0000
hp281,2.0183,1.0000,15.0000
hp282,2.0962,0.9900,6.5300
hp283,1.9606,0.7106,8.0000
hp284,3.4642,1.8000,11.0145
hp285,1.7892,0.6813,6.0000
hp286,1.8854,0.8176,6.2850
hp287,1.7690,0.5825,6.0000
hp288,1.9546,0.9084,6.9750
hp289,2.4131,1.1681,7.0000
hp290,3.3533,1.7033,12.0000
hp291,2.4367,0.9700,15.0000
hp292,2.2590,1.1355,5.9700
hp293,3.6312,1.4379,15.0000
hp294,7.2614,3.7000,18.1188
hp295,16.4713,7.9944,32.3000
hp296,4.7175,3.1977,9.1696
hp297,4.6161,2.8619,7.4900
hp298,2.9952,1.7033,6.2500
hp299,2.4307,1.3976,12.0000
hp300,2.4513,1.1681,4.0000
hp301,4.8831,2.8770,10.9010
hp302,8.6308,6.8614,10.9010
hp303,5.3527,2.5610,13.3900
hp304,2.7687,1.3616,8.1141
hp305,2.9208,1.5000,8.0900
hp306,3.3333,0.2707,9.1100
hp307,3.1465,1.2000,8.1200
hp308,11.1172,7.0000,30.0000
hp309,5.2157,2.8000,20.5650
hp310,6.3161,3.9963,20.0600
hp311,4.3070,1.7000,10.3300
hp312,12.7322,5.5000,36.7908
hp313,6.3148,4.0522,15.1853
hp314,1.8040,0.6773,15.0000
hp315,1.8493,0.6813,7.5000
hp316,2.1272,1.0000,5.8300
hp322,39.0310,24.6910,61.3179
hp323,31.5434,16.9900,55.8674
hp324,41.3344,30.7608,61.3179
hp325,15.1835,7.0086,37.4721
hp326,2.2775,1.0625,45.0000
hp327,2.4576,1.1355,35.0000
hp328,2.4731,1.0120,15.0000
hp329,8.4970,5.1164,20.7200
hp330,2.4926,1.0000,6.0000
hp331,2.4377,1.4524,9.0450
hp332,6.9921,4.1301,13.9770
hp333,2.3283,1.2722,12.0000
hp334,3.4854,2.1318,10.0000
hp335,6.2338,3.7905,19.0600
hp336,8.3870,4.4700,14.0172
hp337,11.3422,3.8400,28.0000
hp338,3.0069,1.0220,9.3448
hp339,3.9422,2.3110,7.0086
hp340,5.5945,2.9048,15.6100
hp341,12.1151,10.0000,16.2833
hp342,5.1228,2.9048,8.1767
hp343,4.9676,3.0000,8.1767
hp344,2.9492,1.1355,11.1450
hp345,5.6022,3.8793,18.0450
hp346,2.3283,1.1184,30.0000
hp347,2.8469,1.0000,30.0000
hp348,19.8051,11.9730,25.0000
hp349,4.2455,2.9086,8.1141
hp350,2.1411,1.1459,7.5000
hp351,3.9204,1.7990,7.8167
hp352,5.6353,2.3333,35.0000
hp353,6.0167,3.7500,21.0000
hp354,4.5762,1.6351,20.0000
hp355,11.7240,7.4073,28.0000
hp356,4.1139,1.7033,55.0000
hp357,4.0079,1.7033,30.0000
hp358,3.5580,2.1273,10.5117
hp359,3.6238,1.5000,25.0000
hp360,4.6583,2.8353,21.0000
hp361,2.9283,1.4194,15.0000
hp362,3.2557,1.4194,15.0000
hp363,3.1125,1.4900,11.9250
hp364,2.4586,1.6065,6.1953
hp365,3.0149,1.7198,6.6334
hp366,6.3267,0.9900,11.6810
hp367,6.7229,3.8615,35.0000
hp368,7.5782,4.6610,16.1400
hp374,2.1776,1.1250,5.4000
hp376,7.2934,5.2740,13.5581
hp377,12.2237,6.1600,16.0000
hp378,3.6514,1.3626,9.7852
hp379,3.9027,1.3000,12.7580
hp380,6.2696,4.9934,10.2513
hp381,11.2703,7.7733,13.0600
hp382,7.9591,4.9617,16.2833
hp383,6.9822,5.8405,13.0360
hp384,12.9017,11.8500,14.0000
hp385,8.5724,4.7579,17.1956
hp386,9.4051,5.8405,13.6126
hp387,17.0028,15.5108,20.0000
hp388,20.6194,15.9051,25.8217
hp389,18.4535,14.8886,25.0000
hp390,13.0462,11.0575,14.1223
hp391,9.8846,8.0197,10.9900
hp392,15.4976,13.2980,22.0000
hp393,11.0546,6.0000,17.0000
hp394,3.6822,2.0326,7.5000
hp396,2.8843,1.7714,6.0000
hp397,5.3398,3.4440,22.6650
hp398,2.8137,0.9256,6.0000
hp399,2.5204,1.3626,6.2500
hp400,4.2262,2.5032,8.4868
hp401,3.3634,2.2500,6.8901
hp402,4.2234,2.3500,7.9160
hp403,4.0186,2.3362,7.5095
hp404,4.4828,3.4000,7.7500
hp405,4.4453,3.1250,6.4995
hp406,4.2474,2.9775,6.2500
hp407,4.3602,2.6640,7.4000
hp408,2.8436,1.2615,9.2900
hp409,2.8785,1.7522,7.9032
hp410,2.9275,1.7522,7.0086
hp411,8.2507,5.8484,17.7141
hp412,2.8428,1.5960,5.3618
hp413,4.5957,1.7849,30.0000
hp414,6.9311,3.4375,28.0000
hp415,3.3505,1.1933,35.0000
hp416,2.9693,1.2327,30.0000
hp417,10.4568,4.1815,40.0000
hp418,2.7011,1.1355,20.0000
hp419,5.2796,3.1372,18.0000
hp420,7.2916,4.2637,20.0000
hp421,4.4393,1.9900,35.0000
hp422,8.6389,5.0000,18.2990
hp423,7.7317,3.9900,45.0000
hp424,16.1185,10.3844,29.8080
hp425,4.8850,2.1026,35.0000
hp426,7.7996,4.0000,35.0000
hp427,6.3159,3.9920,26.9700
hp428,5.8712,4.0820,7.1538
hp429,9.7490,4.6150,44.7850
hp430,7.9569,3.4886,30.3087
hp431,8.0768,6.2989,11.9000
hp432,6.9731,4.8900,9.5247
hp433,8.2820,4.2281,12.2636
hp434,10.0875,7.8430,11.8848
hp435,7.1930,4.2637,11.6000
hp436,5.5751,3.5000,9.3400
hp437,6.8089,3.5175,11.5800
hp438,5.6444,2.9900,9.4479
hp439,5.2465,2.5000,9.2730
hp440,8.0918,4.2500,13.7390
hp441,7.5065,3.0000,13.6941
hp443,7.3216,2.8424,13.3400
hp445,15.3486,7.1131,27.8800
hp446,29.4187,28.8373,30.0000
hp447,27.7311,23.5985,34.5000
hp448,15.4091,10.5129,19.5800
hp449,3.5162,1.4212,8.4639
hp450,6.7047,4.0800,9.0717
hp451,18.4465,11.2642,23.1400
hp452,19.5446,12.0152,26.9400
hp453,42.0420,33.9974,59.6913
hp454,8.8461,4.4425,22.1154
hp455,21.9149,16.0000,29.9900
hp457,25.1464,20.4393,30.0000
hp463,3.0992,1.8909,8.9130
hp464,13.3725,5.8109,24.8681
hp466,19.2900,10.0000,50.0632
hp467,3.7669,2.4361,8.5376
hp468,2.2692,1.1614,6.5000
hp469,5.0131,3.1814,15.0000
hp470,3.0350,1.7373,6.1442
hp471,3.2695,1.8933,6.5300
hp472,2.9452,1.8052,6.1790
hp473,5.4327,3.1477,11.0970
hp474,6.3065,4.3827,9.3750
hp475,2.6262,1.3885,6.2500
hp476,2.5093,1.5000,5.2633
hp477,2.4920,1.5000,6.2500
hp478,5.0948,3.3500,20.6850
hp480,7.4688,3.5043,10.0000
hp481,2.3515,0.7106,8.7480
hp482,1.9358,0.9399,5.4000
hp484,14.6057,9.8146,23.3620
hp485,9.6582,6.7106,13.6262
hp486,5.1058,3.0263,8.0000
hp487,4.8612,3.5160,7.6880
hp488,12.9914,9.7583,25.0000
hp489,35.0430,35.0430,35.0430
hp490,4.5094,3.1994,5.9900
hp491,3.3553,0.9300,6.5000
hp492,3.7302,1.8653,11.5050
hp493,4.2529,2.9048,6.5000
hp494,15.2838,7.7365,27.0000
hp495,2.8841,0.6813,20.0000
hp496,2.8292,1.1500,20.0000
hp497,12.3105,4.9860,25.0000
hp498,15.2062,10.6579,25.0000
hp499,11.4197,8.6900,20.0000
hp500,18.0500,11.7400,28.0000
hp501,9.2146,5.8405,16.8692
hp502,5.6874,3.0000,10.1400
hp503,4.7713,2.7096,7.1200
hp504,8.3905,5.8288,15.1100
hp505,5.1374,4.0879,8.9300
hp506,9.8987,6.9152,12.2636
hp508,12.1980,8.2834,16.5938
hp509,8.3315,6.0000,13.7906
hp510,25.8435,24.6837,27.0032
hp511,22.3005,17.7653,26.1361
hp512,8.6052,5.2193,12.9991
hp513,7.8020,4.6600,12.0804
hp514,13.1579,10.2209,18.7550
hp515,7.0703,3.8800,11.6120
hp516,6.8248,4.5421,10.6592
hp517,12.8781,9.1696,14.9228
hp526,5.9972,4.0013,9.0200
hp527,8.9570,6.2493,13.3200
hp528,4.9340,3.2456,7.9100
hp529,6.2666,3.2707,10.0500
hp530,5.0031,3.2456,6.8937
hp531,6.2439,4.6724,8.4256
hp532,4.7724,2.9350,8.6055
hp533,6.4015,5.0287,7.6597
hp534,6.6701,5.2188,8.0429
hp535,5.2415,3.6654,9.3750
hp536,4.0166,2.4527,7.1126
hp538,1.9436,1.1641,5.3618
hp539,2.0853,1.2500,5.3618
hp540,8.1268,5.2650,9.8038
hp541,7.1401,5.9500,8.6790
hp542,5.4226,4.5751,6.2500
hp543,2.5840,1.9608,3.2679
hp544,4.0588,1.2966,6.2500
hp545,4.3810,1.2966,9.3750
hp546,4.1461,1.2966,12.6150
hp547,4.8188,1.2966,9.3750
hp548,7.6597,7.6597,7.6597
hp549,8.4528,6.8918,10.4574
hp551,4.9126,3.0256,6.7995
hp553,6.7981,5.4500,8.9208
hp554,11.6595,10.6963,12.6226
hp556,6.0562,6.0562,6.0562
hp558,0.0000,0.0000,0.0000
hp561,0.0000,0.0000,0.0000
hp562,12.6226,12.6226,12.6226
hp563,8.1924,5.2565,9.5078
hp564,8.0135,5.2565,10.9900
hp565,7.7493,4.6187,10.9900
hp567,6.0926,2.8388,8.9900
hp572,6.3686,5.9503,7.0086
hp573,7.2544,7.2544,7.2544
hp574,5.5000,5.5000,5.5000
hp575,5.0033,4.3275,5.6790
hp577,3.2456,3.2456,3.2456
hp578,2.9180,1.5000,4.5980
hs012,2.9768,1.8313,12.0000
hs018,1.9099,1.0046,5.0700
hs058,2.3706,1.5185,4.0000
hs060,5.0742,3.3511,11.6810
hs075,4.7445,2.0439,15.8600
iaj001,7.4746,1.3626,75.0000
iaj002,5.2846,2.0000,26.0000
iaj006,9.1662,0.6813,20.7498
iaj012,4.4143,1.0000,29.9900
iaj020,10.8166,4.0879,29.9900
iaj038,8.5053,4.0000,39.6000
iaj048,3.8147,2.5000,9.5700
idea063,3.7571,1.7500,12.3000
ixs004,2.4753,0.4000,14.3443
jw023,1.8020,0.3631,25.0000
jw079,2.5465,1.3626,15.0000
jw082,3.0214,1.3410,15.0000
jw083,5.4823,3.2550,15.0000
loc009,2.1683,0.3631,8.5500
loc013,2.3022,0.3553,22.9900
loc017,1.8552,0.5188,20.9900
lor001,9.9307,2.5000,59.9900
lor005,14.3436,7.9690,49.9900
lor081,14.3343,6.2500,38.5706
lor088,15.3407,6.5359,42.5600
min012,2.2790,0.3504,25.0000
min090,3.1205,1.7411,7.5000
mof001,11.9649,3.0000,66.4600
mof014,5.2856,1.1681,28.4100
nba039,17.3082,8.4900,97.2900
nex008,3.8501,1.9196,9.8689
nex016,3.4940,1.7188,12.2500
nex022,4.5602,2.0675,29.6800
nex050,12.5475,7.6978,58.6800
nex126,6.4519,3.1889,28.0000
njo0001,27.6481,6.8131,55.9800
njo0002,12.1150,3.2813,142.2900
njo0003,9.6428,2.3362,130.0000
njo0004,12.8681,1.7522,39.9900
njo0005,8.4175,3.2707,49.6600
njo0006,15.1639,3.2108,68.0629
njo0007,13.5428,1.7522,75.8000
njo0008,3.3513,0.5447,32.6400
njo0009,62.1471,17.0000,336.7900
njo0010,3.7911,1.7522,17.2200
njo0011,4.1324,1.1564,30.2500
njo0012,14.5958,4.9608,135.5200
njo0013,7.2032,2.1875,50.6400
njo0014,97.2034,42.8745,436.7900
njo0015,43.5098,8.9900,336.0300
njo0016,203.7148,81.1405,703.3700
njo0017,7.7046,2.7256,111.0000
njo0018,41.9107,13.5677,160.7109
njo0019,8.7530,2.2740,116.4800
njo0020,3.5521,1.3000,46.1100
njo0021,3.6829,1.7522,23.6200
njo0022,4.7199,1.6071,43.3800
njo0023,2.9747,0.9078,20.0100
njo0024,7.7010,2.1318,59.9900
njo0025,9.3221,2.9404,85.4300
njo0026,6.2520,2.4647,64.7700
njo0027,9.0689,3.3713,65.9600
njo0028,7.2294,2.6507,53.0800
njo0029,7.1841,1.0000,43.1400
njo0030,10.4078,3.3758,148.0100
njo0031,13.2228,1.7685,80.2400
njo0032,16.5409,3.5043,134.0800
njo0033,4.8672,0.9654,32.0900
njo0034,7.0896,1.7904,69.7600
njo0035,4.4491,0.8000,29.7200
njo0036,6.2967,0.9900,53.8600
njo0037,22.8560,9.0000,94.6100
njo0038,29.3063,7.8125,204.3250
njo0039,15.8003,5.3538,78.0600
njo0040,31.8334,8.5938,224.0000
njo0041,9.3614,2.1786,40.7800
njo0042,14.1386,6.7500,125.3700
njo0043,18.9554,4.5000,165.3800
njo0044,23.7576,5.2676,149.5000
njo0045,13.5862,3.4700,64.4100
njo0046,7.2082,2.0383,39.1400
njo0047,13.7438,4.2500,100.1900
njo0048,13.5525,3.4495,70.3505
njo0049,78.7020,27.5958,340.5870
njo0050,11.1534,3.1994,40.6800
njo0051,3.8191,0.8094,33.8600
njo0052,16.1834,4.9743,90.6100
njo0053,8.9948,1.3523,33.9974
njo0054,13.3356,1.2966,143.3100
njo0055,102.0227,47.0000,517.9200
njo0056,7.4512,1.5500,49.7800
njo0057,103.8749,39.9940,503.2000
njo0058,7.3419,2.8957,37.2800
njo0059,24.3352,9.5982,58.0000
njo0060,41.3966,13.7979,177.1100
njo0061,250.4503,116.8101,1511.1300
njo0062,6.6402,0.7106,39.4300
njo0063,9.6412,3.4000,85.1400
njo0064,6.5205,1.8155,37.9700
njo0065,63.6360,32.6793,341.2500
njo0066,56.5061,15.6251,251.0900
njo0067,52.1341,21.0258,211.4800
njo0068,13.4523,3.4000,67.0700
njo0069,102.8768,32.0000,408.7180
njo0070,26.2251,8.1757,97.2616
njo0071,18.5498,4.2179,100.1000
njo0072,3.4463,0.7262,18.5700
njo0073,32.2373,5.8405,233.6203
njo0074,52.3553,10.7153,177.0725
njo0075,8.9324,3.7500,50.7900
njo0076,79.8491,31.6059,387.8600
njo0077,4.4889,1.6340,20.9500
njo0078,17.9089,9.9900,75.0900
njo0079,74.0805,23.1776,299.9900
njo0080,23.7306,4.3572,45.4791
njo0081,4.7081,1.4524,26.9400
njo0082,4.4023,1.7522,29.6000
njo0083,4.5082,1.7429,40.3500
njo0084,3.6436,2.1415,16.9000
njo0085,42.9343,24.6400,137.2400
njo0086,22.2672,10.8858,83.7700
njo0087,21.6188,5.8288,53.8232
njo0088,10.7375,3.0174,99.1200
njo0089,11.1172,1.1564,32.4700
njo0090,5.5569,1.9531,57.4100
njo0091,6.3612,1.4601,22.0289
njo0092,13.7680,6.7984,79.8600
njo0093,2.3611,0.4556,15.0000
njo0094,46.9586,21.3183,122.5677
njo0095,44.3537,24.8714,129.3808
njo0096,7.0550,2.9048,36.0500
njo0097,22.2499,9.6393,36.9540
njo0098,6.1253,3.3291,60.3400
njo0099,23.9454,11.6070,38.0000
njo0100,18.2015,9.4664,67.1500
njo0101,5.1942,1.5000,57.9100
njo0103,19.7838,4.7409,70.0300
njo0104,41.6469,14.7905,188.3700
njo0105,32.0555,15.8029,68.0629
njo0106,46.5857,16.7211,248.3100
njo0107,97.9529,50.0000,408.7180
njo0108,711.4683,374.9900,3005.3300
njo0109,6.6864,2.4092,36.1300
njo0110,47.0668,28.0000,182.4400
njo0111,22.0088,6.8131,112.2400
njo0112,8.6770,4.1108,35.6300
njo0113,15.3706,5.8096,87.8600
njo0114,10.4923,1.6751,95.9000
njo0114a,12.5529,2.3362,100.8100
njo0115,2.8563,0.7189,29.9900
njo0116,50.2214,10.2197,196.0400
njo0117,5.1872,1.0220,50.1800
njo0118,35.9646,19.9900,70.3505
njo0119,7.1180,1.6760,41.3500
njo0120,2.6677,0.6813,17.5200
njo0121,13.5448,4.0884,76.6700
njo0122,3.3376,1.1564,36.3500
njo0123,19.5566,3.4375,156.3300
njo0124,10.2459,2.8125,38.9000
njo0125,4.8728,1.2857,37.7900
njo0126,13.6954,4.4388,67.7200
njo0127,13.9130,3.4066,99.4000
njo0128,17.4646,7.8248,40.8105
njo0129,50.8798,21.0153,283.3400
njo0130,3.9543,1.1885,18.7400
njo0131,32.2524,10.5129,109.1200
njo0132,8.8686,3.8126,30.6800
njo0133,33.4473,17.2424,125.4150
njo0134,3.9457,1.3626,22.2300
njo0135,19.5368,4.6329,107.7600
njo0136,6.7476,1.8106,41.3900
njo0137,10.8352,2.1644,71.7700
njo0138,3.4529,0.5841,32.5500
njo0139,5.9811,2.2194,37.9500
njo0140,8.5544,2.6563,52.6300
njo0141,3.4377,1.0938,23.2600
njo0142,4.6652,1.4298,37.5800
njo0143,7.2195,2.9203,34.8800
njo0144,3.5853,1.0938,16.4200
njo0145,4.9813,2.2171,19.8800
njo0146,3.3277,1.2857,25.2500
njo0147,5.6314,1.8774,39.3200
njo0148,15.0067,1.1681,72.2000
njo0149,5.7372,2.3362,36.3300
njo0150,6.5476,2.6206,41.4000
njo0151,68.0361,27.9227,111.0098
njo0152,27.7689,4.9012,164.3400
njo0153,18.3504,6.7617,68.0629
njo0154,153.5003,49.5579,408.7180
njo0155,4.7439,2.3245,29.0700
njo0156,4.3371,2.2686,25.5900
njo0157,22.6474,7.8096,108.9415
njo0158,31.3885,14.3973,251.4400
njo0159,17.8683,3.5043,130.1200
njo0160,40.1361,11.6810,265.7500
njo0161,27.3205,7.2982,236.0600
njo0162,13.7662,2.3362,57.9900
njo0163,40.1105,24.5399,174.5000
njo0164,10.4491,5.5000,17.7653
njo0165,11.3785,4.2052,81.4200
njo0166,7.4139,3.9264,31.3000
njo0167,64.8628,23.4376,125.0000
njo0168,15.4605,8.9900,58.8200
njo0169,3.3978,1.5000,14.7600
njo0170,26.5736,14.9752,46.7124
njo0171,7.1808,4.2548,26.4200
njo0172,24.3550,16.9900,70.3400
njo0173,5.6640,3.3291,17.9500
njo0174,6.0308,2.3438,59.7000
njo0175,8.6741,4.4966,33.1950
njo0176,8.3269,3.6993,29.6700
njo0177,10.6848,3.2376,75.1200
njo0178,3.8832,1.4308,31.8800
njo0179,25.5916,3.5510,130.8200
njo0180,6.8622,2.5000,51.9400
njo0182,4.3935,2.4305,27.4800
njo0183,4.0855,1.8155,29.4300
njo0184,24.9784,9.8474,48.1000
njo0185,26.4234,6.7661,226.6800
njo0186,318.3425,180.0000,838.7100
njo0187,9.0471,1.6353,96.4900
njo0188,10.8955,2.7252,137.0400
njo0189,45.5720,10.9419,196.2000
njo0190,6.6888,3.2707,39.6000
njo0191,7.7165,3.6241,48.0100
njo0192,43.0524,26.5870,61.4774
njo0193,21.8465,8.0305,57.4100
njo0194,8.9535,2.3362,36.4900
njo0195,37.8434,17.2881,199.9400
njo0196,2.0527,0.4688,8.0000
njo0197,4.1756,1.7597,37.2000
njo0198,4.9674,1.1681,25.9800
njo0199a,8.7729,1.7578,68.4000
njo0200,15.6139,4.6724,47.2500
njo0201,27.8014,7.4367,69.9693
njo0202,4.5236,1.1681,33.6900
njo0203,2.1945,0.6249,15.0000
njo0204,34.6675,18.9635,81.6891
njo0205,4.7300,1.4234,23.5100
njo0206,4.0988,0.9375,48.0000
njo0208,6.3149,2.5900,32.1000
njo0209,19.2731,4.6071,99.8000
njo0210,26.4888,11.5498,47.6550
njo0211,3.2635,0.9734,24.1600
njo0212,7.6949,2.3362,69.9400
njo0213,25.8702,6.2500,99.7200
njo0214,7.9472,1.6063,26.1700
njo0215,2.5979,1.1097,25.0000
njo0217,8.1243,3.4375,52.9200
njo0218,36.2961,17.9286,102.1300
njo0219,4.2006,1.1681,200.0000
njo0220,87.0194,23.9955,149.9500
njo0221,25.3913,10.9334,217.6500
njo0222,3.3386,1.1000,34.6600
njo0223,59.5120,22.4050,305.2900
njo0224,31.9401,9.0000,58.5000
njo0225,8.8544,2.4535,101.8100
njo0226,57.9488,28.0000,204.3250
njo0227,60.6713,33.5313,232.1900
njo0228,103.8501,35.0430,379.1600
njo0229,40.5282,19.1492,167.5800
njo0230,10.6072,3.9941,59.2400
njo0231,9.8498,3.4066,62.3500
njo0233,4.6437,1.1681,29.6200
njo0234,1.6046,0.7262,6.3668
njo0235,7.6158,3.3696,53.8700
njo0236,5.4272,2.1786,29.9900
njo0237,26.6997,13.5995,84.8850
njo0238,7.3823,3.9715,21.0270
njo0239,4.7305,1.9632,30.7600
njo0240,4.1505,1.8106,8.0000
njo0241,17.7123,2.8424,98.2100
njo0242,20.9649,7.4141,96.4400
njo0243,6.8621,2.9350,47.2100
njo0244,5.7171,2.7252,42.8100
njo0245,8.8248,2.3770,26.0350
njo0246,6.8277,3.2813,56.9600
njo0247,5.4313,2.9203,9.9900
njo0248,27.2306,11.4391,49.9500
njo0249,8.8794,2.3362,65.4000
njo0251,12.7373,2.8343,97.5900
njo0253,219.7764,122.6359,349.9500
njo0254,19.5227,9.9289,68.8700
njo0255,42.9755,8.1767,272.4560
njo0256,39.0731,15.7694,126.6600
njo0257,9.9932,5.3167,114.8200
njo0258,37.0649,14.0172,69.8534
njo0259,17.0924,10.7878,39.9900
njo0260,14.7333,5.5000,72.9300
njo0262,42.8962,11.6810,133.6000
njo0263,12.4184,5.8896,58.2000
njo0264,3.4386,1.4601,33.8400
njo0265,43.9066,7.7457,222.8000
njo0266,7.9309,2.5827,65.2600
njo0267,2.3443,0.5841,24.7600
njo0268,2.9297,1.5076,22.8800
njo0269,4.0255,2.2500,15.0000
njo0271,4.5674,1.7500,14.2122
njo0272,17.4073,3.4990,106.0500
njo0273,166.8784,120.0000,488.9800
njo0274,6.0768,1.5185,39.8000
njo0275,3.6107,0.2000,22.1384
njo0276,4.5695,1.4524,32.9000
njo0277,24.8162,2.0439,146.9810
njo0278,28.2717,10.7465,216.2200
njo0279,57.1632,32.1228,201.6000
njo0280,10.6951,2.7047,70.2400
njo0281,14.2939,3.2703,153.9700
njo0282,21.6261,4.5313,158.9200
njo0283,24.4496,4.6607,131.3700
njo0284,27.2440,10.5129,51.8230
njo0285,10.9533,3.2940,80.9200
njo0286,21.8412,10.8931,169.8700
njo0287,10.7042,2.3846,27.0000
njo0288,23.0890,11.6693,159.2000
njo0289,21.6258,9.3331,104.3100
njo0290,6.3273,3.9990,19.9500
njo0291,113.7109,57.2253,199.9700
njo0292,117.1879,66.8085,340.5870
njo0293,5.2131,2.0313,33.3500
njo0294,7.4110,2.6338,43.1600
njo0295,3.8746,0.9078,27.4000
njo0296,5.0640,2.5000,47.7700
njo0297,10.1448,3.3758,82.0600
njo0298,49.3873,28.4015,136.1939
njo0299,51.0776,23.3620,136.1939
njo0300,39.2940,15.0000,136.1939
njo0301,27.5479,12.2651,196.8600
njo0302,6.8700,2.0932,26.4900
njo0303,23.3831,9.9900,35.0000
njo0304,5.4299,1.8750,16.9900
njo0305,8.3451,2.3724,29.4900
njo0306,8.1303,2.3627,64.7600
njo0307,37.3760,11.6693,65.0000
njo0308,7.1595,4.0879,19.0631
njo0309,18.2046,7.4363,159.4800
njo0310,8.2575,2.5000,59.3800
njo0311,3.2590,1.2500,47.2300
njo0312,4.0294,1.5803,62.8800
njo0313,5.0318,1.8750,18.3600
njo0314,3.9981,2.0313,10.0000
njo0315,6.6494,2.8424,60.6900
njo0316,2.6955,0.8500,19.9900
njo0317,3.2419,1.5823,30.2900
njo0318,2.7988,1.0513,32.5200
njo0319,4.9210,1.8750,42.8400
njo0320,8.9170,2.4335,95.4200
njo0321,8.6698,3.8547,37.7100
njo0322,6.0668,2.9203,44.5900
njo0323,5.0600,2.1875,10.7949
njo0324,6.1181,2.9688,46.8000
njo0325,2.1690,1.0200,24.2800
njo0326,4.9481,2.5000,28.0000
njo0327,107.2669,63.3054,363.8300
njo0328,5.6073,2.9018,10.0000
njo0329,9.3674,4.4280,71.7400
njo0330,7.1354,3.1539,34.8100
njo0331,5.8123,2.8790,35.2700
njo0332,16.7920,9.9417,31.4900
njo0333,14.2396,5.5867,78.6400
njo0334,27.5265,5.0000,122.4300
njo0335,9.8683,3.7500,43.7400
njo0336,10.8845,2.5032,46.6300
njo0337,4.4874,2.3438,31.7000
njo0338,3.1087,0.9375,19.9900
njo0339,7.9705,3.5323,63.5300
njo0340,18.8844,7.9486,68.7800
njo0341,2.0683,0.7262,23.4100
njo0342,3.9474,2.7451,8.0000
njo0343,4.5305,1.8395,36.3100
njo0344,5.9188,2.2892,33.8800
njo0346,5.3409,2.9259,50.8800
njo0347,2.5902,0.6813,21.0000
njo0348,2.7365,1.0901,15.0000
njo0349,2.3088,0.6250,26.0100
njo0350,3.6334,1.0535,28.6100
njo0351,4.1064,1.7522,43.2000
njo0352,5.6160,2.6165,62.5300
njo0353,4.5444,1.5625,42.9900
njo0354,4.1285,1.2500,37.0100
njo0355,3.2537,1.2264,18.0500
njo0356,1.9930,0.7009,23.7200
njo0357,1.9506,0.7631,33.4502
njo0358,2.9143,1.0901,24.4100
njo0359,4.5645,2.4527,38.1800
njo0360,2.4771,0.7813,28.0000
njo0361,3.5554,1.4063,42.2100
njo0362,2.9105,1.5625,31.7000
njo0363,3.8770,1.7522,39.5300
njo0364,10.7984,5.2741,118.0100
njo0365,4.1628,1.4063,39.2200
njo0366,4.1021,1.9560,38.7100
njo0367,4.2639,1.5769,36.6200
njo0368,34.9012,14.5241,266.0200
njo0369,7.0251,2.6785,93.6200
njo0370,8.2679,3.6310,65.8900
njo0371,7.7603,2.8424,76.0100
njo0372,5.4143,2.6549,43.9900
njo0373,5.1461,3.9992,8.9500
njo0374,5.0168,1.9900,17.5000
njo0375,4.8208,2.2086,81.4900
njo0376,3.7484,1.5750,39.0200
njo0377,6.1291,3.0000,61.9100
njo0378,6.7976,3.1250,58.0200
njo0379,3.8709,1.7609,30.7300
njo0380,1.9862,0.9345,18.6200
njo0381,5.0687,2.4530,48.6300
njo0382,28.4947,17.5257,180.0100
njo0383,62.0514,35.0314,280.6900
njo0384,7.5153,4.2141,19.0900
njo0385,14.8496,6.2579,44.9900
njo0386,7.4910,2.2778,27.2524
njo0387,12.7909,4.4172,112.3800
njo0388,3.2033,1.9534,6.2544
njo0389,56.9666,26.1361,238.0600
njo0390,5.1260,2.3339,16.9269
njo0391,3.8883,1.5977,75.0100
njo0392,2.8535,1.2642,10.0000
njo0393,4.7836,1.7522,58.0800
njo0394,4.0747,2.4420,24.3100
njo0395,3.3616,1.1681,32.0000
njo0396,12.9430,4.6724,28.4900
njo0397,21.2441,10.5000,94.6700
njo0398,14.6519,1.5625,100.9200
njo0399,4.4135,2.1428,28.0000
njo0400,20.2541,8.1757,124.2400
njo0401,6.5472,2.1875,71.8000
njo0402,92.3713,52.5646,500.3100
njo0403,10.1571,3.7963,85.3500
njo0404,7.0551,3.4926,51.6100
njo0405,4.8329,1.5000,49.1800
njo0406,4.9006,1.7522,34.8500
njo0407,6.4105,2.9203,65.6600
njo0408,5.4311,2.3362,61.0600
njo0409,5.6041,2.5231,64.8200
njo0410,6.5715,3.7379,41.8100
njo0411,3.4709,1.6353,38.7900
njo0412,11.0157,5.7563,109.0200
njo0413,6.5133,3.3042,66.1000
njo0414,2.1745,1.0921,27.1600
njo0415,29.5558,10.9221,210.1000
njo0416,23.0906,9.3448,38.4800
njo0417,103.3263,76.2516,140.1722
njo0418,139.6535,57.9373,627.6000
njo0419,63.2367,29.4013,112.0000
njo0420,170.1809,136.2621,229.2399
njo0421,5.0150,1.8750,38.1000
njo0422,5.8380,1.8155,62.1500
njo0423,7.7217,3.9215,40.7000
njo0424,3.1658,1.1564,36.3200
njo0425,2.4914,1.4253,11.3930
njo0426,5.2482,2.4650,38.1000
njo0427,3.1852,1.4601,24.4200
njo0428,5.9618,2.9052,35.8600
njo0429,2.9022,1.1619,20.9100
njo0430,2.8893,1.1681,18.8300
njo0431,2.8700,1.4353,18.3900
njo0432,3.1166,1.1681,39.0200
njo0433,2.9443,1.2655,14.9157
njo0434,7.5898,2.8125,30.0000
njo0435,9.2794,5.7114,14.0000
njo0436,66.3156,57.2253,89.9910
njo0437,8.1282,3.6940,63.9800
njo0438,5.5281,2.1026,34.0900
njo0439,55.0738,10.6592,179.9910
njo0440,8.8071,3.5531,45.7500
njo0441,13.3548,4.6724,67.9900
njo0442,6.0742,2.9470,37.9100
njo0443,5.0707,2.8424,8.4482
njo0444,7.6185,4.7985,16.7080
njo0445,2.2666,1.2227,26.1600
njo0446,3.6466,1.5000,15.6500
njo0447,9.0438,4.4958,72.9800
njo0448,6.0813,2.5595,80.2700
njo0449,9.5119,3.9063,73.1100
njo0450,11.2572,4.6724,94.0200
njo0451,9.3248,5.0000,72.6800
njo0452,7.2491,3.7319,75.9200
njo0453,9.0661,3.4459,76.5500
njo0454,4.6034,2.0300,19.1000
njo0455,2.7100,1.0938,46.3900
njo0456,61.7689,23.3620,237.8100
njo0457,7.1070,2.7252,48.2800
njo0458,4.1025,1.5625,31.6500
njo0459,4.5494,1.1681,38.7100
njo0460,10.6994,3.4375,67.7800
njo0461,18.5795,7.3438,72.9800
njo0462,4.7555,2.0439,42.1100
njo0463,4.7274,2.3438,30.4300
njo0464,4.4480,2.3362,14.7064
njo0465,4.9464,2.4822,40.1200
njo0466,3.6219,1.5625,38.5900
njo0467,4.5317,2.3245,35.0200
njo0468,7.0290,3.9423,41.5900
njo0468a,5.2103,2.6866,36.9800
njo0469,3.5559,1.6821,34.2200
njo0470,3.1377,0.9375,30.1700
njo0472,6.7464,1.5625,32.0000
njo0473,3.8787,1.5625,11.9900
njo0474,3.5098,1.0922,27.2900
njo0475,3.8584,1.7429,32.4400
njo0475a,3.9656,1.7522,29.1500
njo0476,10.5415,3.0077,72.6500
njo0477,11.2258,4.5100,31.4307
njo0478,2.4856,1.2945,20.7100
njo0479,3.4191,1.7522,28.5600
njo0481,14.6332,7.5693,139.0100
njo0482,5.9588,1.1500,47.9100
njo0483,21.3946,12.2631,36.0000
njo0484,125.4555,98.5000,163.4405
njo0485,128.3910,72.6206,192.3200
njo0486,148.6223,106.9422,234.5016
njo0487,5.0467,2.3657,12.0449
njo0488,4.0003,2.0921,27.2900
njo0489,2.7727,0.4688,17.9500
njo0490,5.2597,1.0938,26.7764
njo0491,3.3286,0.7009,20.9000
njo0492,2.1519,0.5000,27.6000
njo0493,3.1956,1.0000,36.7700
njo0494,3.2391,0.5841,19.9932
njo0495,3.1057,1.4017,29.0700
njo0496,3.2255,1.4875,12.0000
njo0497,2.4363,0.9673,15.0568
njo0498,4.7120,2.0909,22.3200
njo0499,4.9695,1.1719,29.9500
njo0500,3.0349,1.3072,24.3800
njo0501,9.0627,3.4375,300.4088
njo0502,4.2765,1.7188,31.5000
njo0503,3.3571,1.4063,14.9400
njo0504,3.7939,1.8071,118.5728
njo0505,7.1745,3.4926,99.0900
njo0506,20.0694,4.6875,127.4399
njo0507,3.7227,2.0358,24.0200
njo0508,9.2898,4.3000,76.6000
njo0509,3.1663,1.1198,33.2000
njo0510,23.0288,12.5302,62.0700
njo0511,29.5358,13.9900,89.9900
njo0512,108.9905,51.0983,329.9900
njo0513,1.9984,0.7254,17.0900
njo0514,3.9081,1.4500,47.4300
njo0515,3.1775,1.7033,21.5200
njo0516,3.4726,1.7405,40.5200
njo0517,4.6222,1.3626,34.9500
njo0518,4.4535,1.8542,28.0204
njo0519,21.9788,5.2515,97.1000
njo0521,115.9239,58.4051,393.4700
njo0522,17.6691,8.8570,40.7000
njo0523,6.9155,2.8976,103.2800
njo0524,4.7870,2.6282,30.6300
njo0525,10.8569,3.7500,62.5300
njo0526,3.0786,1.5803,18.3400
njo0527,15.4661,4.8363,90.3700
njo0528,7.1685,4.2052,44.3700
njo0529,4.1383,1.6937,25.4214
njo0530,4.1979,1.4509,44.6600
njo0531,4.1247,0.7813,24.1143
njo0532,3.2413,1.0938,27.3200
njo0533,3.3115,0.9375,33.9700
njo0534,3.4310,1.0535,23.8500
njo0535,10.7936,4.2141,108.9900
njo0536,5.5688,2.5032,35.2124
njo0537,7.1987,3.0371,50.3900
njo0538,5.3686,1.6340,31.5726
njo0539,3.5114,1.3542,21.6800
njo0540,14.8238,6.1185,91.6983
njo0541,20.0853,10.2600,199.0500
njo0542,8.9003,2.9203,28.7855
njo0543,5.2761,3.0111,27.5100
njo0544,24.6838,9.3098,144.2465
njo0545,11.4214,3.7379,75.1276
njo0546,37.2495,8.9968,209.0434
njo0547,5.1992,2.8712,29.8900
njo0548,5.2531,2.4530,16.9900
njo0549,3.3854,1.7288,8.7570
njo0550,45.6428,24.6487,182.8600
njo0551,2.7383,1.0819,33.8100
njo0552,4.4898,2.6232,25.9225
njo0553,3.3713,1.4017,20.9900
njo0554,3.4014,1.6237,84.8824
njo0555,14.3035,7.9431,57.6100
njo0556,3.6405,2.1517,10.6592
njo0557,2.7365,1.0482,24.2600
njo0558,4.6181,2.0584,28.9700
njo0559,4.0322,1.8083,22.9900
njo0560,3.6235,1.6785,19.9900
njo0561,75.1752,44.1719,126.6700
njo0562,7.7061,3.8547,19.9900
njo0563,4.0750,1.6228,25.2018
njo0564,2.9678,0.9345,18.6779
njo0565,7.7653,3.6310,24.5100
njo0566,4.6830,2.3529,28.2540
njo0567,12.2373,3.1674,108.9415
njo0568,4.0600,1.0893,22.9900
njo0569,30.2554,10.5012,53.0000
njo0570,4.0375,0.9375,29.9900
njo0571,5.8469,1.0938,29.9900
njo0572,11.3906,5.7500,46.7000
njo0573,3.0342,1.5816,13.0900
njo0574,2.8604,0.9345,22.9900
njo0574a,2.6998,1.0972,16.5438
njo0575,3.7295,1.0092,22.4439
njo0575a,3.5349,1.8155,15.9400
njo0576,4.5718,1.6228,10.9900
njo0576a,3.1074,1.4017,14.4300
njo0577,3.7670,2.2750,16.9100
njo0578,2.6812,0.8900,16.3382
njo0579,4.4494,1.7188,31.0100
njo0580,4.4420,2.3269,53.5000
njo0581,19.4480,9.3448,181.9900
njo0582,1.8757,0.6762,12.0000
njo0584,7.7352,3.0049,63.7700
njo0585,5.2502,2.5890,20.0550
njo0586,34.6969,11.1979,164.8600
njo0587,9.0075,4.3453,48.6736
njo0588,9.8700,4.2052,52.8683
njo0589,25.7928,11.5669,69.1900
njo0590,2.7680,1.7065,12.6300
njo0591,4.0927,1.9274,41.6100
njo0592,7.9691,2.8961,18.9968
njo0593,14.0276,6.3244,75.2800
njo0595,3.1974,1.7405,20.7600
njo0596,3.5130,1.2849,21.3903
njo0597,6.1219,2.1960,48.8100
njo0598,6.3538,2.9787,68.9500
njo0599,8.3662,4.6419,21.9253
njo0600,4.9595,1.5625,15.0000
njo0601,4.4911,2.1902,19.9900
njo0602,5.8620,2.3362,34.9500
njo0603,6.0339,3.1001,35.8385
njo0604,4.7601,1.9858,38.0500
njo0605,8.5042,3.7379,63.1900
njo0606,9.7433,4.1178,45.9500
njo0607,12.1207,5.4094,283.5531
njo0608,6.2788,3.1612,33.5537
njo0609,9.2487,2.9086,234.5116
njo0610,3.3225,1.7557,23.4400
njo0611,25.8858,8.1650,135.3800
njo0612,3.7453,1.6534,20.8100
njo0613,2.9366,1.4601,17.0600
njo0614,9.3757,5.2565,24.9900
njo0615,4.0930,1.4601,20.6200
njo0616,5.3776,2.0442,24.7400
njo0617,26.6532,17.5215,50.9100
njo0618,4.6816,2.5348,23.8000
njo0619,3.7317,1.3523,35.1400
njo0620,5.3788,2.0000,15.4800
njo0621,5.8581,2.6282,33.3084
njo0622,6.1329,2.3362,34.9500
njo0623,3.7323,1.1331,41.0000
njo0624,2.1443,1.0535,25.8100
njo0625,8.1338,3.5043,51.3100
njo0626,13.2410,2.9203,63.8000
njo0627,3.0436,1.1589,23.5400
njo0628,3.0316,1.5625,27.1100
njo0629,4.0440,2.0900,23.5100
njo0630,2.7185,1.0000,9.9900
njo0631,2.3821,0.1816,10.4900
njo0632,3.9411,2.6563,6.8417
njo0633,3.1113,1.1681,19.9900
njo0634,15.5542,9.0000,61.8450
njo0635,6.7799,3.1250,38.1689
njo0636,4.4129,1.3141,26.0463
njo0637,5.0035,2.6201,30.6451
njo0638,4.7265,2.0688,26.8103
njo0639,2.5434,1.0513,15.7624
njo0640,5.5007,2.6282,33.0713
njo0642,2.9410,1.5975,12.5000
njo0643,2.9644,1.1681,15.0000
njo0644,3.0157,0.8046,18.3485
njo0645,3.5375,1.7376,13.6900
njo0646,4.1467,2.1071,24.5722
njo0647,3.9425,2.0000,8.8000
njo0648,3.8445,1.8155,21.0000
njo0649,3.5133,1.8083,13.2900
njo0650,14.5161,4.6724,42.0000
njo0651,18.2289,9.0528,40.8786
njo0652,3.8527,1.7405,15.9400
njo0653,4.1954,2.1225,15.0200
njo0654,7.2636,4.0884,28.7400
njo0655,5.3500,3.0371,8.6640
njo0656,3.3965,1.7743,8.6100
njo0657,3.4901,1.9912,8.6800
njo0658,13.6664,7.6738,26.0000
njo0659,3.5378,2.0442,8.5000
njo0660,2.9050,1.1681,6.0000
njo0661,2.4972,1.2008,6.0000
njo0662,2.8008,1.4111,6.9900
njo0663,2.4943,1.2491,4.9900
njo0664,3.3709,0.5645,8.2000
njo0665,5.5043,3.5138,9.9900
njo0666,8.0127,3.9500,16.9400
njo0667,4.7947,2.7450,9.9900
njo0668,5.0696,3.3291,8.7100
njo0669,3.0798,1.9204,5.4505
njo0670,3.5214,1.9632,15.0000
njo0671,2.8151,1.0340,10.5012
njo0672,3.1667,1.8328,4.9900
njo0673,3.9895,2.2710,7.1061
njo0674,6.7246,4.8172,12.1000
njo0675,4.3987,2.9203,7.4800
njo0676,7.6632,4.3063,17.0547
njo0677,9.5545,4.0522,36.2100
njo0678,39.0475,6.7166,96.0000
njo0679,3.9717,1.8933,15.0000
njo0680,3.8851,1.8106,12.3400
njo0681,2.8218,1.3523,14.7400
njo0682,4.3467,1.4989,29.7500
njo0683,9.6305,2.3755,60.1800
njo0684,3.9351,2.0820,24.0000
njo0685,4.0359,1.4893,29.9900
njo0686,3.8222,2.3245,17.6000
njo0687,4.6378,1.9858,14.9900
njo0688,3.4149,1.7000,16.4000
njo0690,2.7335,0.3177,12.3500
njo0691,4.3530,2.6599,14.2051
njo0692,3.2011,1.7973,16.4000
njo0693,4.3300,1.6856,14.7600
njo0694,6.2361,3.6419,8.9500
njo0695,3.4876,1.9436,7.0086
njo0696,2.9529,1.1355,18.2095
njo0697,10.9383,5.3570,61.6325
njo0699,3.6135,1.6228,21.3190
njo0700,3.3985,1.5804,12.9900
njo0701,3.8610,1.7571,22.7313
njo0702,3.6067,1.8500,11.0937
njo0703,22.0902,14.1223,48.0659
njo0704,3.3240,1.9534,5.0041
njo0705,37.5397,15.6977,246.2638
njo0706,3.2782,1.9729,19.3718
njo0707,22.9986,14.7243,56.0000
njo0708,3.4526,1.3300,20.2100
njo0709,21.1382,9.9632,70.3100
njo0710,48.0304,21.9019,100.8203
njo0711,3.3481,1.4017,20.2327
njo0712,2.5171,1.5185,7.9796
njo0713,3.5742,1.4451,24.9500
njo0714,3.6261,2.1637,11.3641
njo0715,2.4135,1.0082,29.9900
njo0716,4.0488,2.2764,11.4800
njo0717,2.4805,0.7375,11.4750
njo0718,3.8946,2.2695,10.0000
njo0719,3.7847,2.0000,11.9400
njo0720,3.0359,1.6228,12.9313
njo0721,3.1375,1.0938,8.9900
njo0722,3.1261,0.4018,11.6693
njo0723,3.6362,1.4812,14.9900
njo0724,3.3130,1.9754,8.9950
njo0725,2.6312,1.5499,9.9900
njo0726,3.4497,2.0442,8.8826
njo0727,3.0400,1.1681,18.6394
njo0728,3.0270,1.0819,27.2064
njo0729,3.7088,2.6060,9.6725
njo0730,2.9900,2.4900,3.4900
njo0731,11.1385,7.9421,13.9500
njo0732,34.7970,30.5809,39.8089
njo0733,12.1370,7.1481,19.6241
njo0734,9.4401,5.0798,14.7140
njo0735,3.0589,1.1169,9.9950
njo0736,3.4139,1.3523,8.5500
njo0737,5.4039,3.0680,15.8300
njo0738,4.6211,1.9754,10.5012
njo0739,3.5949,2.0442,12.5550
njo0740,2.9669,1.1852,5.0000
njo0741,4.0829,2.5114,9.5000
njo0742,6.3783,3.5043,15.0000
njo0743,3.9954,2.3245,9.5000
njo0744,5.3607,3.3875,14.2122
njo0745,2.4001,0.5841,27.9900
njo0746,28.1277,7.3026,60.0000
njo0747,9.4834,3.9540,43.1000
njo0748,13.4389,5.1981,73.5285
njo0749,2.7063,0.8114,17.9500
njo0750,3.0684,1.7522,11.3342
njo0751,4.7622,2.6460,11.0000
njo0752,4.0932,1.9858,22.9500
njo0753,4.6726,2.8638,15.0000
njo0754,3.2497,1.4749,10.0000
njo0755,8.2050,5.0569,25.0000
njo0756,5.9120,2.4822,14.4400
njo0757,10.0440,5.2565,27.3500
njo0758,4.0073,2.3362,16.7422
njo0759,3.6791,2.2778,25.7500
njo0760,5.4113,2.4171,20.0000
njo0761,7.5589,3.4926,14.7070
njo0762,21.8097,9.9289,34.0655
njo0763,13.6051,6.2984,34.0655
njo0764,29.0561,12.7089,47.6917
njo0765,4.1677,2.1977,17.7004
njo0766,29.1404,20.0000,38.8516
njo0767,10.2109,4.0767,28.0000
njo0768,10.1796,5.7610,37.7285
njo0769,8.3320,5.4505,14.8800
njo0770,11.2807,7.4090,27.8084
njo0771,33.9580,24.5301,61.3043
njo0772,10.7666,4.9080,25.9800
njo0773,18.6280,10.6592,32.0000
njo0774,55.5508,37.7405,136.1939
njo0775,11.5290,3.4751,31.3403
njo0776,19.7680,12.7510,33.0000
njo0777,36.6490,19.2153,68.0629
njo0778,10.5556,4.7991,34.0655
njo0779,10.7295,7.0762,20.4257
njo0780,10.8949,5.2676,28.4400
njo0781,9.2870,5.6805,20.3712
njo0782,19.0968,9.2592,44.0579
njo0783,3.7792,2.1902,11.9900
njo0784,20.3952,10.5129,27.0000
njo0785,3.6619,1.7522,11.0000
njo0786,2.3899,1.1681,13.5300
njo0787,4.4502,2.1763,10.6592
njo0788,1.9163,1.2264,3.5043
njo0789,3.2561,1.5419,10.9010
njo0790,4.1897,2.0480,11.9900
njo0791,3.9163,1.4749,12.0906
njo0792,2.9237,1.8229,3.9900
njo0793,4.5309,2.7252,12.9700
njo0794,2.9246,1.7172,8.0000
njo0795,6.1100,4.4476,11.0000
njo0796,6.0277,3.8779,13.2997
njo0797,5.3577,2.7304,25.0000
njo0798,3.4842,2.4871,7.9202
njo0799,3.0616,1.8552,6.8131
njo0800,3.0693,1.9858,6.8131
njo0801,5.7135,4.5404,7.5927
njo0802,5.6136,3.7261,16.3417
njo0803,3.5915,2.3362,24.2965
njo0804,2.7574,1.7522,7.6500
njo0805,4.0172,2.1026,16.3417
njo0806,2.7094,1.5902,10.6592
njo0807,3.0099,1.8356,17.1477
njo0808,5.3205,2.7304,18.0000
njo0809,5.5294,3.1606,18.0000
njo0810,5.3853,3.0287,14.5088
njo0811,2.6426,1.0513,10.2060
njo0812,4.8711,3.0521,14.0055
njo0813,3.6318,1.5803,19.9760
njo0814,4.1366,1.1681,9.6725
njo0815,4.4725,1.8155,14.5088
njo0816,8.5952,3.6094,34.6800
njo0817,4.2321,2.6338,9.8064
njo0818,5.3387,3.4052,39.9900
njo0819,3.5093,1.6856,9.3500
njo0820,4.5187,2.3362,13.5100
njo0821,2.8587,1.0819,19.9900
njo0822,3.7209,1.5803,16.3800
njo0823,10.7920,7.0086,24.9700
njo0824,8.0020,2.9048,17.9500
njo0825,6.9706,4.6607,15.2000
njo0826,9.9262,7.7829,13.5200
njo0827,7.6219,6.1325,9.0867
njo0828,4.5283,1.9900,9.9486
njo0829,7.5478,4.8172,10.7200
njo0830,5.4074,2.9018,7.1309
njo0831,5.9172,2.8956,8.2800
njo0832,2.4045,1.9852,2.8424
njo0833,20.3468,12.5001,36.0000
njo0834,6.3704,4.0000,8.4500
njo0835,4.2393,2.1721,12.0000
njo0836,4.5026,3.3305,5.6494
njo0837,8.5000,4.2691,15.0000
njo0838,2.7974,1.6612,3.5175
njo0839,8.5411,6.9969,9.3400
njo0840,5.6273,5.3921,5.8625
njo0841,3.7745,2.4516,5.2448
njo0842,7.3899,6.3077,8.4700
njo0843,5.7273,3.6201,10.9010
njo0844,7.2872,5.1165,9.1681
njo0845,4.9500,2.9203,10.5437
njo0846,3.4374,2.3792,4.9387
njo0847,4.2556,2.4743,25.0000
njo0849,2.8596,1.9776,5.2565
njo0850,3.2854,1.5234,7.0990
njo0851,2.3531,1.0882,8.0000
njo0852,2.8103,1.3636,14.9500
njo0853,2.6978,0.9940,12.9500
njo0854,2.6948,1.0882,7.6597
njo0855,4.0606,2.8153,6.3498
njo0856,5.7691,2.3922,10.5270
njo0857,3.0717,1.0882,6.0275
njo0858,5.6505,2.1477,14.2122
njo0859,5.5336,3.5043,8.8741
njo0860,6.0800,4.3453,13.6262
njo0861,5.5076,2.3473,15.0000
njo0862,5.2583,2.2092,10.5012
njo0863,5.1912,2.4900,10.8873
njo0864,4.5695,2.8091,8.7600
njo0865,4.8436,2.3362,13.6262
njo0866,3.7096,2.2793,6.7995
njo0867,7.4300,4.6724,10.4240
njo0869,2.6559,1.1988,6.1277
njo0870,6.0860,3.6375,17.9200
njo0871,6.0194,3.7519,9.2046
njo0872,5.6287,2.9203,13.6262
njo0873,8.6526,5.2448,16.9500
njo0874,10.5930,6.1512,29.2010
njo0875,8.1818,4.0570,26.9669
njo0876,9.5585,6.2760,22.4768
njo0877,3.8347,2.4530,7.0000
njo0878,4.0143,2.1721,9.5383
njo0879,13.5937,9.8100,17.5098
njo0880,4.5430,3.2216,7.9800
njo0881,7.1508,3.5006,20.0000
njo0882,3.3252,2.2652,5.0063
njo0883,10.2502,5.8405,14.2300
njo0884,4.7233,2.5079,15.0000
njo0885,5.9560,4.6129,14.9900
njo0886,5.0346,2.3362,20.3712
njo0887,4.2216,2.6503,15.0000
njo0888,6.9436,4.3275,10.4406
njo0889,4.8455,3.0892,8.9484
njo0890,3.6379,2.1644,6.8131
njo0891,4.4159,2.3362,8.5000
njo0892,7.1665,4.6071,9.6241
njo0893,7.6710,4.4972,14.3928
njo0894,2.3073,1.2709,7.7400
njo0895,2.4160,1.3058,12.0000
njo0896,3.4612,2.4530,5.8405
njo0897,9.1456,5.0055,16.9600
njo0898,10.4071,7.3311,16.4400
njo0899,6.7900,4.3526,9.4900
njo0900,30.9674,23.8487,37.3792
njo0901,5.1284,2.3223,9.3448
njo0902,3.5571,2.3799,5.4505
njo0903,5.1149,2.3362,8.9933
njo0904,3.7135,2.3362,5.9164
njo0905,14.5422,8.9500,24.8714
njo0906,7.6077,5.4773,9.9900
njo0907,43.2716,35.0430,59.6110
njo0908,10.9846,6.7508,20.4393
njo0909,4.8327,2.8292,7.9800
njo0910,5.4069,4.5000,7.0600
njo0911,11.9389,6.0937,18.0000
njo0912,11.3254,5.9074,16.3800
njo0913,11.6693,11.6693,11.6693
njo0914,0.0000,0.0000,0.0000
njo0915,7.3835,5.2756,12.2636
njo0916,6.2829,2.1902,15.0000
njo0917,2.5176,2.3602,2.6750
njo0918,3.7505,2.1595,9.7600
njo0919,4.1055,2.1786,7.0086
njo0920,4.9102,2.9974,9.5200
njo0921,4.3293,2.4530,7.6579
njo0922,2.7338,1.6862,7.0000
njo0923,2.9281,1.4017,8.0000
njo0924,4.0520,2.3460,8.1650
njo0925,3.5146,2.1902,5.8288
njo0926,3.9937,2.3668,7.5600
njo0927,7.6807,3.9264,10.2000
njo0928,4.6830,2.1637,10.5058
njo0929,4.8593,3.1458,9.0000
njo0930,6.9296,5.0328,8.9944
njo0931,7.0298,4.5980,11.4852
njo0932,4.6520,2.8068,7.9600
njo0933,4.7449,3.3420,7.0000
njo0934,3.6711,2.8823,4.6140
njo0935,6.1112,4.6310,8.7208
njo0936,9.7723,6.8712,15.0000
njo0937,10.9792,7.0086,21.1478
njo0938,13.1553,5.8405,28.7946
njo0939,5.8396,3.6513,15.9800
njo0940,9.5248,5.4094,17.7004
njo0941,8.3233,5.6559,15.9800
njo0942,2.6657,1.1750,6.3600
njo0943,5.8508,3.9264,15.0000
njo0944,6.0325,3.9166,11.3652
njo0945,5.3027,3.2590,14.0000
njo0947,3.4662,1.3369,15.0000
njo0948,11.7325,6.7750,19.7775
njo0949,48.2204,48.2204,48.2204
njo0950,3.5409,1.7434,7.3100
njo0951,10.6449,9.6441,11.6457
njo0952,8.3160,8.3160,8.3160
njo0953,7.7594,4.8908,10.5129
njo0954,7.9352,4.7786,10.6592
njo0955,3.6896,2.5183,5.9900
njo0957,29.7395,16.7964,37.3792
njo0958,2.7040,2.0000,3.9900
njo0959,8.3066,5.2120,18.2480
njo0960,6.8871,2.3362,15.2808
njo0961,9.4824,7.5927,11.1676
njo0963,10.5556,8.7145,11.6621
njo0964,7.0551,4.1593,13.0000
njo0965,4.6367,2.8502,9.9486
njo0966,4.3579,3.2696,6.6220
njo0967,4.0613,1.1681,6.5286
njo0971,26.7408,26.7408,26.7408
njo0975,11.3463,7.3687,22.5000
njo0976,21.2619,9.0761,31.3893
njo0977,12.1726,9.2514,16.3514
njo0978,13.4763,9.7370,21.3114
njo0979,11.2063,7.5927,16.1643
njo0980,4.4589,1.8690,14.0172
njo0983,4.8431,3.2456,5.9900
njo0985,3.0743,2.1493,4.6607
njo0987,9.1246,7.5900,10.6592
njo0989,6.4358,4.5467,9.3448
njo0990,34.1453,30.3590,39.5764
njo0991,7.4865,4.1689,11.6693
ow009,37.7407,24.6937,71.5100
pha005,6.7585,2.7500,35.0000
pi014,34.8254,18.5182,136.3400
pi016,47.8439,30.6935,170.0900
pi022,9.7358,5.8096,28.7900
pi035,8.1349,4.6724,24.4038
pi055,12.7354,3.4926,79.0100
pi061a,7.3244,4.0583,16.0000
pi096,4.0591,1.2709,16.8746
pi153,9.9464,5.8096,38.9500
pi155,10.8843,6.9385,37.0500
pi164,17.0078,11.9900,62.7900
pi165,8.4918,5.0834,23.3100
pm001,10.0963,2.8424,38.0000
pm002,12.2385,4.9060,48.0000
pm023,9.2659,4.0253,40.8200
poc003,13.0687,6.3955,37.1800
poc028,21.0630,10.5000,61.9100
rck001,4.0963,0.3533,23.6500
rck002,2.1985,0.3329,20.0100
rck003,6.8704,3.3929,41.4700
rck004,2.7572,1.1250,15.9170
rck008,3.0153,1.1288,14.8200
rck009,3.6043,1.1681,21.9100
scd001,7.3807,3.5000,36.0000
scd002,20.9903,10.6963,58.3600
scd008,27.6407,15.9900,87.5300
scd009,9.3285,2.9999,33.1200
scd010,8.0557,2.2500,33.6700
sh0003,7.3109,3.2456,30.2600
sh0004,8.1118,2.0000,49.9900
sh0005,4.5283,0.9929,40.4600
sh0006,6.6715,2.0000,26.4400
sh0007,58.2607,24.5272,105.0200
sh0008,10.5994,4.7131,24.0000
sh0009,23.6637,5.8405,48.4400
sh0010,13.5020,6.6294,53.7900
sh0011,34.2963,12.5000,80.1000
sh0012,4.7595,1.0893,25.0000
sh0013,24.9557,14.0000,103.0100
sh0014,4.8149,0.6813,38.9500
sh0015,13.2757,4.5511,71.7000
sh0016,39.2443,3.4249,244.1400
sh0016a,3.4612,1.3000,20.0000
sh0017,21.1931,5.0000,76.1700
sh0018,4.8643,1.4524,22.4700
sh0019,10.0324,4.7203,58.6600
sh0020,10.6325,3.0000,50.0000
sh0021,5.2425,2.1786,16.7000
sh0022,5.1554,1.1500,17.0400
sh0023,3.7529,1.2500,15.2800
sh0024,11.4224,6.2500,39.6300
sh0025,43.7792,8.7412,160.2000
sh0026,8.9229,2.3582,33.8919
sh0029,2.9731,0.5700,13.1200
sh0030,3.0876,0.4550,24.0300
sh0031,23.7246,12.5000,90.7800
sh0032,123.5736,54.5048,371.6500
sh0033,9.6186,4.2500,55.6500
sh0034,4.4306,1.0220,30.0000
sh0035,11.1221,2.9900,61.4600
sh0036,21.1274,6.8139,105.3900
sh0037,21.4382,10.2197,91.9600
sh0038,2.2621,0.1363,15.0000
sh0039,8.3201,1.6351,53.2200
sh0040,18.0900,6.5359,69.2200
sh0041,43.7944,23.0000,75.0000
sh0047,17.0224,4.3572,104.0900
sh0048,9.3572,3.9599,43.1300
sh0049,6.0718,2.5698,27.8000
sh0050,4.4487,1.4524,22.0400
sh0051,40.8106,16.3514,77.9700
sh0052,93.1620,43.5724,233.9800
sh0053,10.3770,4.3750,20.9900
sh0054,7.5645,2.8779,22.1939
sh0055,11.1425,2.2200,62.9000
sh0056,4.3016,0.3800,250.0000
sh0057,25.2284,7.6493,96.8000
sh0058,60.8241,28.7757,127.6151
sh0059,21.6163,13.0717,55.1844
sh0060,5.7787,2.5694,19.1400
sh0061,10.6871,4.7500,32.7600
sh0062,27.3424,9.9900,93.8200
sh0063,14.1141,6.0000,76.0500
sh0064,10.9543,2.7252,54.6100
sh0065,11.5579,3.5000,62.2600
sh0066,17.4937,5.2500,92.8700
sh0067,3.7736,0.7262,25.0000
sh0068,9.5895,3.6310,59.4800
sh0069,13.2748,4.7555,66.4300
sh0070,9.9169,4.9900,39.4900
sh0071,4.0346,1.3141,17.9500
sh0073,17.4578,5.8096,84.1700
sh0074,3.6862,0.7813,25.0000
sh0075,4.4501,1.7827,22.6600
sh0076,11.5959,3.7500,45.0000
sh0077,6.1042,2.5417,35.0000
sh0078,3.7900,1.1500,19.4100
sh0079,5.5433,2.0439,26.9000
sh0080,16.2967,7.6743,49.0200
sh0081,4.4748,1.9900,16.3500
sh0082,14.0232,6.4870,49.0400
sh0084,68.8059,44.9122,136.1939
sh0085,29.8547,3.6795,200.0000
sh0086,5.4540,2.4540,30.0000
sh0087,10.9260,3.3929,57.9100
sh0088,6.7703,0.9900,27.4500
sh0089,5.3076,0.7262,27.6900
sh0090,14.8005,7.0000,55.7800
sh0091,6.9806,3.3291,29.6300
sh0092,28.7480,15.6263,68.3100
sh0093,7.0544,1.8155,19.7200
sh0094,9.5845,4.9743,43.3100
sh0095,24.3215,8.5712,98.3100
sh0096,4.2766,1.0765,25.0400
sh0097,6.4440,1.8518,31.6527
sh0098,7.0308,3.6310,31.6500
sh0099,9.1479,3.6310,36.1700
sh0100,18.2624,10.2197,70.8100
sh0101,12.2996,5.4505,44.1800
sh0102,20.2878,10.9376,63.7200
sh0103,24.4228,9.3750,92.8200
sh0104,12.6259,5.2565,34.4400
sh0105,8.6525,2.9048,69.9900
sh0106,4.5978,0.3631,38.8600
sh0107,5.0309,0.7500,23.1646
sh0108,3.5484,0.9078,16.6300
sh0109,3.2506,0.8714,37.8100
sh0110,14.3324,5.0000,85.5000
sh0111,10.3505,3.5531,77.8727
sh0112,10.7347,5.3296,35.6500
sh0113,3.3569,0.4088,28.1700
sh0114,52.1957,17.5215,166.3100
sh0115,2.3927,0.6541,33.7688
sh0116,33.9172,17.7141,107.4800
sh0117,19.7340,8.1757,96.3400
sh0118,30.3624,5.9500,97.8300
sh0119,13.6804,7.2621,41.3900
sh0120,4.0898,1.4601,34.0000
sh0121,14.1109,3.1410,62.5400
sh0122,8.8402,2.9048,38.9500
sh0123,25.7311,14.5241,95.2500
sh0124,17.0143,9.0074,58.4400
sh0125,38.1450,14.5241,160.6900
sh0126,51.2541,29.6230,231.9100
sh0127,22.1912,10.5020,92.1800
sh0128,6.1848,2.7047,21.9100
sh0132,54.5099,24.5272,171.4200
sh0133,85.1056,44.1853,283.4800
sh0141,21.9812,13.5600,70.3600
sh0142,30.1965,13.3140,60.5200
sh0143,326.4280,189.6352,723.5500
sh0144,6.9759,1.5000,29.4600
sh0145,23.8330,4.5675,82.5000
sh0146,13.1582,5.3013,46.4400
sh0147,30.7780,11.9964,100.5200
sh0148,9.7684,4.6724,26.7900
sh0149,3.5028,1.6250,17.7400
sh0150,10.9989,5.8405,44.6900
sh0151,3.4033,1.0000,14.2600
sh0152,58.4803,40.3400,131.8200
sh0153,17.6654,10.0000,28.4905
sh0154,44.5258,21.7230,82.2600
sh0155,12.3140,5.0834,47.3700
sh0156,8.9818,1.9000,32.7000
sh0157,68.3815,21.0258,174.0100
sh0158,88.1477,32.1228,209.0100
sh0159,35.4798,16.2768,56.0000
sh0160,29.8516,17.0658,63.0400
sh0161,6.9348,3.0000,26.7500
sh0162,6.0851,2.5000,27.4800
sh0164,9.4109,4.0884,58.4400
sh0165,5.9891,3.5043,24.4200
sh0166,3.0720,0.4230,19.0000
sh0167,8.1861,2.2500,44.0100
sh0168,17.5539,3.6238,86.2100
sh0169,12.2112,4.6875,60.0000
sh0170,4.9632,1.4451,92.6900
sh0171,2.5256,0.6813,19.9900
sh0172,4.9578,1.3500,38.6100
sh0173,16.8422,7.3590,62.2950
sh0174,7.2398,2.1786,53.5600
sh0175,10.5762,3.9900,56.6900
sh0176,49.0038,19.6076,202.0800
sh0177,4.3088,1.5000,23.8300
sh0178,21.6063,10.5353,84.5200
sh0179,8.4208,4.3750,20.0000
sh0180,54.5896,30.3200,193.9200
sh0181,29.5261,10.1364,94.2200
sh0183,31.9733,24.9700,78.2200
sh0184,15.0011,6.8131,61.5700
sh0185,24.7170,14.0000,88.8700
sh0186,4.4788,1.0000,28.0000
sh0187,10.2867,5.7911,41.1300
sh0188,3.5632,1.1681,24.0600
sh0189,22.4187,13.6262,73.9600
sh0190,5.6761,0.7700,48.5900
sh0191,8.0093,4.0500,34.4700
sh0192,4.6399,1.8155,19.2700
sh0193,23.2410,12.7086,76.1700
sh0194,37.4769,8.5938,193.1300
sh0195,11.8166,5.6250,42.7800
sh0196,3.9448,1.0893,21.2300
sh0197,53.4235,25.4459,159.2600
sh0198,33.6791,15.0190,89.9900
sh0199,10.8072,4.7539,34.0900
sh0200,69.8805,23.7696,126.7300
sh0201,21.3071,12.6000,58.6800
sh0202,12.4682,5.4505,49.9900
sh0203,1.9461,0.7106,12.4500
sh0204,7.7824,3.5043,50.6000
sh0205,5.0495,1.8905,24.6900
sh0206,5.5583,2.8424,23.3100
sh0209,12.7631,7.4900,48.1700
sh0211,60.8633,33.7425,230.9700
sh0212,18.4438,6.4900,74.0000
sh0213,37.2216,21.7862,110.9600
sh0214,3.6527,1.4136,15.0000
sh0215,6.3095,2.4305,21.5600
sh0216,3.2958,1.4451,10.0900
sh0217,10.1342,3.7927,27.0000
sh0218,6.5852,2.9048,32.7800
sh0219,5.1427,1.7721,39.4900
sh0220,10.4698,5.4900,22.0630
sh0221,17.5037,8.7145,70.1100
sh0222,4.2710,1.9971,15.2500
sh0223,3.3019,1.3626,15.7900
sh0224,3.2149,1.5000,15.3400
sh0225,4.5636,2.7047,10.2470
sh0226,10.9537,4.9743,48.5600
sh0227,18.6505,8.3141,94.7200
sh0228,4.2406,1.9900,21.0000
sh0229,71.9027,24.8714,250.0800
sh0230,27.9220,14.9517,85.0000
sh0231,13.3642,5.1780,91.4700
sh0232,111.5876,71.0611,264.7500
sh0233,47.1061,23.8055,108.1700
sh0234,127.7833,63.9479,426.7900
sh0235,14.8771,7.6501,38.7100
sh0236,8.8076,3.9013,20.1800
sh0237,17.7624,8.9331,46.5200
sh0238,15.8006,9.9486,45.9100
sh0239,14.4303,6.5535,33.3300
sh0240,17.8445,7.6746,48.0900
sh0241,37.0199,22.5811,88.2700
sh0242,3.3343,0.9078,16.7300
sh0243,2.9342,1.0901,15.9300
sh0244,4.4211,1.7522,25.0000
sh0245,2.8260,1.0443,12.0000
sh0246,3.4675,1.1681,14.9500
sh0247,2.6061,0.9538,26.9900
sh0248,2.4120,0.5500,25.2600
sh0249,2.6135,0.9900,26.0100
sh0250,2.4615,0.6076,26.9900
sh0251,2.2022,0.5724,24.9900
sh0252,3.7536,1.0893,32.4900
sh0253,2.9334,0.9643,17.8800
sh0254,24.8108,9.4334,134.9600
sh0255,7.0443,3.9941,22.9600
sh0256,19.7517,7.5020,89.2200
sh0257,12.4834,7.6252,42.6200
sh0258,27.4584,14.5096,127.6500
sh0259,11.6751,2.3362,66.4400
sh0260,6.0180,0.9345,38.0000
sh0261,7.9534,3.2679,42.7800
sh0262,6.6092,2.5000,25.2300
sh0263,6.9437,2.0000,50.0500
sh0264,5.5056,1.8000,32.6900
sh0266,7.8096,4.2500,16.4950
sh0267,11.8004,3.5000,62.9500
sh0268,15.1829,7.2621,66.2900
sh0269,23.3998,9.4818,96.7500
sh0270,50.5763,33.5735,213.3750
sh0271,19.5563,11.6810,34.0000
sh0272,3.1925,1.5000,12.3800
sh0273,20.0929,13.6716,46.3000
sh0274,73.8706,53.1486,223.3700
sh0275,21.1396,13.0000,44.5300
sh0276,64.8798,36.7952,84.9588
sh0277,3.8412,2.0000,9.0147
sh0278,65.1786,29.4381,177.3900
sh0279,22.6509,8.0000,62.9000
sh0280,57.6746,32.6134,141.6800
sh0281,18.8998,10.8832,53.5900
sh0282,126.5013,80.0000,173.3900
sh0283,15.3049,6.2315,37.8200
sh0284,9.0785,2.4822,36.0400
sh0285,18.3472,9.5662,47.7000
sh0286,4.2923,1.4893,17.7400
sh0287,23.7810,11.3698,98.4800
sh0288,22.8975,10.1596,52.8700
sh0289,11.0125,5.4479,30.1900
sh0290,85.3452,40.8836,233.4900
sh0291,16.8021,2.9048,53.2700
sh0292,4.7711,2.0439,23.6500
sh0294,119.6567,65.0000,302.1300
sh0296,16.5028,7.0000,74.5000
sh0297,7.4933,3.0000,30.8600
sh0298,11.1606,5.5000,33.9200
sh0299,22.2237,6.9502,111.6500
sh0301,9.5059,5.3570,35.1300
sh0302,24.0196,7.2621,131.4800
sh0303,23.4321,10.8931,91.0200
sh0305,6.0295,2.4900,30.9900
sh0306,6.3695,3.0000,23.1424
sh0307,9.3322,3.9900,30.9600
sh0308,28.8159,11.0746,66.9100
sh0309,9.1259,4.6469,21.2200
sh0310,19.7014,6.2886,50.0000
sh0311,20.5625,10.2185,68.0629
sh0312,4.9573,1.3523,315.0000
sh0313,22.5942,11.4474,60.8000
sh0314,5.8922,2.3582,32.2800
sh0315,6.2947,1.4524,51.0000
sh0316,3.9359,1.0000,25.0000
sh0318,3.1435,0.9271,24.9900
sh0319,5.8998,1.6340,38.0000
sh0320,2.3512,0.8800,25.9900
sh0321,117.0080,80.9073,236.8400
sh0322,7.8163,2.9048,26.4000
sh0323,9.0768,3.0381,36.3103
sh0324,9.1891,4.8000,25.3900
sh0325,6.3322,2.7256,21.7000
sh0326,6.7378,3.5000,21.0000
sh0327,54.4564,35.4000,174.1100
sh0328,18.5075,9.2163,51.6600
sh0329,3.3193,1.4500,32.9900
sh0330,6.1788,2.0000,29.9900
sh0331,5.4748,2.7252,15.3800
sh0332,8.2476,3.4070,34.2100
sh0333,6.7872,3.0000,13.6126
sh0334,10.4154,2.0000,39.9900
sh0335,10.3301,4.2141,21.8500
sh0336,4.3550,1.7083,12.4100
sh0337,14.1074,6.5000,40.8105
sh0338,8.0525,3.9941,20.7400
sh0339,58.4497,35.0000,88.5700
sh0340,47.7365,28.0000,65.9900
sh0341,9.0183,4.7203,29.9200
sh0342,27.4549,17.9900,60.2400
sh0343,7.1009,2.7252,25.4300
sh0344,9.0158,3.9941,20.4200
sh0345,22.7791,13.9900,34.9900
sh0346,8.5179,5.0000,14.9900
sh0347,11.6834,4.9019,39.5900
sh0348,4.0475,1.3626,29.9900
sh0349,7.4393,3.8547,23.5500
sh0350,4.0642,1.2857,16.8100
sh0351,6.7463,3.5531,23.3620
sh0352,5.0213,2.0303,11.5800
sh0353,5.4670,2.3362,39.9900
sh0354,4.8292,2.0000,29.9900
sh0355,4.9617,2.3710,32.6000
sh0356,4.6619,2.5698,30.9900
sh0357,2.6950,0.5841,11.0700
sh0358,3.5012,1.8155,15.3000
sh0359,5.7659,3.6518,14.2300
sh0360,2.6153,0.7106,19.9900
sh0361,5.3236,2.1605,29.9900
sh0362,8.2260,2.5698,56.0000
sh0363,4.1411,2.0460,22.9600
sh0364,5.2498,2.4134,22.2300
sh0365,8.9526,3.3376,33.4500
sh0366,7.3520,3.5000,33.2132
sh0367,9.8700,4.5556,43.7800
sh0368,17.7858,7.2621,77.0500
sh0369,19.1315,7.2548,77.5050
sh0370,38.6516,17.2767,139.3700
sh0371,27.1811,14.5241,89.7400
sh0372,22.6318,12.0922,98.6600
sh0373,32.7333,16.1964,161.3800
sh0374,4.3159,1.2264,29.9900
sh0375,15.6887,7.9900,86.2600
sh0376,9.8917,4.3500,30.5100
sh0377,24.4095,6.8131,50.0000
sh0378,8.0420,4.0040,28.0000
sh0379,47.7218,22.3653,211.5600
sh0380,7.9618,3.3343,32.8800
sh0381,9.3547,2.0963,38.8500
sh0382,9.7847,6.3212,31.7700
sh0383,11.9066,3.0000,83.3100
sh0384,5.2401,0.5000,44.4400
sh0385,11.6740,5.1362,50.7900
sh0386,11.5187,3.4751,56.3400
sh0387,35.8909,14.8933,153.8400
sh0388,11.1849,4.0922,39.3000
sh0389,14.0196,5.4505,55.3000
sh0390,15.5045,7.5435,36.5300
sh0391,19.8244,8.1767,79.3100
sh0393,34.0751,17.7120,97.5800
sh0394,13.3865,10.1669,37.8000
sh0395,50.8593,24.2189,192.5700
sh0396,23.9310,12.3342,68.0629
sh0397,46.2952,23.8739,210.4200
sh0398,44.0640,30.3706,79.8500
sh0399,9.9941,5.9900,16.3514
sh0400,9.2291,5.5835,12.0000
sh0401,7.5235,3.7320,15.0000
sh0402,6.0740,2.3362,31.0600
sh0403,7.3258,2.5231,44.8700
sh0404,5.5210,2.9018,24.9900
sh0405,22.8587,9.8764,93.5600
sh0406,56.8434,33.3988,166.8400
sh0407,10.3593,4.2637,40.5200
sh0408,3.9844,0.5000,17.4400
sh0409,19.4599,10.0150,75.6900
sh0410,10.3742,5.4505,36.9000
sh0411,20.5449,8.1650,80.6900
sh0412,22.4563,14.5241,73.8400
sh0413,52.3045,23.3620,156.1700
sh0414,136.7149,45.0000,267.0927
sh0415,5.2601,2.3438,29.9900
sh0416,17.0291,8.6767,33.6024
sh0417,17.6158,8.9136,57.2300
sh0419,10.2905,5.1098,38.8200
sh0420,6.5823,0.6813,35.0000
sh0421,3.2676,0.5900,16.0000
sh0422,4.1016,1.0000,17.8400
sh0424,19.7386,10.0777,52.5500
sh0425,3.2796,1.5670,12.2500
sh0426,4.2108,2.3892,16.7100
sh0429,7.4562,2.5890,29.7900
sh0430,4.5700,2.1786,25.9900
sh0431,4.2094,1.6071,15.0000
sh0432,5.1561,2.1786,24.9900
sh0433,5.0634,1.8155,14.6650
sh0435,112.9926,46.4554,193.4501
sh0436,46.1525,31.2501,151.8700
sh0437,18.3426,7.2621,76.4900
sh0438,31.6001,14.0626,80.1960
sh0439,4.6758,1.6353,15.9300
sh0440,128.0795,80.8533,250.2900
sh0442,99.2389,63.9479,196.0553
sh0443,111.1750,77.6012,288.6300
sh0444,86.7865,32.6810,290.2100
sh0445,309.6972,204.3931,485.7100
sh0446,48.4793,28.0475,76.9600
sh0447,10.1316,4.3345,42.0200
sh0448,17.3437,8.7608,62.4600
sh0449,70.7003,32.5900,102.1300
sh0450,64.9930,32.6793,115.0000
sh0452,65.1064,42.6799,212.4900
sh0453,15.8165,7.9439,34.3000
sh0454,35.2668,17.4289,59.2000
sh0455,81.4024,52.3894,97.2404
sh0456,21.6285,11.1449,62.3500
sh0457,39.6906,10.7141,99.9900
sh0458,4.6440,2.1510,18.4000
sh0459,3.9304,1.9285,14.9500
sh0460,10.9867,6.4284,32.2800
sh0461,64.9838,35.0314,174.1800
sh0462,7.9968,3.9941,18.6600
sh0463,10.3028,5.6000,26.8500
sh0464,3.8636,1.0000,11.7300
sh0465,44.9838,25.1543,122.5900
sh0466,5.3314,0.9900,24.6900
sh0467,8.2868,2.8961,39.0300
sh0468,10.7814,5.8800,37.3500
sh0469,19.2666,10.0000,77.6700
sh0470,12.5542,7.2900,40.8400
sh0471,92.1579,29.2025,420.0900
sh0472,15.0410,10.0000,27.2388
sh0473,8.6067,3.5417,66.9300
sh0474,3.6322,2.2756,13.2200
sh0475,2.5995,1.3095,6.1671
sh0476,4.9351,1.1875,30.2600
sh0477,8.9491,2.0000,59.3000
sh0478,6.7306,1.0000,86.2400
sh0479,7.5192,3.4066,23.4502
sh0480,3.5394,1.6340,14.9500
sh0481,6.3949,2.1428,24.9700
sh0482,3.7194,1.4524,15.6900
sh0483,4.6133,3.2893,9.9450
sh0484,2.9698,1.4601,11.4900
sh0485,4.1346,1.8750,12.1800
sh0486,5.8586,2.5000,18.1228
sh0487,36.4996,22.0000,47.1800
sh0488,87.4514,23.7696,116.8101
sh0489,4.6791,3.0581,17.7400
sh0490,76.7617,37.9270,119.7500
sh0491,24.2050,9.6002,67.5200
sh0492,3.4885,1.5125,9.5247
sh0493,3.5768,1.2849,22.1100
sh0494,4.1502,1.4800,30.0100
sh0495,5.4788,2.0439,18.9132
sh0496,6.3083,1.7405,35.0000
sh0498,35.2150,16.8940,104.0000
sh0499,5.2600,1.7765,25.2000
sh0500,4.8430,1.0659,39.9900
sh0501,6.5319,2.0000,35.8200
sh0502,4.3508,1.8000,25.0000
sh0503,3.5652,0.7500,25.4900
sh0504,23.9911,11.6810,124.8150
sh0505,2.2639,0.3631,20.9000
sh0506,11.1044,4.2856,53.9200
sh0507,38.3477,17.5098,110.9600
sh0508,8.3957,4.2281,32.6400
sh0509,18.7975,8.8000,94.6100
sh0510,39.1674,7.8125,254.8155
sh0511,29.4901,17.9400,111.9150
sh0512,5.8491,2.0439,23.3100
sh0513,3.3069,1.0901,20.6614
sh0514,9.2885,4.6724,48.6129
sh0515,4.2231,1.3490,10.0000
sh0516,21.0905,12.0000,97.2200
sh0517,15.5319,9.8000,29.9800
sh0518,9.0471,1.8000,24.7900
sh0519,12.7152,8.1122,42.7800
sh0520,0.0000,0.0000,0.0000
sh0522,20.9589,9.3448,47.4900
sh0523,9.2218,5.8673,22.9000
sh0524,20.3199,8.0000,75.8300
sh0525,14.9233,4.0000,68.0500
sh0526,34.5506,23.1646,107.1300
sh0527,40.6781,28.5800,70.2900
sh0528,6.3516,2.3438,36.8314
sh0529,7.5242,2.6785,21.9900
sh0530,6.7826,2.6680,16.9500
sh0531,3.5604,2.1668,7.0086
sh0532,51.9501,20.2851,75.0000
sh0533,9.5810,0.9900,48.3500
sh0535,136.9040,50.0632,399.6900
sh0536,2.9305,0.6813,15.0000
sh0537,19.7590,9.8203,77.9100
sh0538,5.1644,1.0000,17.0328
sh0539,43.8456,17.9688,184.4400
sh0540,7.0778,2.5000,50.4400
sh0541,10.0592,7.0387,39.8400
sh0542,3.0368,0.4088,10.9540
sh0543,9.5966,4.4568,33.7400
sh0544,3.6727,1.0000,12.0000
sh0545,4.7961,1.3626,27.4504
sh0546,2.1953,0.3631,12.0100
sh0547,3.8455,2.5032,8.4600
sh0548,7.1042,3.9500,29.0250
sh0549,19.1226,9.3448,40.2810
sh0550,13.6924,6.0000,25.9030
sh0551,66.0457,10.5353,182.0300
sh0552,5.2772,2.8808,29.2025
sh0553,13.2377,4.6724,34.4898
sh0554,2.9411,1.0000,20.0000
sh0555,4.5459,1.8905,25.0000
sh0556,18.4646,11.5141,73.6200
sh0557,5.9642,2.0000,28.0000
sh0559,5.0137,2.8685,18.9900
sh0560,5.1576,2.1786,25.0400
sh0561,2.5994,0.9900,10.6592
sh0562,1.9944,0.6250,8.0400
sh0563,6.4448,2.2500,28.1700
sh0564,9.5181,4.0000,42.5200
sh0565,11.3591,5.4094,59.9900
sh0566,8.5082,4.3572,29.7400
sh0567,8.1182,4.0000,33.0000
sh0568,2.4431,0.5942,20.0000
sh0569,9.5255,1.0000,34.9800
sh0570,7.4726,3.4926,32.5200
sh0571,3.8652,2.0679,15.3000
sh0572,7.7843,2.6049,421.2000
sh0573,9.2510,4.0980,45.0000
sh0574,5.8148,2.8034,22.1600
sh0575,6.4126,2.9048,19.8900
sh0576,21.8476,13.5000,92.5900
sh0577,20.6975,11.7712,85.7000
sh0578,12.8039,6.4454,56.6900
sh0579,2.1973,0.9078,8.8700
sh0580,5.7143,2.1786,15.0000
sh0581,7.1968,4.1597,17.0200
sh0582,19.6351,11.6070,40.8105
sh0583,4.2410,1.7233,15.5100
sh0584,26.6032,14.0626,123.8200
sh0586,16.6720,10.3294,46.5700
sh0587,6.6037,3.4258,58.0000
sh0588,4.2095,1.0820,17.4000
sh0589,4.3376,2.1428,26.1500
sh0590,3.8126,0.9345,14.6800
sh0591,45.7459,18.5114,187.1300
sh0592,13.0416,3.9715,31.0300
sh0593,4.5912,1.9345,23.2500
sh0594,54.5608,25.4929,161.0400
sh0595,88.0905,37.6792,177.7400
sh0596,7.2085,4.0540,23.3400
sh0598,4.9607,2.3362,28.5028
sh0599,23.8201,11.7712,97.6350
sh0600,5.3001,2.6143,15.6800
sh0601,7.6631,3.5000,22.9200
sh0602,16.9279,8.3978,78.1900
sh0605,3.3277,1.6340,12.0800
sh0606,8.5915,2.7500,29.7500
sh0607,31.5527,19.5313,103.0800
sh0608,50.3798,31.9775,103.5300
sh0609,19.5357,12.9500,45.2100
sh0610,29.2143,18.0000,82.3400
sh0611,26.5403,16.6788,92.7800
sh0612,3.3706,0.8527,20.3567
sh0613,3.6298,1.0938,86.9913
sh0615,16.4582,9.6516,65.4200
sh0616,12.7049,7.9520,36.4900
sh0617,4.1138,2.0439,15.7500
sh0618,18.0753,8.0355,58.4500
sh0620,8.5337,3.8393,28.6200
sh0621,5.4182,3.7866,18.4300
sh0622,9.3688,1.3626,39.6000
sh0623,4.5438,2.3362,17.5700
sh0624,2.3648,0.8000,12.0000
sh0625,5.8922,2.5000,26.0900
sh0626,13.1355,7.4875,53.5600
sh0627,4.7060,2.5199,15.0000
sh0628,3.7247,2.3616,6.5770
sh0629,7.1293,2.8405,30.9600
sh0630,20.1875,13.4179,47.7900
sh0631,15.5790,8.0000,29.4791
sh0632,4.3513,1.4379,20.4500
sh0633,17.9757,8.7145,46.0100
sh0634,8.9495,5.8096,14.0000
sh0635,5.0903,2.9141,14.7300
sh0636,3.0726,1.8736,9.5000
sh0637,4.1483,2.2661,10.9540
sh0638,14.4894,8.8826,29.9900
sh0639,3.8845,1.4601,35.6093
sh0640,12.4798,8.0062,28.7500
sh0641,5.9682,3.7406,20.4393
sh0642,11.9608,8.8344,29.9908
sh0643,24.9012,15.0000,55.1861
sh0644,6.6488,4.0246,21.5300
sh0645,4.8315,1.4716,22.1000
sh0646,9.7665,3.4751,35.4500
sh0647,3.5361,1.0938,11.3300
sh0648,4.5211,1.8750,15.0000
sh0649,4.7155,3.3736,12.8103
sh0650,17.5608,9.0000,44.1700
sh0651,5.8535,3.1188,19.7000
sh0652,6.5689,3.0020,21.9800
sh0653,3.1715,1.5523,8.0000
sh0654,24.1664,9.8109,64.0900
sh0655,35.3066,16.3184,71.4600
sh0656,28.7945,17.1010,42.9900
sh0657,5.9935,3.3443,17.7400
sh0658,6.4003,3.5043,28.0000
sh0659,112.8509,81.2764,148.8500
sh0660,34.9114,14.2122,123.3600
sh0661,14.8127,9.5758,39.9900
sh0662,5.6670,2.9203,19.5800
sh0663,4.6004,2.6925,22.1900
sh0664,6.5778,3.9215,26.9550
sh0665,7.7311,3.2072,27.3100
sh0666,4.2989,2.0491,16.4800
sh0667,23.3785,14.0350,54.6200
sh0668,2.7849,1.5000,10.1200
sh0669,3.4922,1.6267,29.9900
sh0671,37.1290,21.0258,93.4500
sh0672,28.1745,15.9970,62.8400
sh0673,5.9402,4.4980,8.1757
sh0674,13.0933,7.1944,32.5000
sh0675,47.4265,26.3960,76.9200
sh0676,44.2649,44.2649,44.2649
sh0677,19.8900,19.8900,19.8900
sh0678,5.5339,3.1250,24.7500
sh0679,4.8295,1.8940,25.9900
sh0680,4.5142,2.7252,19.1850
sh0681,10.2585,6.0000,35.0430
sh0682,5.8242,1.3626,28.0000
sh0683,6.2328,3.4070,14.9228
sh0684,2.3552,0.5450,12.9950
sh0685,8.1966,4.1931,39.2850
sh0686,4.3499,2.0439,17.4900
sh0687,6.0287,3.4900,23.9000
sh0688,6.0291,3.0487,49.9200
sh0689,161.7455,100.1264,214.9700
sh0690,6.2137,2.4822,22.9600
sh0691,28.8739,17.4631,61.3179
sh0692,7.1393,4.3387,18.5100
sh0693,15.3120,10.9334,36.3300
sh0695,6.4190,3.2500,21.9900
sh0696,3.4938,2.0439,11.7600
sh0697,17.9335,9.0776,28.5100
sh0698,13.6891,7.2257,27.7500
sh0699,4.9246,3.0000,16.6700
sh0700,3.1788,1.7986,15.0000
sh0701,3.9514,2.0439,21.0000
sh0702,4.1893,1.9971,14.8900
sh0703,26.4662,13.7252,49.9900
sh0704,7.1592,2.3245,28.0000
sh0705,4.7600,2.4871,6.9500
sh0706,6.1119,3.5000,10.0000
sh0707,5.2387,3.2415,19.1400
sh0708,4.6386,2.8976,19.5600
sh0709,6.9355,4.2566,29.9900
sh0710,6.7255,3.3000,19.9900
sh0711,7.0620,5.0000,29.9900
sh0712,12.5626,9.2673,20.0000
sh0713,19.6595,14.1029,29.2590
sh0714,4.8098,2.4629,14.9900
sh0715,21.0923,12.7910,31.6380
sh0716,3.5376,2.0250,8.1621
sh0717,3.5064,1.3306,14.9900
sh0718,4.3690,1.8518,15.0000
sh0719,3.5652,2.1786,14.9900
sh0720,3.5190,2.1786,14.9900
sh0721,3.2715,2.1786,12.0000
sh0722,49.1335,36.3030,61.3179
sh0723,7.0384,4.5416,19.9900
sh0724,45.9288,22.9075,61.3179
sh0725,3.1174,2.1026,14.9900
sh0726,3.7298,2.1900,15.0000
sh0727,13.3373,7.5927,39.9900
sh0728,3.7582,1.9531,18.0000
sh0729,6.1503,3.1539,17.5393
sh0730,2.0589,0.7262,25.0000
sh0731,5.6217,2.7850,20.0000
sh0732,5.1467,2.1060,15.0000
sh0733,15.6161,10.5300,40.0000
sh0734,4.4856,2.0439,12.3500
sh0735,2.8216,0.9078,15.0000
sh0736,3.6670,1.5000,15.0000
sh0737,2.7708,1.3626,15.0000
sh0738,4.6351,2.3245,12.7839
sh0739,6.3087,1.5000,13.9300
sh0740,2.7004,1.0000,11.3300
sh0741,4.4008,2.4900,19.9900
sh0742,4.4142,2.2500,15.0000
sh0743,6.0476,3.1375,22.9500
sh0744,8.2483,4.5944,20.0000
sh0745,5.1632,2.5064,16.4150
sh0746,12.4557,4.5870,40.7200
sh0747,3.6629,1.3100,13.7100
sh0748,4.6261,2.3362,18.1200
sh0749,7.5618,3.8716,32.2500
sh0750,11.7082,6.2500,35.9700
sh0751,5.4724,3.5702,10.4700
sh0752,4.8951,1.5000,16.2750
sh0753,9.0134,5.0000,14.5169
sh0754,1.8342,0.6813,7.0086
sh0755,9.7806,6.7151,16.2152
sh0762,8.0252,4.4900,36.1800
sh0763,7.0988,4.0000,20.9800
sh0764,2.0471,0.7262,6.5000
sh0765,3.5357,1.4212,12.2636
sh0766,3.1915,1.4212,7.9950
sh0767,2.9425,1.3431,9.5000
sh0768,4.5115,2.4871,12.7976
sh0769,2.2703,0.9665,6.7995
sh0770,7.4104,4.3805,29.9250
sh0771,7.2812,4.6190,27.4050
sh0772,5.4588,2.4900,15.4100
sh0773,8.7480,3.6310,30.0000
sh0774,7.3768,3.4926,15.8100
sh0775,6.6210,3.8431,15.7040
sh0776,3.3025,1.3808,9.5600
sh0777,6.8556,4.4000,28.0000
sh0778,5.5228,2.2396,28.0000
sh0779,2.9182,1.5625,6.8131
sh0780,15.3199,8.0000,80.5850
sh0781,8.7020,4.4785,14.7400
sh0782,4.6806,2.5406,20.4257
sh0783,7.4184,3.5654,15.9600
sh0784,5.9143,4.5000,9.0000
sh0785,8.3168,5.8024,15.0000
sh0786,4.9890,2.1786,20.0400
sh0787,8.0769,5.2999,15.3420
sh0788,3.0718,1.2264,9.5000
sh0789,5.9822,3.5459,12.5000
sh0790,5.3100,1.5185,24.3900
sh0791,33.9831,26.8547,56.0000
sh0792,49.2756,29.4281,106.1500
sh0793,3.6734,2.1637,6.4246
sh0794,5.7980,3.0000,10.0800
sh0795,6.9927,2.9900,33.6900
sh0796,8.2193,3.4959,77.0000
sh0797,2.9029,1.1681,15.0000
sh0798,5.6797,2.5192,17.5300
sh0799,13.9776,8.2500,24.5135
sh0800,2.7367,0.6074,6.0330
sh0801,4.2819,2.8142,7.4800
sh0802,3.8706,1.5625,23.4134
sh0803,2.7876,1.2849,11.1400
sh0804,5.2208,2.9048,14.9888
sh0805,5.9742,3.5452,15.0000
sh0806,5.9154,2.9687,16.0000
sh0807,3.5258,1.2411,15.0000
sh0808,3.2031,1.4212,5.4505
sh0809,5.3376,2.5301,10.5129
sh0810,5.1671,2.5000,8.9900
sh0811,4.0857,1.6645,15.0000
sh0812,2.7315,1.2500,11.2350
sh0813,3.4722,1.3626,9.1800
sh0814,5.2939,3.0600,15.6000
sh0815,4.3771,2.6563,10.0000
sh0816,6.6718,3.9426,28.0000
sh0818,5.6545,4.0805,7.2422
sh0819,8.0536,4.0000,29.0482
sh0820,7.5839,6.2961,9.2658
sh0821,12.8537,7.2500,52.2000
sh0822,3.7159,2.1960,10.3039
sh0823,10.4232,5.0000,38.8950
sh0824,7.8477,4.8366,29.0482
sh0825,6.9319,3.1200,28.0000
sh0826,2.8601,1.1681,11.4000
sh0827,5.2517,3.9038,13.5016
sh0828,7.7868,5.1964,16.0000
sh0829,8.9451,6.0142,20.0000
sh0830,8.5884,5.3824,28.0000
sh0831,8.2635,5.8171,17.7653
sh0832,10.3496,6.7450,23.0000
sh0833,7.8519,5.3600,17.0547
sh0838,6.8623,4.0000,30.2250
sh0839,3.2738,1.6351,8.8284
sh0840,3.6632,1.5500,9.5000
sh0841,5.2571,3.0000,11.7240
sh0842,7.4399,4.0000,17.0000
sh0843,2.7935,1.3000,7.9520
sh0844,5.2713,3.3291,12.5000
sh0845,21.1691,7.2621,36.9440
sh0846,10.3036,5.0000,15.0000
sh0847,3.0198,1.0625,20.0000
sh0848,8.8540,5.4530,36.0000
sh0849,3.8126,1.9694,8.0000
sh0850,47.2926,33.6820,71.0611
sh0851,5.7982,2.0439,19.0767
sh0852,4.5090,2.7528,10.5941
sh0853,7.0991,4.3387,13.6126
sh0854,6.9700,3.9900,17.0547
sh0855,4.3227,1.8395,12.2500
sh0856,8.5223,5.4505,34.7550
sh0857,5.3499,3.5043,10.0000
sh0858,4.8941,1.7806,10.3140
sh0859,3.5335,0.8761,14.1750
sh0860,7.7381,4.0825,12.4870
sh0861,11.8595,6.8131,23.5401
sh0862,5.5541,3.8937,6.9651
sh0863,6.2283,4.3500,10.6521
sh0864,6.5854,4.3141,26.7000
sh0865,8.5341,3.6310,14.0600
sh0866,3.2713,1.5000,12.0000
sh0867,8.0513,5.0000,15.9887
sh0868,11.1493,5.4871,19.1200
sh0869,4.4295,2.7047,12.0000
sh0870,3.3916,1.5997,15.0000
sh0871,2.3759,1.0100,7.5000
sh0872,1.7425,0.5000,8.7500
sh0873,2.7332,1.3626,7.6597
sh0874,4.1025,2.8240,8.1621
sh0875,7.6015,3.8152,31.1850
sh0876,6.7982,4.2566,15.0000
sh0877,29.0644,14.2122,60.0000
sh0878,6.1150,4.1483,15.0000
sh0879,7.4528,4.9962,15.0000
sh0880,3.8587,1.5185,13.6126
sh0881,4.3651,2.4723,8.7153
sh0882,14.4738,9.2630,21.0141
sh0883,0.0000,0.0000,0.0000
sh0884,12.2136,8.5000,28.0000
sh0885,51.6450,50.0000,53.2900
sh0886,17.1514,9.9289,31.3403
sh0887,259.6477,140.1722,359.9910
sh0888,6.9154,2.9086,19.3549
sh0889,41.3908,15.0190,74.9900
sh0890,8.1654,4.6724,20.1435
sh0891,6.2742,4.7635,8.8570
sh0892,11.4525,2.2396,28.0000
sh0893,3.3369,0.9651,7.0627
sh0894,3.3704,1.8935,8.1621
sh0895,6.4573,4.4388,10.2197
sh0896,13.7276,9.4407,23.7800
sh0897,6.8510,4.2500,11.7911
sh0898,7.4903,3.9496,17.1734
sh0899,7.2824,4.6724,33.7200
sh0900,6.6216,5.3207,9.2100
sh0901,9.0602,7.2621,12.5158
sh0902,6.6455,4.0612,10.7365
sh0903,7.3505,5.0575,20.4257
sh0904,4.3690,1.4767,13.7616
sh0906,4.1562,3.1994,6.4275
sh0908,3.3558,1.7198,12.4950
sh0910,7.8690,4.3730,28.0000
sh0911,6.4320,3.2703,32.0000
sh0912,10.8992,6.0567,32.0000
sh0913,21.1496,11.6810,56.0000
sh0915,6.2665,3.8084,18.4368
sh0916,53.2983,44.4140,77.5200
sh0917,8.0241,5.7158,13.6959
sh0918,8.6981,5.0258,14.7494
sh0919,9.1398,4.7732,15.8029
sh0920,9.3217,7.1910,16.3514
sh0921,8.0408,4.9644,15.8029
sh0922,4.7385,2.7233,13.1691
sh0923,37.1879,30.5006,49.7357
sh0924,17.7814,11.0870,31.6059
sh0925,20.7612,16.3417,27.2388
sh0926,4.3644,2.3362,13.1691
sh0927,26.8757,19.1782,36.8735
sh0928,4.9479,3.2579,10.5353
sh0929,8.7239,2.7083,31.6059
sh0930,7.8422,5.0258,14.7494
sh0931,11.3084,7.0313,17.1244
sh0932,27.2963,22.1088,42.1411
sh0933,2.3977,1.8214,3.0000
sh0934,25.0000,25.0000,25.0000
sh0935,13.5923,8.0000,36.0000
sh0936,6.9608,4.4063,15.0000
sh0937,21.3993,15.5747,56.0000
sh0938,14.8961,5.8405,25.1656
sh0939,9.2209,6.0763,12.1525
sh0940,12.3488,9.4183,15.6974
sh0941,19.4862,14.2618,34.0000
sh0942,17.7659,12.2140,36.5400
sh0943,4.0900,1.7910,12.7323
sh0944,6.3366,4.4172,12.9900
sh0945,5.0791,2.6914,15.0000
sh0946,5.7555,3.0371,13.0450
sh0947,5.2710,4.5302,6.8131
sh0948,7.5774,4.7879,10.5245
sh0949,6.1411,3.9166,12.3455
sh0950,2.9359,1.8155,6.8000
sh0951,4.2309,2.9866,9.5784
sh0952,18.8694,9.5247,30.9020
sh0953,9.7582,5.4000,17.8960
sh0954,5.7376,4.6391,6.8131
sh0955,3.3211,2.0000,9.9900
sh0956,4.8613,3.2251,6.8131
sh0957,5.2838,2.6143,21.0000
sh0958,98.2262,46.4524,150.0000
sh0959,12.8414,7.0086,34.0655
sh0960,42.5082,23.5425,74.8079
sh0961,38.5473,38.5473,38.5473
sh0962,16.1029,10.6963,29.8700
sh0963,9.3578,6.9500,12.9600
sh0964,5.9227,2.4373,11.7400
sh0965,7.9559,5.4973,20.0000
sh0966,20.7812,16.5000,26.0195
sh0967,19.1626,14.5571,29.1909
sh0968,7.0776,4.4785,14.9757
sh0969,9.7864,7.3820,15.9980
sh0970,2.7195,1.3725,5.0000
sh0971,3.4411,2.6785,4.3980
sh0972,8.1759,6.3272,10.9900
sh0973,5.8075,3.8615,9.0000
sh0974,5.3199,3.1342,20.0000
sh0975,14.6082,7.6661,32.0000
sh0976,15.3202,8.4109,28.0000
sh0977,33.6802,25.0196,43.6039
sh0978,10.6363,4.6724,28.0000
sh0979,12.1676,5.0886,30.0000
sh0980,5.3269,2.8976,15.0000
sh0981,4.7893,3.4423,6.9100
sh0982,4.6420,2.9203,6.8131
sh0983,4.6095,3.1097,15.0000
sh0986,53.1515,36.3030,70.0000
sh0987,6.0782,4.4442,10.8873
sh0988,7.0855,5.5374,9.9471
sh0989,11.4872,8.0000,19.4187
sh0990,13.4844,6.5773,23.3722
sh0991,29.5722,28.0503,31.0000
sh0992,25.7317,19.3450,35.0000
sh0993,22.4886,13.3000,38.8394
sh0994,0.0000,0.0000,0.0000
sh0995,31.3989,22.9278,40.1973
sh0996,31.2155,21.5749,41.0000
sh0997,24.3704,17.9801,30.0000
sh0998,11.2506,9.0493,14.0626
sh1000,6.5923,5.8405,7.6469
sh1001,23.8306,19.9707,30.0000
sh1002,5.0450,2.7252,10.0000
sh1003,8.7705,7.3000,12.5000
sh1004,7.8385,5.8405,10.9010
sh1005,6.8397,2.9900,8.5900
sh1006,6.8114,4.0000,13.3740
sh1007,6.7052,4.2500,10.6600
sh1008,5.2368,2.5500,11.3300
sh1009,7.5067,5.3422,14.9300
sh1010,7.7273,5.4369,12.5400
sh1011,11.9955,10.6592,14.0000
sh1012,4.7074,2.7500,8.5000
sh1013,12.3839,7.4614,28.0000
sh1014,5.7977,3.0000,7.1113
sh1015,10.4684,5.3570,28.0000
sh1016,13.3143,9.0243,28.0000
sh1017,36.3198,24.9594,56.0000
sh1018,6.1361,2.9900,9.9838
sh1019,5.1957,2.9086,9.9838
sh1020,7.7043,5.5837,14.1600
sh1021,11.6098,7.1400,19.7400
sh1022,17.7787,12.1514,27.2000
sh1023,26.0311,18.1551,41.3000
sh1024,9.0772,5.4305,14.1600
sh1025,14.1049,10.1169,21.0000
sh1026,12.1290,9.2864,15.5357
sh1027,11.1445,8.7608,14.5169
sh1028,3.3725,2.6866,4.5000
sh1029,8.9741,4.8196,15.2656
sh1030,6.4493,4.0197,16.9783
sh1031,4.7578,3.3384,7.9900
sh1032,18.2351,10.8858,29.0800
sh1033,6.7133,4.7831,14.0000
sh1034,7.8571,4.3681,29.9400
sh1035,6.1457,3.6795,8.2279
sh1036,2.8419,1.1256,5.0000
sh1037,5.0656,3.7706,8.1757
sh1038,18.5742,13.1411,28.0000
sh1039,4.3029,1.9872,8.5000
sh1040,8.5931,6.0000,14.1600
sh1041,8.1025,5.8096,14.1600
sh1042,4.9800,4.9800,4.9800
sh1043,6.5235,5.4369,8.3930
sh1044,8.9883,5.8048,16.0000
sh1045,18.2394,14.5241,30.0000
sh1046,14.6494,5.8405,72.3000
sh1047,18.1788,12.3324,24.9900
sim013,5.6042,1.1910,18.0500
sim019,6.2207,1.7522,45.9900
sp002,5.0417,1.4524,36.1700
sp027,6.2292,3.3865,20.4900
sp033,5.0442,0.5841,40.6000
sp035,18.4811,9.8991,38.7200
sp037,7.6186,2.1875,99.9900
sp038,7.2849,3.3788,52.5038
sp040,4.4910,1.1681,29.9900
sp044,3.7941,0.8761,48.9900
sp049,11.9672,5.8096,62.6773
sp111,7.3852,2.9203,21.7000
spd001,46.9219,12.7976,120.0000
spd011,7.3713,2.6571,34.9700
spd026,50.5498,21.3750,226.7800
st008,135.7114,75.5660,340.5870
stu006,3.2425,1.8670,11.1300
sw0002,54.5437,32.3622,177.0400
sw0003,13.9298,3.1606,113.4450
sw0004,19.3088,4.6607,153.7300
sw0005,5.7641,0.6800,60.0100
sw0005a,4.8104,0.3504,59.9900
sw0006,15.3505,7.9883,63.0300
sw0007,6.0015,2.5000,35.1300
sw0008,6.5318,1.8750,73.0100
sw0009,10.2067,3.8247,59.9900
sw0010,9.4569,3.6310,51.1500
sw0011,6.7716,0.7262,49.0000
sw0011a,4.2920,0.5000,59.0100
sw0012,6.0636,2.9487,27.4371
sw0012a,5.5114,3.4066,37.5700
sw0013,11.6583,5.2565,55.0100
sw0014,57.4302,25.4099,239.6500
sw0015,11.3823,3.4926,57.9900
sw0016,12.8935,6.5000,99.9900
sw0017,6.6361,1.6181,40.0100
sw0018,9.1549,2.5000,56.0000
sw0019,7.4958,2.0000,50.0000
sw0020,9.0025,2.8424,46.7241
sw0021,8.3641,2.5500,83.1415
sw0022,10.3492,5.2806,46.6000
sw0023,9.9825,3.3180,50.1500
sw0024,21.4994,10.0000,100.5200
sw0025,8.8150,4.0000,57.5300
sw0026,79.7604,25.0000,322.7800
sw0027,10.0213,3.9264,51.0100
sw0028,3.3403,0.5000,48.9900
sw0029,5.7625,1.7405,32.1600
sw0030,7.9925,3.0864,48.3500
sw0031,8.4776,2.4540,34.4400
sw0031a,7.6624,4.0000,29.9200
sw0032,14.3008,8.5000,56.7300
sw0033,7.4072,3.8580,33.0500
sw0034,8.1755,0.7189,65.0100
sw0035,6.8328,0.9811,50.0100
sw0035a,6.7731,2.8322,42.3600
sw0036,10.4639,4.9437,62.0100
sw0036b,6.6193,1.5780,58.9200
sw0037,6.8725,3.4926,32.1800
sw0038,293.9467,181.5442,827.8100
sw0039,8.2674,4.0000,39.9900
sw0040,10.1296,4.9900,57.5595
sw0040b,7.8391,4.0000,57.2200
sw0041,15.6423,5.7718,95.9325
sw0042,8.3860,4.0879,23.3620
sw0043,32.1022,17.6310,95.5100
sw0044,15.9504,8.3352,52.5200
sw0045,85.0448,28.0000,269.0250
sw0046,8.1109,1.2207,37.0000
sw0047,6.9656,3.0000,32.3200
sw0048,9.9161,2.8500,37.6200
sw0049,8.9652,2.8125,63.9550
sw0050,11.1359,4.5000,52.9900
sw0051,16.7154,6.1318,99.9900
sw0052,6.1277,1.0000,59.6800
sw0053,359.7109,169.3747,1597.6300
sw0054,32.3813,18.7727,67.5000
sw0055,10.2350,3.0000,40.3650
sw0056,95.2338,29.9900,388.0100
sw0057,114.6520,50.0000,416.6900
sw0058,33.2897,10.5129,107.4800
sw0059,105.9829,68.9180,344.9600
sw0060,39.5402,15.1853,216.1000
sw0061,40.6982,19.5313,100.1700
sw0062,16.3416,7.0000,65.5900
sw0063,14.1858,8.4319,66.4900
sw0064,12.1530,6.5359,50.4700
sw0065,8.4659,3.2500,42.4300
sw0066,16.3869,4.6607,73.3900
sw0067,10.7744,3.0000,47.9900
sw0068,7.6601,2.9048,29.3100
sw0069,19.0809,8.1767,178.0000
sw0070,48.2369,21.4613,120.8038
sw0071,41.5063,23.3620,170.3000
sw0072,55.3783,31.9775,89.9500
sw0073,70.2658,42.4021,292.7600
sw0074,6.8121,4.0000,15.0000
sw0075,20.0981,6.8131,110.0100
sw0076,29.2057,14.8834,94.7500
sw0077,19.7142,12.2651,71.2100
sw0078,41.6980,21.0258,139.4700
sw0079,14.7321,9.9873,30.0600
sw0080,7.6807,3.5043,42.4000
sw0081,8.6713,3.0000,74.3400
sw0082,8.7650,3.4495,53.1800
sw0083,16.6527,6.0763,62.9500
sw0084,11.5675,4.9000,46.9600
sw0085,35.4785,13.9004,508.9178
sw0086,23.9301,13.4218,86.9200
sw0087,16.9490,9.3750,52.4800
sw0088,7.1552,2.1786,49.9900
sw0089,6.4414,2.5000,39.9900
sw0090,6.2133,3.3641,33.2800
sw0091,11.6931,3.1977,70.0100
sw0092,3.5903,0.5000,65.0100
sw0093,6.1883,2.5199,25.0000
sw0094,5.3272,3.1674,11.6810
sw0095,3.5546,1.0659,36.9900
sw0096,3.5357,1.7405,17.2800
sw0098,5.5016,1.1564,29.9200
sw0099,23.7412,11.7515,109.5700
sw0100,15.2896,5.8405,73.7400
sw0101,4.3765,0.3558,55.0000
sw0102,82.7000,32.6793,753.5000
sw0103,547.5476,340.0000,1200.0000
sw0104,319.2825,200.0000,476.8491
sw0105,531.8190,250.0000,1200.0000
sw0106,140.6267,49.9900,568.0800
sw0107,2383.7352,1401.7218,5600.0000
sw0108,6.8860,3.5000,23.2452
sw0109,41.0227,21.8751,216.0000
sw0110,97.1929,45.7510,322.8800
sw0111,33.6719,15.1853,137.1300
sw0113,11.2792,5.1000,49.9900
sw0114,12.8577,8.2216,38.9500
sw0115,3.6194,1.0000,45.0000
sw0116,145.6377,49.7428,210.0000
sw0117,83.8600,14.4806,318.4200
sw0118,8.8093,2.1318,37.5700
sw0119,7.6679,2.3362,45.0000
sw0120,15.3417,4.9900,64.0900
sw0121,109.8225,34.0655,204.3009
sw0122,24.6457,11.6693,101.5600
sw0123,17.5210,7.9940,88.3400
sw0124,107.2651,67.7499,337.0400
sw0125,65.8208,34.0980,179.9900
sw0126,9.8621,3.4066,59.0000
sw0127,25.7665,15.8783,116.4500
sw0128,37.6825,19.6320,219.4700
sw0129,99.1919,48.3625,254.2600
sw0130,20.2064,5.3824,86.6100
sw0131,257.9277,134.3317,823.3700
sw0132,13.8288,4.2637,65.9000
sw0133,120.8193,40.6383,450.0615
sw0134,87.8363,40.8836,368.8900
sw0135,26.7410,14.1757,102.7800
sw0136,8.2143,5.0762,29.9200
sw0137,114.4072,10.0000,356.2800
sw0138,12.7666,4.9387,100.0000
sw0139,13.0175,3.5043,108.9309
sw0140,57.3762,37.7627,127.9100
sw0141,27.9729,19.6066,40.0000
sw0142,7.9570,3.5531,34.0600
sw0143,0.7328,0.0500,1.5000
sw0144,26.4073,11.7911,94.2600
sw0145,4.0398,1.7429,20.6300
sw0146,5.5501,2.4342,20.2600
sw0147,6.5263,2.2875,25.2200
sw0148,92.6455,50.0000,260.5200
sw0149,18.8211,7.9900,54.8800
sw0150,18.0724,12.2200,28.0000
sw0151,4.2444,1.8750,52.3700
sw0152,19.1772,6.2500,95.0000
sw0153,15.1013,7.1754,55.2800
sw0154,14.4863,6.2500,89.9900
sw0155,12.2212,4.4388,59.6900
sw0156,1.3170,0.4712,8.5200
sw0157,18.7526,8.4300,72.2700
sw0158,2333.4432,1343.3167,5000.0000
sw0159,5.4726,1.1200,46.5200
sw0160,5.1823,2.5000,21.6000
sw0161,15.5474,8.5203,56.0000
sw0161a,4.8182,1.0000,86.5600
sw0162,10.5100,5.1098,50.2500
sw0163,28.5860,7.0086,114.4000
sw0164,66.5062,45.3017,165.7300
sw0165,31.9109,10.8931,112.9650
sw0166a,8.0203,3.5043,100.0000
sw0167,7.0510,2.9048,100.0000
sw0168,36.4558,11.5119,55.0000
sw0169,21.7328,10.0000,77.7956
sw0170,40.7393,10.0000,389.3282
sw0171,7.2359,3.7905,23.5800
sw0172,21.7211,13.0000,69.9100
sw0173,29.3230,17.7141,74.0505
sw0174,32.4590,14.2500,59.9900
sw0175,14.9964,6.0157,75.3750
sw0176,9.9917,3.4066,43.3700
sw0177,22.4208,8.7145,72.0000
sw0178,13.2868,6.5359,56.0000
sw0179,7.6510,2.5000,31.6500
sw0180,34.4778,9.9900,85.0000
sw0181,89.3168,44.4400,225.0000
sw0182,16.7549,7.2257,40.8105
sw0183,6.6890,0.9949,39.9900
sw0184,3.9245,1.8750,35.0000
sw0187,3.5066,0.6500,49.7400
sw0188,5.5310,0.1363,65.8800
sw0188a,7.7301,2.9203,39.8500
sw0189,13.8470,7.4944,70.6000
sw0190,42.5280,22.6509,198.0000
sw0191,14.7164,5.8405,58.7800
sw0192,14.2568,4.0000,100.0000
sw0193,34.7690,21.0258,112.3200
sw0194,102.8102,29.4381,250.0000
sw0195,54.1536,18.3362,192.3750
sw0196,56.9266,32.6793,156.6100
sw0197,8.4910,2.0052,55.0000
sw0198,14.3076,3.9781,79.9900
sw0199,25.4633,5.8405,92.7600
sw0200,10.5771,4.6903,45.0000
sw0200a,11.9057,5.8096,59.0000
sw0201,9.2712,2.3245,49.9900
sw0203,35.9248,22.8364,138.0800
sw0204,10.9956,6.0000,35.0000
sw0205,10.4608,4.6477,80.0100
sw0206,59.2434,36.2740,92.9700
sw0207,13.1301,7.2141,39.9900
sw0208,9.7146,2.5935,69.9900
sw0209,13.4960,6.0000,100.0100
sw0210,15.1762,7.4034,75.3300
sw0211,8.7789,1.5625,29.9900
sw0212,28.2047,15.0000,79.0000
sw0213,7.5452,2.1902,60.4700
sw0214,21.0349,8.7145,114.0900
sw0215,17.7072,5.0000,88.2200
sw0217,2.7966,0.5000,61.0000
sw0218,570.9051,350.0000,964.2654
sw0219,12.3952,1.2516,1452.4117
sw0220,6.6159,1.1681,58.0000
sw0221,8.5127,2.5935,39.9900
sw0222,2.1690,0.5841,37.0000
sw0223,18.5261,8.4282,78.6600
sw0224,30.4805,17.4724,121.8500
sw0225,16.4362,6.5359,51.8000
sw0226,10.2787,4.3572,43.1250
sw0227,5.8048,3.2000,29.9800
sw0228,3.9406,2.1786,19.9800
sw0229,2.2745,1.0000,37.7700
sw0230,7.0912,2.8976,31.1700
sw0231,41.2261,6.2579,176.1300
sw0232,18.9556,7.8430,173.2300
sw0233,12.0673,6.5359,70.0000
sw0235,10.2608,4.0300,42.1200
sw0236,15.0207,5.8096,46.5200
sw0237,14.6106,7.5525,56.7500
sw0238,12.8500,4.9545,52.6700
sw0239,11.2093,5.4465,65.3300
sw0240,9.1360,5.0471,37.5700
sw0241,8.5424,2.9500,50.0000
sw0242,7.5414,2.8425,39.0000
sw0243,29.4481,16.4045,140.0000
sw0244,9.4693,4.0000,49.9900
sw0245,12.1516,4.0000,36.7000
sw0246,56.1668,23.9064,188.0318
sw0247,11.7819,6.2500,48.7050
sw0248,18.6484,8.1621,69.2550
sw0249,38.9153,20.0000,70.9500
sw0250,24.9725,10.9010,65.4900
sw0251,50.4869,29.1445,142.0400
sw0252,3.8312,1.4601,27.6300
sw0253,7.7498,2.9350,100.0000
sw0254,46.6519,28.8410,199.9700
sw0255,11.1122,2.4344,59.0300
sw0256,76.6554,46.7124,303.5400
sw0258,3.5632,1.0901,25.1500
sw0259,3.6600,0.6813,55.0000
sw0260,3.3399,0.8039,116.8101
sw0261,3.5407,1.2761,30.2700
sw0262,4.2792,0.9900,38.0000
sw0263,6.3938,2.0000,100.0000
sw0264,6.9460,1.6351,30.7200
sw0265,9.3231,3.5043,46.0000
sw0266,10.6302,4.3572,46.0000
sw0267,9.5881,4.3485,47.9900
sw0268,3.9124,1.7522,26.9900
sw0268a,4.4839,1.4161,39.0000
sw0269,12.1538,7.1309,38.1300
sw0270,1.1367,0.4913,6.3042
sw0271,11.2933,5.3595,78.1700
sw0272,17.0421,4.6140,59.8200
sw0273,4.2222,1.1681,35.0000
sw0274,4.3560,1.0893,29.9900
sw0277,12.7477,4.9900,67.8300
sw0278,5.6811,2.0252,49.9900
sw0279,21.2809,9.4941,97.1800
sw0280,23.6593,9.3448,88.5750
sw0281,13.1136,6.1589,59.9500
sw0282,14.9624,9.4334,47.6500
sw0283,13.1578,5.8288,60.5200
sw0284,30.9920,4.9080,141.3200
sw0285,34.0347,14.6013,81.7554
sw0286,16.9101,7.8125,75.9900
sw0287,8.6068,3.7763,25.4900
sw0288,11.7878,2.0000,42.0900
sw0289,4.6041,1.6351,38.2700
sw0290,14.5145,8.0184,51.4800
sw0291,4.6525,2.0439,43.1300
sw0292,11.7505,4.0000,60.8700
sw0293,16.1420,9.5000,44.0000
sw0294,21.5486,8.1767,80.7450
sw0295,5.9663,0.7813,100.0000
sw0296,4.8088,1.3626,45.0100
sw0297,10.1770,3.5338,35.1300
sw0298,10.0942,2.3245,59.0000
sw0299,7.1595,2.3362,39.9900
sw0300,2.5453,0.5841,35.0000
sw0301,7.6492,1.3490,75.9900
sw0302,6.5358,2.1318,39.9900
sw0303,6.6633,1.9860,65.0100
sw0304,6.1985,2.1786,32.9900
sw0305,5.9529,1.4524,35.0000
sw0306,20.5921,11.8848,67.0700
sw0307,89.4501,39.7038,366.9000
sw0308,15.5055,4.3572,96.6160
sw0309,57.4740,25.6866,308.0000
sw0310,25.3909,9.8700,81.9900
sw0311,1.4811,0.7262,5.0000
sw0312,102.6897,54.4654,356.0000
sw0313,25.4913,3.6238,80.1000
sw0314,112.9108,48.0983,1040.7784
sw0315,495.2468,373.7925,720.0000
sw0316,27.7298,11.0970,172.1233
sw0317,7.1587,1.7700,45.4368
sw0318,10.5957,1.1582,81.7436
sw0319,11.0071,5.0762,105.0100
sw0320,7.6471,2.7305,54.4912
sw0321,12.6064,4.6724,39.6500
sw0322,14.8411,6.0000,73.3900
sw0323,14.7598,5.5755,82.2900
sw0324,10.0136,3.5000,42.0900
sw0325,45.2429,25.6866,113.4800
sw0326,13.5018,5.8405,87.3541
sw0327,12.5793,4.6724,35.8200
sw0328,9.4233,5.0112,35.9900
sw0329,15.9389,7.9883,60.5200
sw0330,207.1641,105.1291,566.2000
sw0331,98.8686,47.0000,280.4000
sw0332,47.8709,19.8971,212.0700
sw0333,17.9428,10.5129,57.0100
sw0334,7.1274,3.5043,34.0900
sw0335,9.3541,3.6310,40.0000
sw0336,10.8920,5.8096,32.3400
sw0337,12.7715,5.7821,53.4450
sw0338,9.9559,4.2500,60.6900
sw0339,11.4806,5.0000,71.6911
sw0340,4.4051,1.9748,27.0965
sw0341,33.6599,16.8791,124.7500
sw0342,20.0469,8.7145,54.4367
sw0343,11.9388,4.0000,41.0400
sw0344,21.5410,9.1200,67.9650
sw0345,27.5103,16.1510,77.1800
sw0346,15.9385,8.0000,60.9900
sw0347,6.2776,2.9203,28.3100
sw0348,11.0882,5.4465,55.9883
sw0349,6.8363,2.9436,40.3427
sw0350,26.6746,14.5169,65.6400
sw0351,13.7250,6.9900,33.4823
sw0352,136.9363,83.5137,256.6800
sw0354,3.4952,1.5000,49.9900
sw0357,4.3489,1.1562,63.7500
sw0358,8.8115,2.1786,53.9900
sw0359,4.4214,1.3490,51.3965
sw0360,2.3953,0.7262,16.2500
sw0361,24.5369,10.5129,111.3000
sw0362,6.4064,2.4141,34.4400
sw0363,19.7967,9.9289,80.9800
sw0364,16.8457,7.2621,79.9700
sw0365,5.4491,0.8800,100.0000
sw0366,5.4287,1.1250,26.0900
sw0367,5.5380,1.6071,35.5068
sw0368,5.4955,2.6797,29.3800
sw0369,6.4247,3.6238,27.9000
sw0370,6.8540,2.7631,43.4900
sw0371,34.1489,14.8933,121.3900
sw0372,11.0785,2.8976,700.0000
sw0373,12.7615,4.3190,61.4700
sw0374,9.4022,3.9715,68.7500
sw0375,11.7118,6.0741,100.0000
sw0376,8.5624,5.0000,21.0000
sw0377,35.6500,17.7141,161.4300
sw0378,12.0376,3.6000,64.0100
sw0379,8.4246,2.9665,44.0000
sw0380,14.3796,4.3572,60.6600
sw0381,18.2161,9.8160,115.6420
sw0382,12.5460,5.5990,33.0800
sw0383,14.3730,5.8405,65.9900
sw0384,65.5587,40.8836,149.9500
sw0385,141.0942,61.7275,423.9300
sw0387,270.1157,134.2149,698.7100
sw0389,23.6293,1.4524,94.3350
sw0390,22.0332,11.8305,76.1400
sw0391,17.8829,5.6500,69.4200
sw0392,26.2424,10.5012,123.9300
sw0393,10.7682,5.3336,65.5000
sw0395,4.9569,1.8064,39.5200
sw0396,17.2075,4.4680,159.4100
sw0397,5.5406,1.7000,29.0000
sw0398,8.1565,2.3362,54.9900
sw0399,3.8908,1.1681,16.4300
sw0400,6.9128,2.2778,58.8700
sw0401,5.1062,2.4629,26.7900
sw0402,57.3889,29.7120,184.3400
sw0403,5.8060,2.7122,32.0000
sw0404,27.3887,11.6810,100.9200
sw0405,19.4679,12.0000,67.1300
sw0406,72.8638,35.0314,247.0200
sw0407,130.2580,57.5892,370.3500
sw0408,42.9300,23.1646,162.7800
sw0409,17.2035,3.5043,48.3500
sw0410,22.4783,13.3164,69.9100
sw0411,17.8616,9.8062,77.5600
sw0412,5.3179,2.3362,17.0000
sw0413,212.3652,87.6076,561.0000
sw0414,8.6925,2.9203,74.2300
sw0415,7.4315,3.6874,42.5600
sw0416,147.9795,83.4060,730.0000
sw0417,24.2801,15.0000,94.3300
sw0418,54.9110,28.0344,197.5600
sw0419,52.3580,31.5271,172.5200
sw0420,50.8348,28.4970,185.8400
sw0421,139.2930,81.7671,464.3400
sw0422,46.5365,17.7230,165.2200
sw0425,3.5358,1.2810,37.3800
sw0427,3.8957,0.5841,23.6500
sw0429,4.2709,1.5185,18.0000
sw0431,13.6796,2.8424,98.0000
sw0433,10.4692,4.3572,48.3500
sw0434,16.2721,7.7000,45.0000
sw0435,48.8401,27.7831,187.4800
sw0436,7.9885,2.8125,59.3900
sw0437,8.0866,3.1977,34.9200
sw0438,10.2105,4.4972,43.0300
sw0439,32.8793,15.7056,132.5000
sw0440,6.2461,2.1257,59.5500
sw0441,5.4977,1.8281,29.9900
sw0442,7.7555,2.4134,59.0400
sw0443,7.7972,3.4751,35.7300
sw0444,6.6945,2.5417,59.4100
sw0445,10.5475,2.3362,66.5970
sw0446,6.5706,1.1681,48.2700
sw0447,8.3000,4.3500,59.9900
sw0448,5.9967,2.9350,26.9850
sw0449,8.1740,2.9048,42.4300
sw0450,106.2897,40.6499,758.2500
sw0451,5.0257,1.8000,30.7024
sw0452,32.3782,11.6693,204.8700
sw0453,20.0044,8.0172,78.1200
sw0454,11.4911,4.2141,38.5500
sw0455,21.1028,10.5129,98.9400
sw0456,5.6134,2.9086,34.0900
sw0457,5.3368,2.3362,21.7862
sw0458,5.4798,1.4017,39.3000
sw0459,6.9369,3.2679,23.2700
sw0460,5.3570,1.2709,33.0000
sw0461,10.2551,3.5091,37.9100
sw0462,5.4044,2.3362,37.5700
sw0463,3.8705,1.8690,24.8327
sw0466,10.4125,7.0166,37.2800
sw0467,7.0621,2.5417,55.2600
sw0468,34.5403,7.7095,190.6100
sw0469,41.2686,19.0203,128.5000
sw0471,14.3336,5.7882,62.8200
sw0472,91.0506,43.2031,333.2100
sw0473,3.2165,1.1623,25.0000
sw0474,53.8149,21.7862,142.6000
sw0475,48.0919,16.0000,130.0000
sw0476,23.6023,10.5012,89.9500
sw0477,11.2302,4.3572,47.4600
sw0478,52.2826,29.0410,144.7800
sw0479,12.6773,2.8976,100.0000
sw0480,55.4445,26.8547,214.6100
sw0481,21.9912,8.6340,100.0000
sw0482,7.9123,4.2500,31.6527
sw0483,78.1462,38.9000,209.8200
sw0485,94.1195,40.0000,397.9800
sw0486,71.5303,32.7497,179.9900
sw0487,16.4851,7.2621,35.8200
sw0488,37.1815,16.9932,162.8900
sw0489,10.7042,4.9900,49.0400
sw0490,69.0579,29.7120,145.3100
sw0491,16.3957,5.8405,87.3000
sw0492,60.8448,21.0141,213.9800
sw0493,32.3387,11.1110,195.5600
sw0494,17.6750,4.6724,109.6146
sw0495,19.9750,8.1650,122.5432
sw0496,12.4526,5.8405,37.1200
sw0497,28.8687,15.9765,84.0000
sw0498,12.5741,6.6582,46.0000
sw0499,168.9204,89.8442,544.9801
sw0500,209.1675,108.9236,544.9801
sw0501,107.5223,26.9910,175.0000
sw0502,40.0941,19.9640,145.1700
sw0504,104.0148,60.0000,280.0499
sw0505,6.7153,1.6071,59.9900
sw0508,9.1597,3.4066,31.8600
sw0509,33.3018,19.8478,106.2200
sw0510,93.2790,52.2702,280.0000
sw0511,18.5935,7.9153,75.4600
sw0512,7.7340,1.1097,40.3500
sw0513,12.6209,8.5331,39.0300
sw0515,47.1235,24.6598,173.4300
sw0516,9.1943,2.9500,40.3100
sw0518,16.0725,7.5927,134.8926
sw0519,16.6769,6.5153,99.9500
sw0520,4.1219,0.9643,17.3900
sw0521,6.6306,2.9048,35.0000
sw0522,13.0483,4.6140,83.0555
sw0523,21.0068,8.1767,122.9263
sw0524,23.4954,6.4912,80.0000
sw0525,12.6760,5.8096,27.4800
sw0526,13.4846,4.0625,81.3900
sw0527,3.3877,0.5841,39.5000
sw0527a,2.8852,0.4900,39.9900
sw0528,51.3791,21.0258,252.1300
sw0529,4.3604,1.7033,26.3900
sw0530,13.6473,7.4250,49.9900
sw0531,59.2865,23.3503,401.0100
sw0532,4.2132,1.0000,32.6600
sw0533,7.8856,4.7739,18.0000
sw0534,7.7154,2.7252,65.8200
sw0535,8.7041,2.0000,53.4313
sw0536,19.8603,9.3448,80.0200
sw0537,62.5550,29.4479,215.1800
sw0538,26.5150,10.0000,149.1900
sw0539,4.8526,1.7522,29.9900
sw0540,41.0061,11.0000,149.6300
sw0541,15.0591,4.4680,79.6500
sw0542,18.2258,9.4664,103.6500
sw0543,4.0894,1.4900,59.9900
sw0544,5.8142,0.9900,18.8028
sw0545,5.4003,2.0000,28.1700
sw0546,25.4861,8.3052,76.2900
sw0547,505.5278,327.0289,1200.0000
sw0550,6.8620,2.5417,31.0000
sw0551,5.0924,1.8155,30.6872
sw0552,9.2449,4.0000,40.0000
sw0553,14.9377,4.6724,41.7100
sw0554,9.9368,4.9900,42.0450
sw0555,62.6912,41.2154,172.4500
sw0556,21.0746,10.0870,93.1000
sw0557,12.9150,7.0500,38.9900
sw0558,27.7713,13.6262,107.1300
sw0559,107.3499,84.7847,137.1000
sw0560,6.6851,1.6071,25.0400
sw0561,19.0158,10.4885,68.4000
sw0562,28.8184,12.7590,109.9900
sw0565,11.8417,3.4751,50.3400
sw0566,5.9979,1.4524,25.7300
sw0567,5.1950,2.1071,32.0000
sw0568,6.7389,2.5698,46.7241
sw0569,6.8525,2.3362,75.9266
sw0570,39.2631,21.7789,141.0000
sw0571,44.1009,23.3503,181.0700
sw0572,21.9094,10.0000,84.1400
sw0573,11.6205,4.5572,33.5300
sw0574,13.7833,4.8671,100.0000
sw0575,117.6595,55.0000,464.2500
sw0576,22.5545,9.9900,88.1700
sw0577,288.9086,163.5145,910.3500
sw0578,4.9168,1.4893,76.2300
sw0579,14.3954,7.0086,33.0000
sw0580,14.2978,7.1615,71.6100
sw0581,4.9710,1.8155,29.9900
sw0582,18.0565,10.5129,77.5300
sw0583,4.5721,1.9385,19.8300
sw0584,14.6142,8.5674,57.0400
sw0585,6.9770,1.5000,59.0700
sw0586,21.9205,12.9935,90.7800
sw0587,1.5008,0.6269,3.5000
sw0589,18.9045,11.4584,56.9100
sw0590,7.7231,2.9048,34.3350
sw0591,4.4864,2.2396,18.3300
sw0592,15.7103,7.4291,83.0300
sw0593,45.7752,28.0000,162.7800
sw0594,13.5795,5.0000,79.4169
sw0595,9.5842,5.3200,33.0500
sw0600,7.3092,2.9086,59.0400
sw0601,12.6293,4.0000,67.4700
sw0602,17.3461,6.8131,67.6800
sw0603,6.9002,1.7500,32.0800
sw0604,6.4213,1.5000,59.9900
sw0605,12.6940,5.0108,40.8786
sw0606,12.2121,5.8405,77.0000
sw0607,4.9502,1.9900,75.9266
sw0608,10.3587,2.5000,45.5600
sw0609,17.2649,9.2157,94.2600
sw0610,149.2588,81.7559,960.0000
sw0611,9.4849,3.9496,39.1400
sw0612,5.4016,1.9123,33.7400
sw0613,9.2501,2.8976,46.0200
sw0614,7.6051,2.4996,151.8532
sw0615,33.8084,15.0000,151.3500
sw0616,29.0399,10.0000,396.1700
sw0617,5.0856,1.2200,22.6300
sw0618,8.2515,3.1250,58.8700
sw0619,6.6998,2.7233,25.3600
sw0620,5.3004,2.1786,19.8300
sw0621,3.8661,0.9461,58.6100
sw0622,43.1999,18.1551,151.4550
sw0623,12.5344,4.9900,52.2450
sw0624,9.0586,3.3713,30.7600
sw0625,37.3277,21.7500,147.0900
sw0626,11.7554,7.6391,36.1100
sw0627,8.1371,3.2000,48.9656
sw0628,14.1188,7.7159,52.5200
sw0629,37.1207,16.3534,144.0600
sw0630,13.8547,8.4282,41.0400
sw0632,64.7800,51.6539,145.5100
sw0633,73.6353,46.3291,221.8500
sw0634,9.9133,4.9054,20.0000
sw0634a,10.4424,5.0000,44.3100
sw0635,5.0546,1.7500,23.6500
sw0636,16.6162,5.9075,63.9750
sw0637,50.5343,26.1434,96.7000
sw0638,17.0811,7.2621,102.1890
sw0639,16.8494,4.9900,97.8413
sw0640,6.4415,2.4900,28.7700
sw0641,8.9418,4.6724,37.1500
sw0642,7.8221,4.8059,22.0000
sw0643,37.5356,22.4305,122.0800
sw0644,15.9735,9.5000,43.8300
sw0645,18.0196,9.9800,68.8700
sw0646,36.4879,18.6779,123.1200
sw0647,30.2141,13.0579,59.6913
sw0648,27.4244,11.9946,82.4400
sw0649,56.3235,30.7300,130.5900
sw0650,15.4307,8.7491,67.1100
sw0651,56.9801,26.0000,197.5600
sw0652,1.8745,0.5106,14.9900
sw0653,8.1015,2.9712,32.3500
sw0654,3.8228,1.8155,15.0000
sw0655,3.3204,0.9078,25.0000
sw0656,10.4056,2.0439,37.3300
sw0657,5.7445,2.4413,20.4393
sw0658,7.4689,3.3760,32.2400
sw0659,6.7120,1.5000,28.1400
sw0660,6.4574,1.4368,26.2800
sw0661,3.5859,0.9375,15.0000
sw0662,9.9755,4.6477,29.2025
sw0663,28.7010,17.4289,76.2700
sw0664,11.7076,4.9644,49.5300
sw0665,6.3077,1.9468,22.0900
sw0666,5.4952,2.4000,25.0000
sw0667,3.9605,1.6351,22.5000
sw0668,5.9149,1.0000,25.0000
sw0669,4.4064,2.1071,25.0000
sw0670,6.3269,1.7827,43.0300
sw0671,3.0564,0.7500,20.0000
sw0672,5.6565,2.4509,28.5700
sw0673,5.5923,2.4958,39.0000
sw0674,6.6407,2.1786,28.1700
sw0675,7.9387,3.0000,35.1300
sw0676,3.2876,0.5000,51.9200
sw0677,4.1184,0.6899,30.9600
sw0678,5.0063,1.6856,50.0000
sw0679,5.7225,3.2687,25.2600
sw0684,41.5729,14.5241,114.0900
sw0687,7.3482,3.3875,38.0000
sw0688,4.6277,1.9858,25.2000
sw0689,7.9932,3.6000,38.6900
sw0690,6.2583,3.2362,25.0000
sw0691,7.8104,1.2265,59.9900
sw0692,13.7556,6.9969,76.7800
sw0693,7.3192,3.4820,33.0900
sw0694,3.4394,1.0000,45.0000
sw0695,4.4759,1.4524,20.0000
sw0696,3.6748,1.5977,60.2400
sw0697,3.8054,1.6351,60.2400
sw0698,3.6881,1.5000,60.2400
sw0699,3.2144,1.1392,58.3000
sw0700,4.4837,1.5000,14.7675
sw0701,4.5027,1.7522,25.0000
sw0702,10.0855,3.9832,33.0000
sw0703,8.0084,2.1318,30.0000
sw0704,7.1907,2.5032,30.0000
sw0705,4.3159,1.7522,18.7800
sw0706,6.3327,1.7000,29.6000
sw0707,8.0765,2.3362,38.9500
sw0708,5.0245,2.3362,39.9900
sw0709,8.0525,1.5000,30.7400
sw0710,6.4056,2.4100,45.9900
sw0711,16.5535,5.0915,88.6600
sw0712,6.9413,4.0884,20.0000
sw0713,5.0937,2.3438,30.6000
sw0714,4.0307,0.9800,35.9900
sw0715,6.3977,3.0971,21.7800
sw0716,7.3143,3.1340,26.8500
sw0717,15.4305,5.8038,60.3500
sw0718,9.9342,5.5000,38.3700
sw0719,17.8482,10.5077,53.5600
sw0720,3.7381,1.6340,20.0500
sw0721,4.6544,3.1977,8.1757
sw0722,10.8929,6.8131,47.1300
sw0723,5.2018,2.5935,19.8300
sw0724,36.0960,22.1426,50.0000
sw0725,43.9322,25.9500,80.1200
sw0726,45.3010,24.9500,94.9000
sw0727,10.5708,5.4505,33.3900
sw0728,40.9173,22.0000,113.9200
sw0729,144.8163,100.0000,337.6400
sw0730,22.2332,8.0000,84.0750
sw0731,81.5620,47.5392,184.6900
sw0734,5.2117,1.6030,23.6500
sw0735,34.7895,19.8460,76.8200
sw0736,30.3575,18.0000,70.3200
sw0737,8.1908,1.0714,28.0000
sw0738,11.6433,6.5359,27.1949
sw0739,10.4869,3.0000,34.9900
sw0740,9.0206,2.4900,30.3500
sw0741,51.9610,20.4393,184.0000
sw0742,12.8105,3.4360,58.7900
sw0743,18.3827,10.9918,48.6000
sw0744,31.6600,15.7000,125.3300
sw0745,96.2624,54.4429,305.3200
sw0746,66.5520,32.6447,256.0000
sw0747,78.6984,40.0000,339.2200
sw0748,32.6499,9.6322,80.3500
sw0749,65.6026,37.5167,211.2800
sw0750,55.7118,28.6540,142.2900
sw0751,7.0596,3.2703,39.9900
sw0752,20.4033,10.8931,76.1800
sw0753,6.2219,1.8000,22.2400
sw0754,7.8528,1.8000,25.6700
sw0755,8.2892,2.7000,35.0000
sw0756,10.0819,4.5000,43.2150
sw0757,8.0749,4.5313,23.2100
sw0758,74.8362,44.3879,201.3200
sw0759,347.5427,245.2717,842.0000
sw0762,4.3659,1.9632,13.4500
sw0763,6.3281,1.9285,41.1300
sw0768,30.4284,20.4393,95.7100
sw0769,9.1947,4.0879,39.6400
sw0770,111.6195,71.5240,358.8000
sw0771,6.1143,2.9048,16.3378
sw0772,10.3280,3.2500,18.0000
sw0773,50.8856,30.5167,136.1939
sw0774,79.4655,50.6308,261.7500
sw0775,65.7362,45.3596,194.4300
sw0776,5.2553,3.1272,15.0000
sw0777,9.7835,2.7252,42.7350
sw0778,4.7151,1.1681,40.0000
sw0779,17.7544,10.6674,56.2400
sw0780,14.1317,6.2500,46.2600
sw0781,59.8388,33.7129,205.2100
sw0782,40.1214,19.6320,156.8400
sw0783,14.5445,2.5285,56.9100
sw0784,5.3851,2.5000,14.5662
sw0785,4.8038,2.8125,24.5800
sw0786,15.8799,10.0000,40.0000
sw0787,43.0502,20.9090,153.6500
sw0788,4.2198,1.1681,25.0000
sw0789,22.3642,4.8000,87.2700
sw0790,19.7368,10.5000,80.5050
sw0791,50.9879,31.6272,147.8300
sw0792,12.3283,6.9900,30.7851
sw0793,8.2615,3.0000,34.9900
sw0794,19.0176,8.7072,78.0150
sw0795,13.5070,3.9063,55.0500
sw0796,36.5675,23.9821,152.6550
sw0797,8.2109,3.6310,35.1600
sw0798,22.4322,7.2621,53.5100
sw0798s,25.7607,14.6482,56.4200
sw0800,8.6849,4.3220,39.0150
sw0801,9.2312,3.5043,43.3000
sw0802,6.0567,3.3210,20.8700
sw0803,5.6314,2.7116,18.0000
sw0804,5.8574,2.6282,29.0000
sw0805,6.3140,3.0000,36.6800
sw0806,5.5711,3.0648,29.7200
sw0807,11.5622,2.5000,52.5200
sw0808,8.8390,2.1786,45.0000
sw0809,14.8435,9.6761,46.0100
sw0810,12.7393,2.9787,69.9100
sw0811,99.3635,43.5724,369.7200
sw0812,7.6852,2.4181,37.1700
sw0813,28.4896,14.0172,105.0400
sw0814,9.9168,3.5043,25.0000
sw0815,44.2131,26.7976,72.1303
sw0816,19.4674,11.0000,75.2850
sw0817,67.4994,34.6877,250.0800
sw0818,65.2773,39.9900,198.7200
sw0819,10.7151,4.3500,28.0000
sw0820,29.0073,11.8848,98.1600
sw0821,14.0364,8.1757,43.8400
sw0822,34.7010,13.6262,160.9600
sw0823,5.6029,2.7500,21.2200
sw0824,33.0755,17.2474,101.6000
sw0825,11.0798,5.8817,57.5400
sw0826,153.5858,81.7202,391.1300
sw0827,82.1579,50.1306,218.0800
sw0828,17.0975,7.2000,70.0100
sw0829,8.0798,2.5032,25.3900
sw0830,7.4873,2.7715,25.9576
sw0832,3.9223,1.6340,16.0000
sw0833,29.1029,11.9824,142.5600
sw0834,11.9917,4.7203,56.3400
sw0835,3.2135,1.4308,13.5581
sw0836,3.8729,1.7500,18.5000
sw0837,15.1498,5.0471,69.4900
sw0838,1.5189,0.6813,6.0000
sw0839,4.9451,2.2083,18.6500
sw0840,20.2859,7.9015,45.6300
sw0841,13.8791,8.6787,45.9100
sw0842,7.3843,4.2856,32.8700
sw0843,61.8139,36.6800,202.4300
sw0844,55.5256,27.9900,177.0400
sw0845,196.6175,101.6688,782.6000
sw0846,5.8066,3.4459,14.2051
sw0847,6.8436,4.2560,21.5300
sw0848,6.7679,3.4926,20.8700
sw0849,13.4168,6.7500,35.1300
sw0850,48.4070,28.7937,150.0000
sw0851,3.0208,1.1097,26.5000
sw0852,57.3037,36.3030,189.0700
sw0853,6.6019,3.4066,20.1800
sw0854,9.9388,3.0300,30.9600
sw0855,13.3368,5.8288,41.3200
sw0856,16.5283,6.3635,45.5560
sw0857,3.6926,0.9800,15.1400
sw0858,5.2103,1.7227,28.0000
sw0859,21.8169,11.3552,80.8200
sw0860,13.7213,7.0000,50.0800
sw0861,24.1948,15.1978,84.1100
sw0862,26.5851,14.0172,107.1300
sw0863,28.0250,16.8900,90.1600
sw0864,23.9567,13.3564,82.0500
sw0865,9.0850,3.5531,28.1400
sw0866,14.3338,8.1767,48.3500
sw0867,13.4282,10.0000,28.0000
sw0868,8.7489,4.6351,16.0000
sw0869,7.7995,4.4388,28.0000
sw0870,11.0665,4.6607,36.4200
sw0871,3.6381,1.7188,14.2600
sw0872,15.8343,6.8929,24.5272
sw0873,3.1245,1.7522,11.0000
sw0878,36.1234,20.5541,112.0620
sw0879,34.5326,19.6241,109.4700
sw0881,23.3977,14.9500,64.7000
sw0882,28.9778,18.5000,93.2100
sw0883,7.0299,3.5175,15.6334
sw0884,12.0927,4.7500,46.1400
sw0885,9.9127,2.5032,43.2500
sw0886,5.2295,2.2194,22.9100
sw0887,20.8126,6.5359,70.6000
sw0888,5.2683,2.5000,20.5500
sw0889,11.0500,5.0000,52.9100
sw0890,11.4783,5.7237,34.6800
sw0891,23.1914,11.6935,44.4864
sw0892,21.3070,8.6550,89.7800
sw0893,5.5562,3.0000,16.7300
sw0894,34.0668,24.0000,72.1303
sw0895,5.6372,2.9203,48.5700
sw0896,7.5340,3.5531,25.6000
sw0897,7.2051,3.5674,31.0000
sw0898,16.4998,11.3282,45.0000
sw0900,6.4449,4.0000,22.6100
sw0901,5.8780,2.3438,21.2200
sw0902,5.0474,2.6837,28.0000
sw0903,6.3160,3.4066,22.6100
sw0904,46.0907,29.0482,145.8100
sw0905,4.1772,1.6645,17.0400
sw0906,10.7550,3.4600,47.0700
sw0907,8.6519,5.6849,30.9700
sw0908,5.3623,2.7886,24.1200
sw0909,10.4400,5.8288,43.1500
sw0910,9.0752,2.7450,38.6100
sw0911,15.5423,7.8125,56.9800
sw0912,6.3895,3.8839,16.1800
sw0913,11.8243,5.7911,39.9900
sw0914,8.5935,4.4611,32.2300
sw0915,9.3455,3.5910,27.4800
sw0916,14.3841,3.2679,210.5800
sw0917,29.0707,9.9989,69.5100
sw0918,8.0378,3.5000,20.0000
sw0919,16.3450,9.1112,48.3500
sw0920,12.5483,5.6000,40.4100
sw0921,28.2106,14.7494,122.4300
sw0922,17.2878,9.5383,52.9400
sw0923,31.5826,20.1129,104.3500
sw0924,57.8059,33.3300,208.3500
sw0925,49.2725,29.2025,141.9100
sw0926,8.4375,5.1935,33.3900
sw0927,100.2640,55.4848,204.3250
sw0928,12.4877,6.3955,59.3600
sw0929,12.9329,7.7700,43.5200
sw0930,12.2868,6.3980,46.6500
sw0931,5.4506,2.8900,15.0000
sw0932,86.0400,57.0287,245.5700
sw0933,82.9021,66.3639,110.0000
sw0934,20.8887,11.6352,57.4000
sw0935,27.2357,14.0172,73.4200
sw0936,64.4762,46.6072,168.8600
sw0937,49.4546,35.5234,133.5300
sw0938,49.3456,32.2599,160.9400
sw0939,16.2273,4.9900,63.5400
sw0940,24.4056,14.3655,68.7000
sw0941,9.0318,5.4094,20.8700
sw0942,9.2827,4.9644,25.3600
sw0943,11.2787,5.1935,59.9900
sw0944,19.0356,8.0000,74.2950
sw0945,18.2117,12.2651,45.7900
sw0946,15.5842,8.1650,32.5500
sw0947,13.4351,8.4918,27.7000
sw0948,15.9780,10.6592,43.6200
sw0949,15.8702,10.8931,26.9066
sw0950,85.9321,37.7627,509.7600
sw0951,70.1168,43.5263,120.9500
sw0952,24.2025,11.9900,103.6500
sw0953,18.4209,9.5078,55.2000
sw0954,22.4063,14.0842,46.6500
sw0955,73.0640,43.6060,200.9800
sw0956,25.3272,13.9795,83.0600
sw0957,16.5712,7.2621,42.2700
sw0958,21.6941,7.7784,80.4800
sw0959,4.8740,2.1714,14.6100
sw0960,39.6383,16.1964,179.1600
sw0961,41.6601,29.0410,163.9500
sw0962,18.6414,9.2250,37.7372
sw0964,19.0083,10.0000,62.7900
sw0965,13.3063,4.9743,39.3000
sw0966,16.7102,8.9900,60.0000
sw0967,5.9712,3.6238,22.0000
sw0969,6.3428,2.9086,27.6800
sw0970,89.9100,44.9529,323.5800
sw0971,11.2417,5.2971,27.6698
sw0972,206.1024,106.4594,417.9500
sw0973,345.5050,209.9900,1075.0200
sw0974,38.0333,19.7882,89.9900
sw0975,11.7270,4.8000,66.2800
sw0976,401.7155,170.7871,737.6100
sw0977,146.1691,48.0000,1000.0000
sw0979,113.7065,70.0000,374.6400
sw0980,20.7102,11.6605,47.3100
sw0981,45.4620,28.0740,170.2594
sw0982,45.8776,21.2500,117.0100
sw0983,1.0496,0.3167,3.5500
sw0985,332.7921,332.7921,332.7921
sw0986,12.3553,6.3955,47.2800
sw0987,11.0831,6.4476,33.6400
sw0988,9.2848,3.0000,27.8100
sw0989,6.0558,2.2756,28.0700
sw0990,6.0290,2.9250,45.0000
sw0991,5.2349,2.3770,30.0000
sw0992,25.5872,14.8758,90.3100
sw0994,10.7887,6.3279,32.0000
sw0995,6.3453,2.1786,38.6800
sw0996,4.8301,2.1786,39.9199
sw0997b,5.5420,2.1786,24.9600
sw0998,3.4387,1.3698,15.8700
sw0999,16.1815,7.2422,41.6000
sw1000,12.5690,7.5095,37.2200
sw1001,4.6831,2.4530,18.6700
sw1002,18.8413,7.0313,69.9700
sw1003,58.3342,35.0314,95.3153
sw1004,1.8422,0.5724,6.0000
sw1005,2107.8919,1600.0000,3017.0600
sw1006,11.0970,7.0000,30.4000
sw1007,9.0448,3.4356,42.1200
sw1008,6.8863,4.1597,21.5600
sw1009,4.8749,1.6645,29.9793
sw1010,33.3483,20.6910,122.7200
sw1011,12.2689,5.0000,49.5450
sw1012,13.6427,8.5000,45.5300
sw1013,31.8226,21.7862,56.0000
sw1014,7.5691,5.0000,28.1400
sw1015,6.3620,3.0000,32.0000
sw1016,6.5182,3.7400,22.9600
sw1017,5.1460,2.7233,15.4400
sw1018,23.8401,9.5000,99.4350
sw1019,8.8132,3.8000,28.1700
sw1020,56.8474,35.9910,172.0600
sw1021,10.6953,5.8405,40.1800
sw1022,24.8974,14.5088,89.2400
sw1023,13.0064,8.5000,30.0000
sw1024,9.0293,3.6310,35.4800
sw1025,9.5126,5.0834,36.0000
sw1026,6.0503,3.3291,24.0000
sw1027,65.9878,22.3778,218.4300
sw1028,7.8100,2.9999,39.1200
sw1029,26.8835,14.5169,121.3900
sw1030,9.8352,5.0834,25.0000
sw1031,15.6913,7.9064,70.4250
sw1032,9.6258,5.4465,34.4400
sw1033,15.4745,10.3559,52.1400
sw1034,3.7858,0.0355,76.4900
sw1035,27.8180,11.6193,152.3500
sw1036,10.2302,5.1500,42.8400
sw1037,114.3048,67.7075,305.9500
sw1041,9.1942,1.6000,27.8600
sw1042,3.0187,0.6269,9.4350
sw1043,78.9931,40.8650,163.0000
sw1044,72.9688,45.3703,182.5400
sw1045,4.4700,1.9741,26.9400
sw1046,8.8440,5.7813,29.9900
sw1047,5.6437,3.1333,21.9100
sw1048,5.8046,1.9900,21.3200
sw1049,7.9449,3.5000,40.6035
sw1050,5.5236,2.8326,25.0050
sw1051,3.4199,1.2516,14.7675
sw1052,14.0930,4.6724,70.4500
sw1053,7.6195,3.3291,24.0000
sw1054,4.8914,2.1250,39.9900
sw1055,12.3590,5.0000,46.7241
sw1056,6.3620,3.4900,21.9100
sw1057,7.8380,3.0000,33.7300
sw1058,6.6367,2.9880,26.5200
sw1059,5.1588,2.4479,29.9900
sw1060,5.0797,2.1350,29.9900
sw1061,31.2643,19.8577,132.7000
sw1062,10.0886,4.7539,32.1800
sw1063,26.6210,18.3778,85.0000
sw1064,25.3542,12.9900,85.0000
sw1065,5.0007,1.7765,21.9150
sw1066,4.2057,1.9900,14.9900
sw1067,18.2882,10.5941,64.2100
sw1068,15.3897,8.0000,61.1400
sw1069,10.8830,7.1604,34.4400
sw1070,800.6050,726.2059,875.0041
sw1071,15.7574,7.1674,60.0000
sw1072,20.1056,9.3448,90.4700
sw1073,5.0454,2.9712,9.8121
sw1074,4.4715,1.4900,29.9900
sw1075,4.1991,1.6000,18.2850
sw1076,3.6910,1.3626,26.9900
sw1077,4.8057,2.0000,20.3850
sw1078,4.6978,2.1071,19.8600
sw1079,4.7981,2.5890,20.3100
sw1080,4.8557,2.0963,20.2650
sw1081,13.6100,7.3065,75.0283
sw1082,9.5747,1.5000,38.1750
sw1083,22.2240,8.0000,72.7700
sw1084,4.9739,2.3362,21.6450
sw1085,3.1179,0.6899,39.9900
sw1086,11.6532,6.3906,45.0000
sw1087,37.6386,22.7395,100.0000
sw1088,13.3985,5.8096,57.5100
sw1089,37.6571,21.0000,117.7000
sw1090,9.6650,5.0000,41.7750
sw1092,67.2371,44.6067,162.5900
sw1093,7.0578,3.4950,38.9900
sw1094,5.5565,2.1423,22.0000
sw1095,14.7434,6.0000,61.4300
sw1096,7.6909,1.8456,33.1650
sw1097,11.5839,3.1140,70.1600
sw1098,26.0060,19.5073,54.5048
sw1099,27.6606,18.4215,68.5100
sw1100,72.3755,35.0430,192.2900
sw1101,19.8716,10.0000,63.9900
sw1102,5.6372,3.0000,15.9700
sw1103,6.0859,3.0201,18.4800
sw1104,5.9241,2.9900,26.4150
sw1105,7.2236,3.8201,25.8800
sw1106,16.8845,8.7270,56.0000
sw1107,9.6455,5.2050,34.4400
sw1108,21.9159,14.1429,74.8500
sw1109,37.7941,19.9900,111.6200
sw1110,33.8974,18.8938,101.2100
sw1111,4.3614,1.3523,17.0000
sw1112,18.3075,7.0000,63.9900
sw1113,3.6446,0.6800,14.7675
sw1114,6.6604,3.0000,25.0000
sw1115,4.6190,2.1786,31.8800
sw1116,8.0289,3.3291,33.1200
sw1117,5.7748,2.4900,24.1000
sw1124,30.3471,19.3479,79.6500
sw1125,11.6460,6.9900,33.5300
sw1126,29.3242,17.6688,79.2000
sw1127,43.4042,28.4173,116.4800
sw1128,28.1822,16.9144,71.4700
sw1129,17.4661,11.7400,51.4500
sw1130,18.4129,12.5158,46.6000
sw1131,28.4618,20.6606,74.0200
sw1132,27.5384,17.7800,87.9200
sw1135,5.6772,1.9417,100.0000
sw1136,6.0626,2.1786,100.0000
sw1137,6.0690,2.7500,100.0000
sw1138,5.2930,1.7522,184.6768
sw1139,4.6698,2.1318,14.7675
sw1140,5.1726,1.9900,31.6527
sw1141,13.2598,7.3528,54.2600
sw1142,8.6966,3.9715,25.4300
sw1143,3.8592,1.6353,12.9600
sw1145,5.6211,2.2500,20.8700
sw1146,7.5243,1.3502,28.4300
sw1148,17.1581,10.5795,36.7908
sw1149,40.7666,25.4172,84.4072
sw1150,46.9497,30.0000,100.0000
sw1151,31.5697,17.8000,77.0000
sw1152,35.8690,23.9900,100.0000
sw1153,3.3278,1.1000,15.0000
sw1154,33.1325,23.9648,58.4051
sw1155,6.9267,4.0000,20.0000
sw1156,5.0996,2.0000,21.0900
sw1157,18.2451,10.5129,77.1450
sw1158,7.3527,3.2435,100.0000
sw1159,15.6348,8.0000,61.8300
sw1160,44.7434,22.0000,80.0000
sw1161,5.8951,3.4066,21.1018
sw1162,39.0050,23.0000,162.6300
sw1163,10.3806,6.6853,33.4400
sw1164,9.5952,5.4505,42.3750
sw1165,21.9035,14.5000,39.6790
sw1166,4.6606,2.0000,14.4874
sw1167,5.9520,3.5633,32.0000
sw1168,5.9968,3.7608,24.0000
sw1171,24.5280,15.0000,40.8786
sw1172,14.9442,7.6307,49.9700
sw1173,10.1455,5.5000,45.1500
sw1175,31.3118,22.5124,50.0000
sw1176,13.8936,9.9900,30.0000
sw1177,21.0010,16.0000,36.0000
sw1178,4.1735,1.8865,12.0100
sw1179,4.1035,1.6645,11.0000
sw1180,4.4272,2.1376,19.6170
sw1181,4.0907,1.6645,9.6241
sw1182,4.7291,2.1714,15.0000
sw1183,9.3890,3.6238,100.0000
sw1184,7.2450,4.2785,100.0000
sw1185,4.3975,2.9203,10.0000
sw1186,4.6813,2.4691,8.0000
sw1187,4.3900,2.4691,8.0000
sw1188,4.7095,2.4691,8.5273
sw1189,10.5058,6.8990,31.6500
sw1190,6.2897,4.2483,15.0000
sw1191,6.5064,4.5212,21.1018
sw1192,6.3519,2.1318,28.0000
sw1193,9.2055,6.0000,28.0000
sw1194,6.7017,3.6768,21.0000
sw1195,14.3469,8.6339,55.5300
sw1196,16.6733,11.2000,41.2900
sw1197,5.4238,2.6625,10.0000
sw1198,28.5706,16.3378,63.0191
sw1199,9.1070,3.8250,36.6300
sw1200,7.2702,3.1539,17.5215
sw1201,5.7146,3.5043,16.9800
sw1202,4.9146,2.3362,15.0000
sw1203,8.9238,6.0000,15.0000
sw1204,10.0531,6.5359,18.9905
sw1205,8.3068,5.0000,21.1018
sw1206,13.4478,8.8246,34.7800
sw1207,13.4837,6.5000,54.1800
sw1208,26.8686,12.5000,50.0000
sw1209,24.3762,13.9900,34.0655
sw1210,7.0240,3.0000,13.4500
sw1211,6.9741,2.9048,41.5650
sw1212,5.4479,2.0000,12.5000
sw1213,75.1092,38.6900,204.2550
sw1214,6.4225,2.4822,25.4997
sw1215,10.4560,7.1061,28.0000
sw1216,8.1593,2.7252,75.0000
sw1217,6.7029,4.7539,16.3700
sw1218,12.0766,6.1105,27.1843
sw1219,29.7745,16.3514,50.0000
sw1220,4.9068,3.5043,10.6592
sw1221,3.7836,1.1564,55.0000
sw1222,25.3865,18.8477,50.1800
sw1223,20.0943,9.9486,38.5270
sw1224,10.8917,7.8096,22.6210
sw1225,5.3330,3.2679,9.2400
sw1226,10.2892,6.5000,19.6024
sw1227,5.0615,2.9900,12.0000
sw1228,9.3859,5.0834,27.5600
sw1229,7.1058,5.0017,16.9600
sw1230,23.4471,18.1551,29.1178
sw1231,15.9224,9.3891,36.0000
sw1232,16.9297,13.0862,28.4244
sw1233,27.5749,14.0000,145.0000
sw1234,5.9181,4.2487,11.6810
sw1235,9.0292,4.0000,55.0000
sw1236,13.1828,7.7995,40.0000
sw1237,12.6909,8.6282,60.7886
sw1238,5.5787,3.2098,11.7822
sw1241,5.2447,3.1290,12.4600
sw1242,48.3094,31.5387,112.0000
sw1243,51.0133,26.9900,124.8700
sw1244,55.0510,34.9262,100.0000
sw1245,4.4251,2.1026,21.1018
sw1246,3.8818,2.0000,15.0000
sw1247,3.9367,2.1497,26.9118
sw1248,3.8808,2.1714,15.0000
sw1249,8.6468,5.2565,29.2025
sw1250,7.2371,4.3730,30.4650
sw1251,5.2241,3.3174,24.7950
sw1252,2.8475,1.9077,6.0000
sw1253,9.1076,4.6724,17.0547
sw1255,6.2347,4.0884,21.1018
sw1256,6.2375,4.4037,12.2636
sw1257,6.3317,3.9900,10.8160
sw1258,5.8491,2.0000,24.9900
sw1259,7.1797,3.5000,15.0000
sw1260,5.2901,3.2073,17.9700
sw1261,11.5190,6.7022,38.2600
sw1262,13.9736,10.5924,24.3800
sw1263,9.4707,6.3255,18.3832
sw1264,11.6567,6.6231,28.0000
sw1265,7.1049,4.3572,20.0000
sw1266,13.7487,8.1239,28.0000
sw1267,21.1633,14.3733,31.4632
sw1268,5.8233,2.7930,20.0000
sw1269,7.0211,3.4900,28.0000
sw1270,7.5263,4.1757,23.9700
sw1271,3.1105,1.5000,5.0000
sw1272,29.3316,19.2620,45.4170
sw1273,7.7773,4.3746,33.3300
sw1274,8.2454,4.7574,31.3050
sw1275,5.5932,2.8000,14.1600
sw1276,4.3267,2.5000,18.2850
sw1277,4.1758,2.0000,14.7675
sw1278,4.0664,2.2609,29.0000
sw1279,13.6212,9.8438,25.0000
sw1280,9.6544,7.7344,11.1900
sw1281,14.0103,10.5469,28.0000
sw1282,14.9316,8.5975,40.0000
sw1283,14.8177,8.9136,28.0000
sw1284,14.6923,8.4103,40.0000
sw1285,3.7666,1.8774,15.0000
sw1286,9.3885,6.5773,20.0000
sw1287,22.9024,11.4900,54.5048
sw1288,7.5138,2.5000,16.7400
sw1289,10.3119,6.2972,28.0000
sw1290,9.2469,5.0000,28.0000
sw1291,12.9206,8.3519,36.0000
sw1292,19.9336,13.4661,52.7545
sw1293,22.7591,15.7474,52.7545
sw1296,5.1616,2.0000,19.9900
sw1299,8.8503,4.0000,21.0343
sw1300,7.9702,3.0000,34.9900
sw1301,24.6181,10.0000,40.8786
sw1302,9.2337,5.8405,21.7917
sw1303,14.8847,8.5000,36.0000
sw1304,38.4959,28.5000,83.2272
sw1305,5.7120,2.8034,21.1018
sw1306,21.1472,15.7500,41.8900
sw1307,16.3518,13.5265,22.4768
sw1308,16.6719,10.0000,56.0000
sw1309,12.5596,7.2621,19.0631
sw1310,11.8408,7.8000,28.0000
sw1311,32.5635,26.0100,50.0000
sw1314,1.9151,1.1360,8.0000
sw1315,10.6993,5.8322,89.9438
sw1316,56.4107,42.0517,71.0611
sw1317,7.1236,5.0762,12.5158
sw1318,5.8219,4.0000,8.0900
sw1319,4.2773,1.3523,14.7675
sw1320,1.8901,1.0229,10.5509
sw1321,1.9604,0.6800,14.7675
sw1322,13.8882,7.0000,31.3266
sw1323,5.6345,3.5000,8.3200
sw1324,6.9633,4.0625,20.4257
sw1325,41.1450,26.5031,68.0629
sw1326,4.4678,3.0000,11.3300
sw1327,4.4651,3.0631,7.0627
sw1328,3.8120,1.6900,11.4900
sw1329,18.6604,13.1995,36.7880
sw1330,25.2163,16.2281,73.0000
sw1331,55.4196,38.7600,64.4300
sw1332,3.8264,2.0000,7.0990
sw1333,7.9876,5.2565,35.7750
sw1335,34.1372,24.8714,51.7796
sw1336,6.7890,4.4521,11.5800
sw1337,4.2762,2.0000,10.6000
sw1338,6.3380,2.4800,11.1320
sw1339,2.5156,0.6500,5.0000
sw1340,9.3249,5.7821,25.0000
sw1341,7.1372,4.2111,18.0000
sw1342,9.8420,5.4369,19.9900
sw1343,4.0134,2.0551,10.0000
sw1344,3.9086,2.1502,7.5000
sw1345,4.1312,2.6796,11.6810
sw1346,4.0026,2.1026,8.1767
sw1348,50.9523,40.6971,78.1100
sw1349,7.2583,4.7308,10.3700
sw1350,30.8194,23.3275,56.0000
sw1351,7.6874,5.2565,11.2700
sw1352,10.0407,5.7821,28.0000
sw1353,11.2158,7.8800,16.0000
sw1354,8.0658,5.5990,16.3514
sw1355,6.7088,4.3265,14.0000
sw1356,20.8184,14.8900,38.4390
sw1357,4.8484,2.7523,9.2460
sw1358,5.2980,3.0371,10.8300
sw1359,13.1566,9.2700,28.0000
sw1360,10.0621,5.8405,32.0000
sw1361,10.6524,3.5947,32.0000
sw1362,23.0274,18.1348,34.0655
sw1363,46.1595,40.8836,50.0000
sw1364,14.7600,10.6679,19.8616
sw1365,9.2251,6.4246,13.8537
sw1366,11.1569,7.5927,18.6640
sw1367,17.2877,11.6810,27.7138
sw1368,10.1124,5.8405,18.0000
sw1369,8.7763,6.0000,28.0000
sw1370,7.7925,4.4500,28.0000
sw1371,4.7447,3.3788,8.9500
sw1372,24.9725,19.6320,47.6236
sw1373,8.0327,5.7821,11.8400
sw1374,13.0767,11.0000,16.5368
sw1375,6.7595,5.4000,10.6966
sw1376,6.0067,3.0000,7.1200
sw1377,52.4259,39.5910,88.5703
sw1378,7.1434,4.3805,17.0000
sw1379,13.5836,8.5306,130.0000
sw1380,2.9783,1.7000,12.0000
sw1383,19.0989,12.3324,35.5305
sw1384,46.4880,43.1193,52.9500
sw1385,6.9785,5.2565,10.0000
sw1386,20.0826,16.3534,27.2524
sw1387,24.2195,18.9252,28.2307
sw1388,51.7095,40.6185,70.8563
sw1389,60.1622,52.5646,72.5600
sw1390,28.7253,20.3780,42.0000
sw1391,3.6972,2.8291,7.5000
sw1392,3.7820,3.1507,8.5000
sw1393,18.3131,12.2636,28.0000
sw1394,11.3523,9.3331,13.8066
sw1395,9.1964,7.0993,18.0000
sw1396,11.1852,7.0587,43.8600
sw1397,5.5348,2.3362,15.0000
sw1398,10.7603,6.3946,48.2850
sw1399,9.7433,7.0086,28.0000
sw1400,7.1554,4.2500,21.0000
sw1401,9.2319,5.9684,28.0000
sw1402,9.6820,6.1318,28.0000
sw1403,9.6994,5.7821,18.4215
sw1404,7.0902,4.6724,11.4895
sw1406,62.4596,55.0000,70.0000
sw1407,8.3328,4.8363,15.6290
sw1408,14.2023,10.8187,23.7696
sw1409,12.2394,9.5757,15.0568
sw1410,9.2006,6.4724,12.9500
sw1411,12.8379,8.5273,28.0000
sw1412,13.5767,9.9130,28.0000
sw1416,4.1834,2.4442,9.5000
sw1417,4.1816,2.4540,11.3300
sw1419,1.1303,0.3167,2.0000
tim003,3.3513,0.5447,15.6200
tlm012,6.6210,3.4066,25.8800
tlm021,11.6640,5.0471,38.7500
tlm044,3.5490,1.4143,12.5000
tlm046,2.3526,0.6132,12.0000
tlm048,2.8996,0.7500,19.9900
tlm055,4.5903,2.6641,15.0000
tlm065,6.3141,1.7429,29.2025
tlm090,5.0540,1.4212,28.0000
tlm099,2.2256,0.4088,10.3821
tlm109,5.8123,2.9203,18.1188
tlm110,4.6067,2.3239,15.0000
tlm115,1.9716,0.8897,12.0000
tlm151,8.6675,3.9743,38.0000
tlm152,3.7706,2.0000,11.7712
tlm157,4.0327,1.4524,29.9900
tlm167,4.2335,1.2709,25.9900
tlr019,9.4440,3.6310,41.3900
tnt009,13.9600,3.0000,42.0900
tnt011,2.5907,0.3910,23.0000
tnt012,7.7965,1.3626,25.0000
tnt036,6.2615,2.9086,30.7200
toy016,4.3843,1.6706,15.6600
toy022,5.5024,3.1340,9.1462
twn183,2.1373,1.1005,5.0000
twn368,2.6061,1.6919,7.4600
twn369,2.0492,1.5185,6.5000
twn370,2.2294,1.2500,5.9600
vid009,4.6367,3.4155,9.9630
vik032,9.2881,4.5941,29.8800
ww003,14.1076,5.8405,110.9585
ww004,12.4088,5.8405,98.0000
ww005,12.4913,7.2500,80.2800
ww006,14.5833,7.0086,60.1800
ww008,7.9759,3.9250,35.8200
ww010,7.5478,4.0000,33.4500
ww012,6.9719,2.2778,34.7409
ww021,5.2668,2.3362,24.9200
